frequency (Hz),magnitude L (dB),phase L (deg),magnitude R (dB),phase R (deg)
0.0000,6.2394,0.0000,6.2394,0.0000
5.8579,5.3946,-0.8067,5.3946,-0.8067
11.7159,5.7602,2.9142,5.7602,2.9142
17.5738,6.6715,2.7037,6.6715,2.7037
23.4318,7.5645,-1.3965,7.5645,-1.3965
29.2897,8.2136,-8.1292,8.2136,-8.1292
35.1477,8.5403,-16.4238,8.5403,-16.4238
41.0056,8.5234,-25.4568,8.5234,-25.4568
46.8636,8.1675,-34.5710,8.1675,-34.5710
52.7215,7.4926,-43.2256,7.4926,-43.2256
58.5794,6.5286,-50.9702,6.5286,-50.9702
64.4374,5.3113,-57.4225,5.3113,-57.4225
70.2953,3.8795,-62.2363,3.8795,-62.2363
76.1533,2.2777,-65.0589,2.2777,-65.0589
82.0112,0.5642,-65.4955,0.5642,-65.4955
87.8692,-1.1701,-63.1206,-1.1701,-63.1206
93.7271,-2.7772,-57.6372,-2.7772,-57.6372
99.5851,-4.0510,-49.2830,-4.0510,-49.2830
105.4430,-4.8053,-39.2554,-4.8053,-39.2554
111.3010,-5.0087,-29.3981,-5.0087,-29.3981
117.1589,-4.8056,-21.1248,-4.8056,-21.1248
123.0168,-4.3906,-14.8630,-4.3906,-14.8630
128.8748,-3.9059,-10.3828,-3.9059,-10.3828
134.7327,-3.4280,-7.2634,-3.4280,-7.2634
140.5907,-2.9899,-5.1207,-2.9899,-5.1207
146.4486,-2.6017,-3.6634,-2.6017,-3.6634
152.3066,-2.2633,-2.6848,-2.2633,-2.6848
158.1645,-1.9705,-2.0415,-1.9705,-2.0415
164.0225,-1.7178,-1.6342,-1.7178,-1.6342
169.8804,-1.4996,-1.3939,-1.4996,-1.3939
175.7383,-1.3110,-1.2724,-1.3110,-1.2724
181.5963,-1.1476,-1.2354,-1.1476,-1.2354
187.4542,-1.0056,-1.2586,-1.0056,-1.2586
193.3122,-0.8818,-1.3244,-0.8818,-1.3244
199.1701,-0.7736,-1.4202,-0.7736,-1.4202
205.0281,-0.6788,-1.5367,-0.6788,-1.5367
210.8860,-0.5953,-1.6672,-0.5953,-1.6672
216.7440,-0.5217,-1.8069,-0.5217,-1.8069
222.6019,-0.4566,-1.9520,-0.4566,-1.9520
228.4598,-0.3988,-2.0999,-0.3988,-2.0999
234.3178,-0.3475,-2.2489,-0.3475,-2.2489
240.1757,-0.3017,-2.3974,-0.3017,-2.3974
246.0337,-0.2607,-2.5445,-0.2607,-2.5445
251.8916,-0.2240,-2.6895,-0.2240,-2.6895
257.7496,-0.1911,-2.8320,-0.1911,-2.8320
263.6075,-0.1615,-2.9716,-0.1615,-2.9716
269.4655,-0.1348,-3.1082,-0.1348,-3.1082
275.3234,-0.1106,-3.2418,-0.1106,-3.2418
281.1814,-0.0888,-3.3722,-0.0888,-3.3722
287.0393,-0.0690,-3.4996,-0.0690,-3.4996
292.8972,-0.0510,-3.6240,-0.0510,-3.6240
298.7552,-0.0346,-3.7455,-0.0346,-3.7455
304.6131,-0.0197,-3.8642,-0.0197,-3.8642
310.4711,-0.0061,-3.9802,-0.0061,-3.9802
316.3290,0.0064,-4.0937,0.0064,-4.0937
322.1870,0.0178,-4.2048,0.0178,-4.2048
328.0449,0.0282,-4.3135,0.0282,-4.3135
333.9029,0.0378,-4.4202,0.0378,-4.4202
339.7608,0.0467,-4.5247,0.0467,-4.5247
345.6187,0.0548,-4.6274,0.0548,-4.6274
351.4767,0.0623,-4.7282,0.0623,-4.7282
357.3346,0.0692,-4.8274,0.0692,-4.8274
363.1926,0.0755,-4.9249,0.0755,-4.9249
369.0505,0.0814,-5.0210,0.0814,-5.0210
374.9085,0.0869,-5.1156,0.0869,-5.1156
380.7664,0.0919,-5.2089,0.0919,-5.2089
386.6244,0.0966,-5.3010,0.0966,-5.3010
392.4823,0.1010,-5.3920,0.1010,-5.3920
398.3402,0.1050,-5.4818,0.1050,-5.4818
404.1982,0.1088,-5.5706,0.1088,-5.5706
410.0561,0.1122,-5.6585,0.1122,-5.6585
415.9141,0.1155,-5.7455,0.1155,-5.7455
421.7720,0.1185,-5.8317,0.1185,-5.8317
427.6300,0.1214,-5.9170,0.1214,-5.9170
433.4879,0.1240,-6.0017,0.1240,-6.0017
439.3459,0.1265,-6.0856,0.1265,-6.0856
445.2038,0.1288,-6.1689,0.1288,-6.1689
451.0618,0.1309,-6.2516,0.1309,-6.2516
456.9197,0.1329,-6.3337,0.1329,-6.3337
462.7776,0.1348,-6.4154,0.1348,-6.4154
468.6356,0.1366,-6.4965,0.1366,-6.4965
474.4935,0.1382,-6.5771,0.1382,-6.5771
480.3515,0.1397,-6.6573,0.1397,-6.6573
486.2094,0.1412,-6.7371,0.1412,-6.7371
492.0674,0.1425,-6.8165,0.1425,-6.8165
497.9253,0.1438,-6.8955,0.1438,-6.8955
503.7833,0.1450,-6.9742,0.1450,-6.9742
509.6412,0.1461,-7.0526,0.1461,-7.0526
515.4991,0.1472,-7.1307,0.1472,-7.1307
521.3571,0.1482,-7.2085,0.1482,-7.2085
527.2150,0.1491,-7.2861,0.1491,-7.2861
533.0730,0.1500,-7.3634,0.1500,-7.3634
538.9309,0.1508,-7.4404,0.1508,-7.4404
544.7889,0.1515,-7.5173,0.1515,-7.5173
550.6468,0.1522,-7.5939,0.1522,-7.5939
556.5048,0.1529,-7.6704,0.1529,-7.6704
562.3627,0.1535,-7.7467,0.1535,-7.7467
568.2206,0.1541,-7.8228,0.1541,-7.8228
574.0786,0.1547,-7.8987,0.1547,-7.8987
579.9365,0.1552,-7.9746,0.1552,-7.9746
585.7945,0.1557,-8.0502,0.1557,-8.0502
591.6524,0.1561,-8.1258,0.1561,-8.1258
597.5104,0.1565,-8.2012,0.1565,-8.2012
603.3683,0.1569,-8.2765,0.1569,-8.2765
609.2263,0.1573,-8.3517,0.1573,-8.3517
615.0842,0.1576,-8.4268,0.1576,-8.4268
620.9422,0.1580,-8.5018,0.1580,-8.5018
626.8001,0.1583,-8.5767,0.1583,-8.5767
632.6580,0.1585,-8.6515,0.1585,-8.6515
638.5160,0.1588,-8.7262,0.1588,-8.7262
644.3739,0.1590,-8.8009,0.1590,-8.8009
650.2319,0.1592,-8.8755,0.1592,-8.8755
656.0898,0.1594,-8.9501,0.1594,-8.9501
661.9478,0.1596,-9.0246,0.1596,-9.0246
667.8057,0.1598,-9.0990,0.1598,-9.0990
673.6637,0.1599,-9.1734,0.1599,-9.1734
679.5216,0.1600,-9.2477,0.1600,-9.2477
685.3795,0.1602,-9.3220,0.1602,-9.3220
691.2375,0.1603,-9.3963,0.1603,-9.3963
697.0954,0.1604,-9.4705,0.1604,-9.4705
702.9534,0.1604,-9.5446,0.1604,-9.5446
708.8113,0.1605,-9.6188,0.1605,-9.6188
714.6693,0.1606,-9.6929,0.1606,-9.6929
720.5272,0.1606,-9.7670,0.1606,-9.7670
726.3852,0.1606,-9.8411,0.1606,-9.8411
732.2431,0.1607,-9.9151,0.1607,-9.9151
738.1010,0.1607,-9.9891,0.1607,-9.9891
743.9590,0.1607,-10.0631,0.1607,-10.0631
749.8169,0.1607,-10.1371,0.1607,-10.1371
755.6749,0.1607,-10.2110,0.1607,-10.2110
761.5328,0.1607,-10.2850,0.1607,-10.2850
767.3908,0.1606,-10.3589,0.1606,-10.3589
773.2487,0.1606,-10.4328,0.1606,-10.4328
779.1067,0.1606,-10.5067,0.1606,-10.5067
784.9646,0.1605,-10.5806,0.1605,-10.5806
790.8226,0.1605,-10.6545,0.1605,-10.6545
796.6805,0.1604,-10.7284,0.1604,-10.7284
802.5384,0.1603,-10.8023,0.1603,-10.8023
808.3964,0.1603,-10.8762,0.1603,-10.8762
814.2543,0.1602,-10.9500,0.1602,-10.9500
820.1123,0.1601,-11.0239,0.1601,-11.0239
825.9702,0.1600,-11.0978,0.1600,-11.0978
831.8282,0.1599,-11.1716,0.1599,-11.1716
837.6861,0.1598,-11.2455,0.1598,-11.2455
843.5441,0.1597,-11.3193,0.1597,-11.3193
849.4020,0.1596,-11.3932,0.1596,-11.3932
855.2599,0.1595,-11.4670,0.1595,-11.4670
861.1179,0.1594,-11.5409,0.1594,-11.5409
866.9758,0.1592,-11.6148,0.1592,-11.6148
872.8338,0.1591,-11.6886,0.1591,-11.6886
878.6917,0.1590,-11.7625,0.1590,-11.7625
884.5497,0.1588,-11.8364,0.1588,-11.8364
890.4076,0.1587,-11.9103,0.1587,-11.9103
896.2656,0.1585,-11.9841,0.1585,-11.9841
902.1235,0.1584,-12.0580,0.1584,-12.0580
907.9814,0.1582,-12.1319,0.1582,-12.1319
913.8394,0.1581,-12.2058,0.1581,-12.2058
919.6973,0.1579,-12.2797,0.1579,-12.2797
925.5553,0.1577,-12.3536,0.1577,-12.3536
931.4132,0.1576,-12.4275,0.1576,-12.4275
937.2712,0.1574,-12.5014,0.1574,-12.5014
943.1291,0.1572,-12.5754,0.1572,-12.5754
948.9871,0.1570,-12.6493,0.1570,-12.6493
954.8450,0.1569,-12.7232,0.1569,-12.7232
960.7030,0.1567,-12.7972,0.1567,-12.7972
966.5609,0.1565,-12.8711,0.1565,-12.8711
972.4188,0.1563,-12.9451,0.1563,-12.9451
978.2768,0.1561,-13.0191,0.1561,-13.0191
984.1347,0.1559,-13.0931,0.1559,-13.0931
989.9927,0.1557,-13.1670,0.1557,-13.1670
995.8506,0.1555,-13.2410,0.1555,-13.2410
1001.7086,0.1553,-13.3150,0.1553,-13.3150
1007.5665,0.1551,-13.3891,0.1551,-13.3891
1013.4245,0.1549,-13.4631,0.1549,-13.4631
1019.2824,0.1546,-13.5371,0.1546,-13.5371
1025.1403,0.1544,-13.6111,0.1544,-13.6111
1030.9983,0.1542,-13.6852,0.1542,-13.6852
1036.8562,0.1540,-13.7592,0.1540,-13.7592
1042.7142,0.1538,-13.8333,0.1538,-13.8333
1048.5721,0.1535,-13.9074,0.1535,-13.9074
1054.4301,0.1533,-13.9815,0.1533,-13.9815
1060.2880,0.1531,-14.0555,0.1531,-14.0555
1066.1460,0.1528,-14.1296,0.1528,-14.1296
1072.0039,0.1526,-14.2038,0.1526,-14.2038
1077.8619,0.1524,-14.2779,0.1524,-14.2779
1083.7198,0.1521,-14.3520,0.1521,-14.3520
1089.5777,0.1519,-14.4261,0.1519,-14.4261
1095.4357,0.1516,-14.5003,0.1516,-14.5003
1101.2936,0.1514,-14.5744,0.1514,-14.5744
1107.1516,0.1511,-14.6486,0.1511,-14.6486
1113.0095,0.1509,-14.7228,0.1509,-14.7228
1118.8675,0.1506,-14.7969,0.1506,-14.7969
1124.7254,0.1504,-14.8711,0.1504,-14.8711
1130.5834,0.1501,-14.9453,0.1501,-14.9453
1136.4413,0.1498,-15.0195,0.1498,-15.0195
1142.2992,0.1496,-15.0937,0.1496,-15.0937
1148.1572,0.1493,-15.1680,0.1493,-15.1680
1154.0151,0.1490,-15.2422,0.1490,-15.2422
1159.8731,0.1488,-15.3164,0.1488,-15.3164
1165.7310,0.1485,-15.3907,0.1485,-15.3907
1171.5890,0.1482,-15.4650,0.1482,-15.4650
1177.4469,0.1479,-15.5392,0.1479,-15.5392
1183.3049,0.1477,-15.6135,0.1477,-15.6135
1189.1628,0.1474,-15.6878,0.1474,-15.6878
1195.0207,0.1471,-15.7621,0.1471,-15.7621
1200.8787,0.1468,-15.8364,0.1468,-15.8364
1206.7366,0.1465,-15.9107,0.1465,-15.9107
1212.5946,0.1462,-15.9850,0.1462,-15.9850
1218.4525,0.1460,-16.0593,0.1460,-16.0593
1224.3105,0.1457,-16.1337,0.1457,-16.1337
1230.1684,0.1454,-16.2080,0.1454,-16.2080
1236.0264,0.1451,-16.2824,0.1451,-16.2824
1241.8843,0.1448,-16.3567,0.1448,-16.3567
1247.7423,0.1445,-16.4311,0.1445,-16.4311
1253.6002,0.1442,-16.5055,0.1442,-16.5055
1259.4581,0.1439,-16.5799,0.1439,-16.5799
1265.3161,0.1436,-16.6543,0.1436,-16.6543
1271.1740,0.1433,-16.7287,0.1433,-16.7287
1277.0320,0.1429,-16.8031,0.1429,-16.8031
1282.8899,0.1426,-16.8775,0.1426,-16.8775
1288.7479,0.1423,-16.9519,0.1423,-16.9519
1294.6058,0.1420,-17.0264,0.1420,-17.0264
1300.4638,0.1417,-17.1008,0.1417,-17.1008
1306.3217,0.1414,-17.1753,0.1414,-17.1753
1312.1796,0.1411,-17.2497,0.1411,-17.2497
1318.0376,0.1407,-17.3242,0.1407,-17.3242
1323.8955,0.1404,-17.3986,0.1404,-17.3986
1329.7535,0.1401,-17.4731,0.1401,-17.4731
1335.6114,0.1398,-17.5476,0.1398,-17.5476
1341.4694,0.1394,-17.6221,0.1394,-17.6221
1347.3273,0.1391,-17.6966,0.1391,-17.6966
1353.1853,0.1388,-17.7711,0.1388,-17.7711
1359.0432,0.1384,-17.8456,0.1384,-17.8456
1364.9011,0.1381,-17.9202,0.1381,-17.9202
1370.7591,0.1378,-17.9947,0.1378,-17.9947
1376.6170,0.1374,-18.0692,0.1374,-18.0692
1382.4750,0.1371,-18.1438,0.1371,-18.1438
1388.3329,0.1367,-18.2183,0.1367,-18.2183
1394.1909,0.1364,-18.2929,0.1364,-18.2929
1400.0488,0.1360,-18.3674,0.1360,-18.3674
1405.9068,0.1357,-18.4420,0.1357,-18.4420
1411.7647,0.1353,-18.5166,0.1353,-18.5166
1417.6227,0.1350,-18.5912,0.1350,-18.5912
1423.4806,0.1346,-18.6658,0.1346,-18.6658
1429.3385,0.1343,-18.7404,0.1343,-18.7404
1435.1965,0.1339,-18.8150,0.1339,-18.8150
1441.0544,0.1336,-18.8896,0.1336,-18.8896
1446.9124,0.1332,-18.9642,0.1332,-18.9642
1452.7703,0.1329,-19.0388,0.1329,-19.0388
1458.6283,0.1325,-19.1135,0.1325,-19.1135
1464.4862,0.1321,-19.1881,0.1321,-19.1881
1470.3442,0.1318,-19.2627,0.1318,-19.2627
1476.2021,0.1314,-19.3374,0.1314,-19.3374
1482.0600,0.1310,-19.4121,0.1310,-19.4121
1487.9180,0.1307,-19.4867,0.1307,-19.4867
1493.7759,0.1303,-19.5614,0.1303,-19.5614
1499.6339,0.1299,-19.6361,0.1299,-19.6361
1505.4918,0.1295,-19.7107,0.1295,-19.7107
1511.3498,0.1291,-19.7854,0.1291,-19.7854
1517.2077,0.1288,-19.8601,0.1288,-19.8601
1523.0657,0.1284,-19.9348,0.1284,-19.9348
1528.9236,0.1280,-20.0095,0.1280,-20.0095
1534.7815,0.1276,-20.0842,0.1276,-20.0842
1540.6395,0.1272,-20.1589,0.1272,-20.1589
1546.4974,0.1268,-20.2336,0.1268,-20.2336
1552.3554,0.1265,-20.3084,0.1265,-20.3084
1558.2133,0.1261,-20.3831,0.1261,-20.3831
1564.0713,0.1257,-20.4578,0.1257,-20.4578
1569.9292,0.1253,-20.5326,0.1253,-20.5326
1575.7872,0.1249,-20.6073,0.1249,-20.6073
1581.6451,0.1245,-20.6821,0.1245,-20.6821
1587.5031,0.1241,-20.7568,0.1241,-20.7568
1593.3610,0.1237,-20.8316,0.1237,-20.8316
1599.2189,0.1233,-20.9064,0.1233,-20.9064
1605.0769,0.1229,-20.9811,0.1229,-20.9811
1610.9348,0.1225,-21.0559,0.1225,-21.0559
1616.7928,0.1221,-21.1307,0.1221,-21.1307
1622.6507,0.1217,-21.2055,0.1217,-21.2055
1628.5087,0.1212,-21.2803,0.1212,-21.2803
1634.3666,0.1208,-21.3551,0.1208,-21.3551
1640.2246,0.1204,-21.4299,0.1204,-21.4299
1646.0825,0.1200,-21.5047,0.1200,-21.5047
1651.9404,0.1196,-21.5795,0.1196,-21.5795
1657.7984,0.1192,-21.6543,0.1192,-21.6543
1663.6563,0.1187,-21.7291,0.1187,-21.7291
1669.5143,0.1183,-21.8039,0.1183,-21.8039
1675.3722,0.1179,-21.8788,0.1179,-21.8788
1681.2302,0.1175,-21.9536,0.1175,-21.9536
1687.0881,0.1170,-22.0284,0.1170,-22.0284
1692.9461,0.1166,-22.1033,0.1166,-22.1033
1698.8040,0.1162,-22.1781,0.1162,-22.1781
1704.6619,0.1158,-22.2530,0.1158,-22.2530
1710.5199,0.1153,-22.3278,0.1153,-22.3278
1716.3778,0.1149,-22.4027,0.1149,-22.4027
1722.2358,0.1144,-22.4776,0.1144,-22.4776
1728.0937,0.1140,-22.5524,0.1140,-22.5524
1733.9517,0.1136,-22.6273,0.1136,-22.6273
1739.8096,0.1131,-22.7022,0.1131,-22.7022
1745.6676,0.1127,-22.7771,0.1127,-22.7771
1751.5255,0.1122,-22.8519,0.1122,-22.8519
1757.3835,0.1118,-22.9268,0.1118,-22.9268
1763.2414,0.1113,-23.0017,0.1113,-23.0017
1769.0993,0.1109,-23.0766,0.1109,-23.0766
1774.9573,0.1104,-23.1515,0.1104,-23.1515
1780.8152,0.1100,-23.2264,0.1100,-23.2264
1786.6732,0.1095,-23.3013,0.1095,-23.3013
1792.5311,0.1091,-23.3762,0.1091,-23.3762
1798.3891,0.1086,-23.4512,0.1086,-23.4512
1804.2470,0.1082,-23.5261,0.1082,-23.5261
1810.1050,0.1077,-23.6010,0.1077,-23.6010
1815.9629,0.1072,-23.6759,0.1072,-23.6759
1821.8208,0.1068,-23.7509,0.1068,-23.7509
1827.6788,0.1063,-23.8258,0.1063,-23.8258
1833.5367,0.1058,-23.9007,0.1058,-23.9007
1839.3947,0.1054,-23.9757,0.1054,-23.9757
1845.2526,0.1049,-24.0506,0.1049,-24.0506
1851.1106,0.1044,-24.1256,0.1044,-24.1256
1856.9685,0.1040,-24.2005,0.1040,-24.2005
1862.8265,0.1035,-24.2755,0.1035,-24.2755
1868.6844,0.1030,-24.3504,0.1030,-24.3504
1874.5423,0.1025,-24.4254,0.1025,-24.4254
1880.4003,0.1020,-24.5003,0.1020,-24.5003
1886.2582,0.1016,-24.5753,0.1016,-24.5753
1892.1162,0.1011,-24.6503,0.1011,-24.6503
1897.9741,0.1006,-24.7252,0.1006,-24.7252
1903.8321,0.1001,-24.8002,0.1001,-24.8002
1909.6900,0.0996,-24.8752,0.0996,-24.8752
1915.5480,0.0991,-24.9502,0.0991,-24.9502
1921.4059,0.0986,-25.0252,0.0986,-25.0252
1927.2639,0.0981,-25.1002,0.0981,-25.1002
1933.1218,0.0977,-25.1751,0.0977,-25.1751
1938.9797,0.0972,-25.2501,0.0972,-25.2501
1944.8377,0.0967,-25.3251,0.0967,-25.3251
1950.6956,0.0962,-25.4001,0.0962,-25.4001
1956.5536,0.0957,-25.4751,0.0957,-25.4751
1962.4115,0.0952,-25.5501,0.0952,-25.5501
1968.2695,0.0947,-25.6252,0.0947,-25.6252
1974.1274,0.0941,-25.7002,0.0941,-25.7002
1979.9854,0.0936,-25.7752,0.0936,-25.7752
1985.8433,0.0931,-25.8502,0.0931,-25.8502
1991.7012,0.0926,-25.9252,0.0926,-25.9252
1997.5592,0.0921,-26.0002,0.0921,-26.0002
2003.4171,0.0916,-26.0753,0.0916,-26.0753
2009.2751,0.0911,-26.1503,0.0911,-26.1503
2015.1330,0.0906,-26.2253,0.0906,-26.2253
2020.9910,0.0900,-26.3003,0.0900,-26.3003
2026.8489,0.0895,-26.3754,0.0895,-26.3754
2032.7069,0.0890,-26.4504,0.0890,-26.4504
2038.5648,0.0885,-26.5254,0.0885,-26.5254
2044.4227,0.0880,-26.6005,0.0880,-26.6005
2050.2807,0.0874,-26.6755,0.0874,-26.6755
2056.1386,0.0869,-26.7506,0.0869,-26.7506
2061.9966,0.0864,-26.8256,0.0864,-26.8256
2067.8545,0.0858,-26.9007,0.0858,-26.9007
2073.7125,0.0853,-26.9757,0.0853,-26.9757
2079.5704,0.0848,-27.0508,0.0848,-27.0508
2085.4284,0.0842,-27.1258,0.0842,-27.1258
2091.2863,0.0837,-27.2009,0.0837,-27.2009
2097.1443,0.0832,-27.2759,0.0832,-27.2759
2103.0022,0.0826,-27.3510,0.0826,-27.3510
2108.8601,0.0821,-27.4261,0.0821,-27.4261
2114.7181,0.0815,-27.5011,0.0815,-27.5011
2120.5760,0.0810,-27.5762,0.0810,-27.5762
2126.4340,0.0804,-27.6513,0.0804,-27.6513
2132.2919,0.0799,-27.7264,0.0799,-27.7264
2138.1499,0.0793,-27.8014,0.0793,-27.8014
2144.0078,0.0788,-27.8765,0.0788,-27.8765
2149.8658,0.0782,-27.9516,0.0782,-27.9516
2155.7237,0.0777,-28.0267,0.0777,-28.0267
2161.5816,0.0771,-28.1017,0.0771,-28.1017
2167.4396,0.0766,-28.1768,0.0766,-28.1768
2173.2975,0.0760,-28.2519,0.0760,-28.2519
2179.1555,0.0754,-28.3270,0.0754,-28.3270
2185.0134,0.0749,-28.4021,0.0749,-28.4021
2190.8714,0.0743,-28.4772,0.0743,-28.4772
2196.7293,0.0737,-28.5523,0.0737,-28.5523
2202.5873,0.0732,-28.6274,0.0732,-28.6274
2208.4452,0.0726,-28.7025,0.0726,-28.7025
2214.3031,0.0720,-28.7776,0.0720,-28.7776
2220.1611,0.0715,-28.8527,0.0715,-28.8527
2226.0190,0.0709,-28.9278,0.0709,-28.9278
2231.8770,0.0703,-29.0029,0.0703,-29.0029
2237.7349,0.0697,-29.0780,0.0697,-29.0780
2243.5929,0.0692,-29.1531,0.0692,-29.1531
2249.4508,0.0686,-29.2282,0.0686,-29.2282
2255.3088,0.0680,-29.3033,0.0680,-29.3033
2261.1667,0.0674,-29.3784,0.0674,-29.3784
2267.0247,0.0668,-29.4535,0.0668,-29.4535
2272.8826,0.0662,-29.5286,0.0662,-29.5286
2278.7405,0.0657,-29.6038,0.0657,-29.6038
2284.5985,0.0651,-29.6789,0.0651,-29.6789
2290.4564,0.0645,-29.7540,0.0645,-29.7540
2296.3144,0.0639,-29.8291,0.0639,-29.8291
2302.1723,0.0633,-29.9042,0.0633,-29.9042
2308.0303,0.0627,-29.9793,0.0627,-29.9793
2313.8882,0.0621,-30.0545,0.0621,-30.0545
2319.7462,0.0615,-30.1296,0.0615,-30.1296
2325.6041,0.0609,-30.2047,0.0609,-30.2047
2331.4620,0.0603,-30.2798,0.0603,-30.2798
2337.3200,0.0597,-30.3550,0.0597,-30.3550
2343.1779,0.0591,-30.4301,0.0591,-30.4301
2349.0359,0.0585,-30.5052,0.0585,-30.5052
2354.8938,0.0579,-30.5804,0.0579,-30.5804
2360.7518,0.0573,-30.6555,0.0573,-30.6555
2366.6097,0.0566,-30.7306,0.0566,-30.7306
2372.4677,0.0560,-30.8058,0.0560,-30.8058
2378.3256,0.0554,-30.8809,0.0554,-30.8809
2384.1835,0.0548,-30.9560,0.0548,-30.9560
2390.0415,0.0542,-31.0312,0.0542,-31.0312
2395.8994,0.0536,-31.1063,0.0536,-31.1063
2401.7574,0.0529,-31.1814,0.0529,-31.1814
2407.6153,0.0523,-31.2566,0.0523,-31.2566
2413.4733,0.0517,-31.3317,0.0517,-31.3317
2419.3312,0.0511,-31.4069,0.0511,-31.4069
2425.1892,0.0504,-31.4820,0.0504,-31.4820
2431.0471,0.0498,-31.5572,0.0498,-31.5572
2436.9051,0.0492,-31.6323,0.0492,-31.6323
2442.7630,0.0485,-31.7074,0.0485,-31.7074
2448.6209,0.0479,-31.7826,0.0479,-31.7826
2454.4789,0.0473,-31.8577,0.0473,-31.8577
2460.3368,0.0466,-31.9329,0.0466,-31.9329
2466.1948,0.0460,-32.0080,0.0460,-32.0080
2472.0527,0.0454,-32.0832,0.0454,-32.0832
2477.9107,0.0447,-32.1583,0.0447,-32.1583
2483.7686,0.0441,-32.2335,0.0441,-32.2335
2489.6266,0.0434,-32.3086,0.0434,-32.3086
2495.4845,0.0428,-32.3838,0.0428,-32.3838
2501.3424,0.0421,-32.4590,0.0421,-32.4590
2507.2004,0.0415,-32.5341,0.0415,-32.5341
2513.0583,0.0408,-32.6093,0.0408,-32.6093
2518.9163,0.0402,-32.6844,0.0402,-32.6844
2524.7742,0.0395,-32.7596,0.0395,-32.7596
2530.6322,0.0389,-32.8347,0.0389,-32.8347
2536.4901,0.0382,-32.9099,0.0382,-32.9099
2542.3481,0.0376,-32.9850,0.0376,-32.9850
2548.2060,0.0369,-33.0602,0.0369,-33.0602
2554.0639,0.0362,-33.1354,0.0362,-33.1354
2559.9219,0.0356,-33.2105,0.0356,-33.2105
2565.7798,0.0349,-33.2857,0.0349,-33.2857
2571.6378,0.0342,-33.3608,0.0342,-33.3608
2577.4957,0.0336,-33.4360,0.0336,-33.4360
2583.3537,0.0329,-33.5112,0.0329,-33.5112
2589.2116,0.0322,-33.5863,0.0322,-33.5863
2595.0696,0.0316,-33.6615,0.0316,-33.6615
2600.9275,0.0309,-33.7367,0.0309,-33.7367
2606.7855,0.0302,-33.8118,0.0302,-33.8118
2612.6434,0.0295,-33.8870,0.0295,-33.8870
2618.5013,0.0288,-33.9621,0.0288,-33.9621
2624.3593,0.0282,-34.0373,0.0282,-34.0373
2630.2172,0.0275,-34.1125,0.0275,-34.1125
2636.0752,0.0268,-34.1876,0.0268,-34.1876
2641.9331,0.0261,-34.2628,0.0261,-34.2628
2647.7911,0.0254,-34.3380,0.0254,-34.3380
2653.6490,0.0247,-34.4131,0.0247,-34.4131
2659.5070,0.0240,-34.4883,0.0240,-34.4883
2665.3649,0.0234,-34.5635,0.0234,-34.5635
2671.2228,0.0227,-34.6386,0.0227,-34.6386
2677.0808,0.0220,-34.7138,0.0220,-34.7138
2682.9387,0.0213,-34.7890,0.0213,-34.7890
2688.7967,0.0206,-34.8641,0.0206,-34.8641
2694.6546,0.0199,-34.9393,0.0199,-34.9393
2700.5126,0.0192,-35.0145,0.0192,-35.0145
2706.3705,0.0185,-35.0896,0.0185,-35.0896
2712.2285,0.0178,-35.1648,0.0178,-35.1648
2718.0864,0.0171,-35.2400,0.0171,-35.2400
2723.9443,0.0163,-35.3151,0.0163,-35.3151
2729.8023,0.0156,-35.3903,0.0156,-35.3903
2735.6602,0.0149,-35.4655,0.0149,-35.4655
2741.5182,0.0142,-35.5406,0.0142,-35.5406
2747.3761,0.0135,-35.6158,0.0135,-35.6158
2753.2341,0.0128,-35.6910,0.0128,-35.6910
2759.0920,0.0121,-35.7661,0.0121,-35.7661
2764.9500,0.0114,-35.8413,0.0114,-35.8413
2770.8079,0.0106,-35.9165,0.0106,-35.9165
2776.6659,0.0099,-35.9916,0.0099,-35.9916
2782.5238,0.0092,-36.0668,0.0092,-36.0668
2788.3817,0.0085,-36.1420,0.0085,-36.1420
2794.2397,0.0077,-36.2172,0.0077,-36.2172
2800.0976,0.0070,-36.2923,0.0070,-36.2923
2805.9556,0.0063,-36.3675,0.0063,-36.3675
2811.8135,0.0056,-36.4427,0.0056,-36.4427
2817.6715,0.0048,-36.5178,0.0048,-36.5178
2823.5294,0.0041,-36.5930,0.0041,-36.5930
2829.3874,0.0034,-36.6682,0.0034,-36.6682
2835.2453,0.0026,-36.7433,0.0026,-36.7433
2841.1032,0.0019,-36.8185,0.0019,-36.8185
2846.9612,0.0011,-36.8937,0.0011,-36.8937
2852.8191,0.0004,-36.9688,0.0004,-36.9688
2858.6771,-0.0003,-37.0440,-0.0003,-37.0440
2864.5350,-0.0011,-37.1192,-0.0011,-37.1192
2870.3930,-0.0018,-37.1943,-0.0018,-37.1943
2876.2509,-0.0026,-37.2695,-0.0026,-37.2695
2882.1089,-0.0033,-37.3447,-0.0033,-37.3447
2887.9668,-0.0041,-37.4198,-0.0041,-37.4198
2893.8247,-0.0048,-37.4950,-0.0048,-37.4950
2899.6827,-0.0056,-37.5701,-0.0056,-37.5701
2905.5406,-0.0063,-37.6453,-0.0063,-37.6453
2911.3986,-0.0071,-37.7205,-0.0071,-37.7205
2917.2565,-0.0079,-37.7956,-0.0079,-37.7956
2923.1145,-0.0086,-37.8708,-0.0086,-37.8708
2928.9724,-0.0094,-37.9460,-0.0094,-37.9460
2934.8304,-0.0101,-38.0211,-0.0101,-38.0211
2940.6883,-0.0109,-38.0963,-0.0109,-38.0963
2946.5463,-0.0117,-38.1714,-0.0117,-38.1714
2952.4042,-0.0124,-38.2466,-0.0124,-38.2466
2958.2621,-0.0132,-38.3218,-0.0132,-38.3218
2964.1201,-0.0140,-38.3969,-0.0140,-38.3969
2969.9780,-0.0147,-38.4721,-0.0147,-38.4721
2975.8360,-0.0155,-38.5473,-0.0155,-38.5473
2981.6939,-0.0163,-38.6224,-0.0163,-38.6224
2987.5519,-0.0171,-38.6976,-0.0171,-38.6976
2993.4098,-0.0178,-38.7727,-0.0178,-38.7727
2999.2678,-0.0186,-38.8479,-0.0186,-38.8479
3005.1257,-0.0194,-38.9230,-0.0194,-38.9230
3010.9836,-0.0202,-38.9982,-0.0202,-38.9982
3016.8416,-0.0210,-39.0734,-0.0210,-39.0734
3022.6995,-0.0218,-39.1485,-0.0218,-39.1485
3028.5575,-0.0225,-39.2237,-0.0225,-39.2237
3034.4154,-0.0233,-39.2988,-0.0233,-39.2988
3040.2734,-0.0241,-39.3740,-0.0241,-39.3740
3046.1313,-0.0249,-39.4491,-0.0249,-39.4491
3051.9893,-0.0257,-39.5243,-0.0257,-39.5243
3057.8472,-0.0265,-39.5994,-0.0265,-39.5994
3063.7052,-0.0273,-39.6746,-0.0273,-39.6746
3069.5631,-0.0281,-39.7497,-0.0281,-39.7497
3075.4210,-0.0289,-39.8249,-0.0289,-39.8249
3081.2790,-0.0297,-39.9000,-0.0297,-39.9000
3087.1369,-0.0305,-39.9752,-0.0305,-39.9752
3092.9949,-0.0313,-40.0503,-0.0313,-40.0503
3098.8528,-0.0321,-40.1255,-0.0321,-40.1255
3104.7108,-0.0329,-40.2006,-0.0329,-40.2006
3110.5687,-0.0337,-40.2758,-0.0337,-40.2758
3116.4267,-0.0345,-40.3509,-0.0345,-40.3509
3122.2846,-0.0353,-40.4261,-0.0353,-40.4261
3128.1425,-0.0362,-40.5012,-0.0362,-40.5012
3134.0005,-0.0370,-40.5764,-0.0370,-40.5764
3139.8584,-0.0378,-40.6515,-0.0378,-40.6515
3145.7164,-0.0386,-40.7266,-0.0386,-40.7266
3151.5743,-0.0394,-40.8018,-0.0394,-40.8018
3157.4323,-0.0402,-40.8769,-0.0402,-40.8769
3163.2902,-0.0411,-40.9521,-0.0411,-40.9521
3169.1482,-0.0419,-41.0272,-0.0419,-41.0272
3175.0061,-0.0427,-41.1023,-0.0427,-41.1023
3180.8640,-0.0435,-41.1775,-0.0435,-41.1775
3186.7220,-0.0444,-41.2526,-0.0444,-41.2526
3192.5799,-0.0452,-41.3278,-0.0452,-41.3278
3198.4379,-0.0460,-41.4029,-0.0460,-41.4029
3204.2958,-0.0469,-41.4780,-0.0469,-41.4780
3210.1538,-0.0477,-41.5532,-0.0477,-41.5532
3216.0117,-0.0485,-41.6283,-0.0485,-41.6283
3221.8697,-0.0494,-41.7034,-0.0494,-41.7034
3227.7276,-0.0502,-41.7786,-0.0502,-41.7786
3233.5856,-0.0510,-41.8537,-0.0510,-41.8537
3239.4435,-0.0519,-41.9288,-0.0519,-41.9288
3245.3014,-0.0527,-42.0039,-0.0527,-42.0039
3251.1594,-0.0536,-42.0791,-0.0536,-42.0791
3257.0173,-0.0544,-42.1542,-0.0544,-42.1542
3262.8753,-0.0553,-42.2293,-0.0553,-42.2293
3268.7332,-0.0561,-42.3045,-0.0561,-42.3045
3274.5912,-0.0570,-42.3796,-0.0570,-42.3796
3280.4491,-0.0578,-42.4547,-0.0578,-42.4547
3286.3071,-0.0587,-42.5298,-0.0587,-42.5298
3292.1650,-0.0595,-42.6049,-0.0595,-42.6049
3298.0229,-0.0604,-42.6801,-0.0604,-42.6801
3303.8809,-0.0612,-42.7552,-0.0612,-42.7552
3309.7388,-0.0621,-42.8303,-0.0621,-42.8303
3315.5968,-0.0629,-42.9054,-0.0629,-42.9054
3321.4547,-0.0638,-42.9805,-0.0638,-42.9805
3327.3127,-0.0647,-43.0557,-0.0647,-43.0557
3333.1706,-0.0655,-43.1308,-0.0655,-43.1308
3339.0286,-0.0664,-43.2059,-0.0664,-43.2059
3344.8865,-0.0673,-43.2810,-0.0673,-43.2810
3350.7444,-0.0681,-43.3561,-0.0681,-43.3561
3356.6024,-0.0690,-43.4312,-0.0690,-43.4312
3362.4603,-0.0699,-43.5063,-0.0699,-43.5063
3368.3183,-0.0707,-43.5814,-0.0707,-43.5814
3374.1762,-0.0716,-43.6565,-0.0716,-43.6565
3380.0342,-0.0725,-43.7316,-0.0725,-43.7316
3385.8921,-0.0734,-43.8068,-0.0734,-43.8068
3391.7501,-0.0743,-43.8819,-0.0743,-43.8819
3397.6080,-0.0751,-43.9570,-0.0751,-43.9570
3403.4660,-0.0760,-44.0321,-0.0760,-44.0321
3409.3239,-0.0769,-44.1072,-0.0769,-44.1072
3415.1818,-0.0778,-44.1823,-0.0778,-44.1823
3421.0398,-0.0787,-44.2574,-0.0787,-44.2574
3426.8977,-0.0796,-44.3325,-0.0796,-44.3325
3432.7557,-0.0804,-44.4076,-0.0804,-44.4076
3438.6136,-0.0813,-44.4826,-0.0813,-44.4826
3444.4716,-0.0822,-44.5577,-0.0822,-44.5577
3450.3295,-0.0831,-44.6328,-0.0831,-44.6328
3456.1875,-0.0840,-44.7079,-0.0840,-44.7079
3462.0454,-0.0849,-44.7830,-0.0849,-44.7830
3467.9033,-0.0858,-44.8581,-0.0858,-44.8581
3473.7613,-0.0867,-44.9332,-0.0867,-44.9332
3479.6192,-0.0876,-45.0083,-0.0876,-45.0083
3485.4772,-0.0885,-45.0834,-0.0885,-45.0834
3491.3351,-0.0894,-45.1585,-0.0894,-45.1585
3497.1931,-0.0903,-45.2335,-0.0903,-45.2335
3503.0510,-0.0912,-45.3086,-0.0912,-45.3086
3508.9090,-0.0921,-45.3837,-0.0921,-45.3837
3514.7669,-0.0930,-45.4588,-0.0930,-45.4588
3520.6248,-0.0940,-45.5339,-0.0940,-45.5339
3526.4828,-0.0949,-45.6089,-0.0949,-45.6089
3532.3407,-0.0958,-45.6840,-0.0958,-45.6840
3538.1987,-0.0967,-45.7591,-0.0967,-45.7591
3544.0566,-0.0976,-45.8342,-0.0976,-45.8342
3549.9146,-0.0985,-45.9092,-0.0985,-45.9092
3555.7725,-0.0994,-45.9843,-0.0994,-45.9843
3561.6305,-0.1004,-46.0594,-0.1004,-46.0594
3567.4884,-0.1013,-46.1344,-0.1013,-46.1344
3573.3464,-0.1022,-46.2095,-0.1022,-46.2095
3579.2043,-0.1031,-46.2846,-0.1031,-46.2846
3585.0622,-0.1041,-46.3596,-0.1041,-46.3596
3590.9202,-0.1050,-46.4347,-0.1050,-46.4347
3596.7781,-0.1059,-46.5098,-0.1059,-46.5098
3602.6361,-0.1069,-46.5848,-0.1069,-46.5848
3608.4940,-0.1078,-46.6599,-0.1078,-46.6599
3614.3520,-0.1087,-46.7349,-0.1087,-46.7349
3620.2099,-0.1097,-46.8100,-0.1097,-46.8100
3626.0679,-0.1106,-46.8851,-0.1106,-46.8851
3631.9258,-0.1115,-46.9601,-0.1115,-46.9601
3637.7837,-0.1125,-47.0352,-0.1125,-47.0352
3643.6417,-0.1134,-47.1102,-0.1134,-47.1102
3649.4996,-0.1143,-47.1853,-0.1143,-47.1853
3655.3576,-0.1153,-47.2603,-0.1153,-47.2603
3661.2155,-0.1162,-47.3354,-0.1162,-47.3354
3667.0735,-0.1172,-47.4104,-0.1172,-47.4104
3672.9314,-0.1181,-47.4855,-0.1181,-47.4855
3678.7894,-0.1191,-47.5605,-0.1191,-47.5605
3684.6473,-0.1200,-47.6355,-0.1200,-47.6355
3690.5052,-0.1210,-47.7106,-0.1210,-47.7106
3696.3632,-0.1219,-47.7856,-0.1219,-47.7856
3702.2211,-0.1229,-47.8607,-0.1229,-47.8607
3708.0791,-0.1238,-47.9357,-0.1238,-47.9357
3713.9370,-0.1248,-48.0107,-0.1248,-48.0107
3719.7950,-0.1258,-48.0858,-0.1258,-48.0858
3725.6529,-0.1267,-48.1608,-0.1267,-48.1608
3731.5109,-0.1277,-48.2358,-0.1277,-48.2358
3737.3688,-0.1286,-48.3109,-0.1286,-48.3109
3743.2268,-0.1296,-48.3859,-0.1296,-48.3859
3749.0847,-0.1306,-48.4609,-0.1306,-48.4609
3754.9426,-0.1315,-48.5359,-0.1315,-48.5359
3760.8006,-0.1325,-48.6110,-0.1325,-48.6110
3766.6585,-0.1335,-48.6860,-0.1335,-48.6860
3772.5165,-0.1344,-48.7610,-0.1344,-48.7610
3778.3744,-0.1354,-48.8360,-0.1354,-48.8360
3784.2324,-0.1364,-48.9110,-0.1364,-48.9110
3790.0903,-0.1374,-48.9861,-0.1374,-48.9861
3795.9483,-0.1383,-49.0611,-0.1383,-49.0611
3801.8062,-0.1393,-49.1361,-0.1393,-49.1361
3807.6641,-0.1403,-49.2111,-0.1403,-49.2111
3813.5221,-0.1413,-49.2861,-0.1413,-49.2861
3819.3800,-0.1423,-49.3611,-0.1423,-49.3611
3825.2380,-0.1432,-49.4361,-0.1432,-49.4361
3831.0959,-0.1442,-49.5111,-0.1442,-49.5111
3836.9539,-0.1452,-49.5861,-0.1452,-49.5861
3842.8118,-0.1462,-49.6611,-0.1462,-49.6611
3848.6698,-0.1472,-49.7361,-0.1472,-49.7361
3854.5277,-0.1482,-49.8111,-0.1482,-49.8111
3860.3856,-0.1492,-49.8861,-0.1492,-49.8861
3866.2436,-0.1502,-49.9611,-0.1502,-49.9611
3872.1015,-0.1512,-50.0361,-0.1512,-50.0361
3877.9595,-0.1522,-50.1111,-0.1522,-50.1111
3883.8174,-0.1532,-50.1861,-0.1532,-50.1861
3889.6754,-0.1542,-50.2611,-0.1542,-50.2611
3895.5333,-0.1552,-50.3361,-0.1552,-50.3361
3901.3913,-0.1562,-50.4111,-0.1562,-50.4111
3907.2492,-0.1572,-50.4861,-0.1572,-50.4861
3913.1072,-0.1582,-50.5611,-0.1582,-50.5611
3918.9651,-0.1592,-50.6360,-0.1592,-50.6360
3924.8230,-0.1602,-50.7110,-0.1602,-50.7110
3930.6810,-0.1612,-50.7860,-0.1612,-50.7860
3936.5389,-0.1622,-50.8610,-0.1622,-50.8610
3942.3969,-0.1632,-50.9360,-0.1632,-50.9360
3948.2548,-0.1642,-51.0109,-0.1642,-51.0109
3954.1128,-0.1652,-51.0859,-0.1652,-51.0859
3959.9707,-0.1662,-51.1609,-0.1662,-51.1609
3965.8287,-0.1673,-51.2359,-0.1673,-51.2359
3971.6866,-0.1683,-51.3108,-0.1683,-51.3108
3977.5445,-0.1693,-51.3858,-0.1693,-51.3858
3983.4025,-0.1703,-51.4608,-0.1703,-51.4608
3989.2604,-0.1713,-51.5357,-0.1713,-51.5357
3995.1184,-0.1724,-51.6107,-0.1724,-51.6107
4000.9763,-0.1734,-51.6857,-0.1734,-51.6857
4006.8343,-0.1744,-51.7606,-0.1744,-51.7606
4012.6922,-0.1754,-51.8356,-0.1754,-51.8356
4018.5502,-0.1765,-51.9105,-0.1765,-51.9105
4024.4081,-0.1775,-51.9855,-0.1775,-51.9855
4030.2660,-0.1785,-52.0604,-0.1785,-52.0604
4036.1240,-0.1796,-52.1354,-0.1796,-52.1354
4041.9819,-0.1806,-52.2103,-0.1806,-52.2103
4047.8399,-0.1816,-52.2853,-0.1816,-52.2853
4053.6978,-0.1827,-52.3602,-0.1827,-52.3602
4059.5558,-0.1837,-52.4352,-0.1837,-52.4352
4065.4137,-0.1847,-52.5101,-0.1847,-52.5101
4071.2717,-0.1858,-52.5851,-0.1858,-52.5851
4077.1296,-0.1868,-52.6600,-0.1868,-52.6600
4082.9876,-0.1879,-52.7350,-0.1879,-52.7350
4088.8455,-0.1889,-52.8099,-0.1889,-52.8099
4094.7034,-0.1899,-52.8848,-0.1899,-52.8848
4100.5614,-0.1910,-52.9598,-0.1910,-52.9598
4106.4193,-0.1920,-53.0347,-0.1920,-53.0347
4112.2773,-0.1931,-53.1096,-0.1931,-53.1096
4118.1352,-0.1941,-53.1846,-0.1941,-53.1846
4123.9932,-0.1952,-53.2595,-0.1952,-53.2595
4129.8511,-0.1962,-53.3344,-0.1962,-53.3344
4135.7091,-0.1973,-53.4093,-0.1973,-53.4093
4141.5670,-0.1984,-53.4843,-0.1984,-53.4843
4147.4249,-0.1994,-53.5592,-0.1994,-53.5592
4153.2829,-0.2005,-53.6341,-0.2005,-53.6341
4159.1408,-0.2015,-53.7090,-0.2015,-53.7090
4164.9988,-0.2026,-53.7840,-0.2026,-53.7840
4170.8567,-0.2037,-53.8589,-0.2037,-53.8589
4176.7147,-0.2047,-53.9338,-0.2047,-53.9338
4182.5726,-0.2058,-54.0087,-0.2058,-54.0087
4188.4306,-0.2068,-54.0836,-0.2068,-54.0836
4194.2885,-0.2079,-54.1585,-0.2079,-54.1585
4200.1464,-0.2090,-54.2334,-0.2090,-54.2334
4206.0044,-0.2101,-54.3083,-0.2101,-54.3083
4211.8623,-0.2111,-54.3832,-0.2111,-54.3832
4217.7203,-0.2122,-54.4581,-0.2122,-54.4581
4223.5782,-0.2133,-54.5330,-0.2133,-54.5330
4229.4362,-0.2143,-54.6079,-0.2143,-54.6079
4235.2941,-0.2154,-54.6828,-0.2154,-54.6828
4241.1521,-0.2165,-54.7577,-0.2165,-54.7577
4247.0100,-0.2176,-54.8326,-0.2176,-54.8326
4252.8680,-0.2187,-54.9075,-0.2187,-54.9075
4258.7259,-0.2197,-54.9824,-0.2197,-54.9824
4264.5838,-0.2208,-55.0573,-0.2208,-55.0573
4270.4418,-0.2219,-55.1322,-0.2219,-55.1322
4276.2997,-0.2230,-55.2071,-0.2230,-55.2071
4282.1577,-0.2241,-55.2820,-0.2241,-55.2820
4288.0156,-0.2252,-55.3568,-0.2252,-55.3568
4293.8736,-0.2263,-55.4317,-0.2263,-55.4317
4299.7315,-0.2273,-55.5066,-0.2273,-55.5066
4305.5895,-0.2284,-55.5815,-0.2284,-55.5815
4311.4474,-0.2295,-55.6564,-0.2295,-55.6564
4317.3053,-0.2306,-55.7312,-0.2306,-55.7312
4323.1633,-0.2317,-55.8061,-0.2317,-55.8061
4329.0212,-0.2328,-55.8810,-0.2328,-55.8810
4334.8792,-0.2339,-55.9559,-0.2339,-55.9559
4340.7371,-0.2350,-56.0307,-0.2350,-56.0307
4346.5951,-0.2361,-56.1056,-0.2361,-56.1056
4352.4530,-0.2372,-56.1805,-0.2372,-56.1805
4358.3110,-0.2383,-56.2553,-0.2383,-56.2553
4364.1689,-0.2394,-56.3302,-0.2394,-56.3302
4370.0268,-0.2405,-56.4050,-0.2405,-56.4050
4375.8848,-0.2416,-56.4799,-0.2416,-56.4799
4381.7427,-0.2427,-56.5548,-0.2427,-56.5548
4387.6007,-0.2439,-56.6296,-0.2439,-56.6296
4393.4586,-0.2450,-56.7045,-0.2450,-56.7045
4399.3166,-0.2461,-56.7793,-0.2461,-56.7793
4405.1745,-0.2472,-56.8542,-0.2472,-56.8542
4411.0325,-0.2483,-56.9290,-0.2483,-56.9290
4416.8904,-0.2494,-57.0039,-0.2494,-57.0039
4422.7484,-0.2505,-57.0787,-0.2505,-57.0787
4428.6063,-0.2517,-57.1536,-0.2517,-57.1536
4434.4642,-0.2528,-57.2284,-0.2528,-57.2284
4440.3222,-0.2539,-57.3032,-0.2539,-57.3032
4446.1801,-0.2550,-57.3781,-0.2550,-57.3781
4452.0381,-0.2561,-57.4529,-0.2561,-57.4529
4457.8960,-0.2573,-57.5278,-0.2573,-57.5278
4463.7540,-0.2584,-57.6026,-0.2584,-57.6026
4469.6119,-0.2595,-57.6774,-0.2595,-57.6774
4475.4699,-0.2606,-57.7523,-0.2606,-57.7523
4481.3278,-0.2618,-57.8271,-0.2618,-57.8271
4487.1857,-0.2629,-57.9019,-0.2629,-57.9019
4493.0437,-0.2640,-57.9767,-0.2640,-57.9767
4498.9016,-0.2652,-58.0516,-0.2652,-58.0516
4504.7596,-0.2663,-58.1264,-0.2663,-58.1264
4510.6175,-0.2674,-58.2012,-0.2674,-58.2012
4516.4755,-0.2686,-58.2760,-0.2686,-58.2760
4522.3334,-0.2697,-58.3509,-0.2697,-58.3509
4528.1914,-0.2708,-58.4257,-0.2708,-58.4257
4534.0493,-0.2720,-58.5005,-0.2720,-58.5005
4539.9072,-0.2731,-58.5753,-0.2731,-58.5753
4545.7652,-0.2743,-58.6501,-0.2743,-58.6501
4551.6231,-0.2754,-58.7249,-0.2754,-58.7249
4557.4811,-0.2766,-58.7997,-0.2766,-58.7997
4563.3390,-0.2777,-58.8745,-0.2777,-58.8745
4569.1970,-0.2789,-58.9493,-0.2789,-58.9493
4575.0549,-0.2800,-59.0241,-0.2800,-59.0241
4580.9129,-0.2811,-59.0989,-0.2811,-59.0989
4586.7708,-0.2823,-59.1737,-0.2823,-59.1737
4592.6288,-0.2835,-59.2486,-0.2835,-59.2486
4598.4867,-0.2846,-59.3233,-0.2846,-59.3233
4604.3446,-0.2858,-59.3981,-0.2858,-59.3981
4610.2026,-0.2869,-59.4729,-0.2869,-59.4729
4616.0605,-0.2881,-59.5477,-0.2881,-59.5477
4621.9185,-0.2892,-59.6225,-0.2892,-59.6225
4627.7764,-0.2904,-59.6973,-0.2904,-59.6973
4633.6344,-0.2915,-59.7721,-0.2915,-59.7721
4639.4923,-0.2927,-59.8469,-0.2927,-59.8469
4645.3503,-0.2939,-59.9217,-0.2939,-59.9217
4651.2082,-0.2950,-59.9965,-0.2950,-59.9965
4657.0661,-0.2962,-60.0712,-0.2962,-60.0712
4662.9241,-0.2974,-60.1460,-0.2974,-60.1460
4668.7820,-0.2985,-60.2208,-0.2985,-60.2208
4674.6400,-0.2997,-60.2956,-0.2997,-60.2956
4680.4979,-0.3009,-60.3703,-0.3009,-60.3703
4686.3559,-0.3020,-60.4451,-0.3020,-60.4451
4692.2138,-0.3032,-60.5199,-0.3032,-60.5199
4698.0718,-0.3044,-60.5947,-0.3044,-60.5947
4703.9297,-0.3056,-60.6694,-0.3056,-60.6694
4709.7876,-0.3067,-60.7442,-0.3067,-60.7442
4715.6456,-0.3079,-60.8190,-0.3079,-60.8190
4721.5035,-0.3091,-60.8937,-0.3091,-60.8937
4727.3615,-0.3103,-60.9685,-0.3103,-60.9685
4733.2194,-0.3115,-61.0433,-0.3115,-61.0433
4739.0774,-0.3126,-61.1180,-0.3126,-61.1180
4744.9353,-0.3138,-61.1928,-0.3138,-61.1928
4750.7933,-0.3150,-61.2675,-0.3150,-61.2675
4756.6512,-0.3162,-61.3423,-0.3162,-61.3423
4762.5092,-0.3174,-61.4171,-0.3174,-61.4171
4768.3671,-0.3186,-61.4918,-0.3186,-61.4918
4774.2250,-0.3198,-61.5666,-0.3198,-61.5666
4780.0830,-0.3209,-61.6413,-0.3209,-61.6413
4785.9409,-0.3221,-61.7161,-0.3221,-61.7161
4791.7989,-0.3233,-61.7908,-0.3233,-61.7908
4797.6568,-0.3245,-61.8655,-0.3245,-61.8655
4803.5148,-0.3257,-61.9403,-0.3257,-61.9403
4809.3727,-0.3269,-62.0150,-0.3269,-62.0150
4815.2307,-0.3281,-62.0898,-0.3281,-62.0898
4821.0886,-0.3293,-62.1645,-0.3293,-62.1645
4826.9465,-0.3305,-62.2392,-0.3305,-62.2392
4832.8045,-0.3317,-62.3140,-0.3317,-62.3140
4838.6624,-0.3329,-62.3887,-0.3329,-62.3887
4844.5204,-0.3341,-62.4635,-0.3341,-62.4635
4850.3783,-0.3353,-62.5382,-0.3353,-62.5382
4856.2363,-0.3365,-62.6129,-0.3365,-62.6129
4862.0942,-0.3377,-62.6876,-0.3377,-62.6876
4867.9522,-0.3389,-62.7624,-0.3389,-62.7624
4873.8101,-0.3401,-62.8371,-0.3401,-62.8371
4879.6680,-0.3414,-62.9118,-0.3414,-62.9118
4885.5260,-0.3426,-62.9865,-0.3426,-62.9865
4891.3839,-0.3438,-63.0613,-0.3438,-63.0613
4897.2419,-0.3450,-63.1360,-0.3450,-63.1360
4903.0998,-0.3462,-63.2107,-0.3462,-63.2107
4908.9578,-0.3474,-63.2854,-0.3474,-63.2854
4914.8157,-0.3486,-63.3601,-0.3486,-63.3601
4920.6737,-0.3499,-63.4349,-0.3499,-63.4349
4926.5316,-0.3511,-63.5096,-0.3511,-63.5096
4932.3896,-0.3523,-63.5843,-0.3523,-63.5843
4938.2475,-0.3535,-63.6590,-0.3535,-63.6590
4944.1054,-0.3547,-63.7337,-0.3547,-63.7337
4949.9634,-0.3560,-63.8084,-0.3560,-63.8084
4955.8213,-0.3572,-63.8831,-0.3572,-63.8831
4961.6793,-0.3584,-63.9578,-0.3584,-63.9578
4967.5372,-0.3596,-64.0325,-0.3596,-64.0325
4973.3952,-0.3609,-64.1072,-0.3609,-64.1072
4979.2531,-0.3621,-64.1819,-0.3621,-64.1819
4985.1111,-0.3633,-64.2566,-0.3633,-64.2566
4990.9690,-0.3646,-64.3313,-0.3646,-64.3313
4996.8269,-0.3658,-64.4060,-0.3658,-64.4060
5002.6849,-0.3670,-64.4807,-0.3670,-64.4807
5008.5428,-0.3683,-64.5554,-0.3683,-64.5554
5014.4008,-0.3695,-64.6301,-0.3695,-64.6301
5020.2587,-0.3707,-64.7048,-0.3707,-64.7048
5026.1167,-0.3720,-64.7795,-0.3720,-64.7795
5031.9746,-0.3732,-64.8542,-0.3732,-64.8542
5037.8326,-0.3744,-64.9288,-0.3744,-64.9288
5043.6905,-0.3757,-65.0035,-0.3757,-65.0035
5049.5485,-0.3769,-65.0782,-0.3769,-65.0782
5055.4064,-0.3782,-65.1529,-0.3782,-65.1529
5061.2643,-0.3794,-65.2276,-0.3794,-65.2276
5067.1223,-0.3807,-65.3023,-0.3807,-65.3023
5072.9802,-0.3819,-65.3769,-0.3819,-65.3769
5078.8382,-0.3832,-65.4516,-0.3832,-65.4516
5084.6961,-0.3844,-65.5263,-0.3844,-65.5263
5090.5541,-0.3857,-65.6010,-0.3857,-65.6010
5096.4120,-0.3869,-65.6756,-0.3869,-65.6756
5102.2700,-0.3882,-65.7503,-0.3882,-65.7503
5108.1279,-0.3894,-65.8250,-0.3894,-65.8250
5113.9858,-0.3907,-65.8997,-0.3907,-65.8997
5119.8438,-0.3919,-65.9743,-0.3919,-65.9743
5125.7017,-0.3932,-66.0490,-0.3932,-66.0490
5131.5597,-0.3944,-66.1237,-0.3944,-66.1237
5137.4176,-0.3957,-66.1983,-0.3957,-66.1983
5143.2756,-0.3970,-66.2730,-0.3970,-66.2730
5149.1335,-0.3982,-66.3476,-0.3982,-66.3476
5154.9915,-0.3995,-66.4223,-0.3995,-66.4223
5160.8494,-0.4007,-66.4970,-0.4007,-66.4970
5166.7073,-0.4020,-66.5716,-0.4020,-66.5716
5172.5653,-0.4033,-66.6463,-0.4033,-66.6463
5178.4232,-0.4045,-66.7209,-0.4045,-66.7209
5184.2812,-0.4058,-66.7956,-0.4058,-66.7956
5190.1391,-0.4071,-66.8702,-0.4071,-66.8702
5195.9971,-0.4084,-66.9449,-0.4084,-66.9449
5201.8550,-0.4096,-67.0195,-0.4096,-67.0195
5207.7130,-0.4109,-67.0942,-0.4109,-67.0942
5213.5709,-0.4122,-67.1688,-0.4122,-67.1688
5219.4289,-0.4134,-67.2435,-0.4134,-67.2435
5225.2868,-0.4147,-67.3181,-0.4147,-67.3181
5231.1447,-0.4160,-67.3928,-0.4160,-67.3928
5237.0027,-0.4173,-67.4674,-0.4173,-67.4674
5242.8606,-0.4185,-67.5421,-0.4185,-67.5421
5248.7186,-0.4198,-67.6167,-0.4198,-67.6167
5254.5765,-0.4211,-67.6913,-0.4211,-67.6913
5260.4345,-0.4224,-67.7660,-0.4224,-67.7660
5266.2924,-0.4237,-67.8406,-0.4237,-67.8406
5272.1504,-0.4250,-67.9153,-0.4250,-67.9153
5278.0083,-0.4262,-67.9899,-0.4262,-67.9899
5283.8662,-0.4275,-68.0645,-0.4275,-68.0645
5289.7242,-0.4288,-68.1392,-0.4288,-68.1392
5295.5821,-0.4301,-68.2138,-0.4301,-68.2138
5301.4401,-0.4314,-68.2884,-0.4314,-68.2884
5307.2980,-0.4327,-68.3631,-0.4327,-68.3631
5313.1560,-0.4340,-68.4377,-0.4340,-68.4377
5319.0139,-0.4353,-68.5123,-0.4353,-68.5123
5324.8719,-0.4366,-68.5869,-0.4366,-68.5869
5330.7298,-0.4379,-68.6616,-0.4379,-68.6616
5336.5877,-0.4391,-68.7362,-0.4391,-68.7362
5342.4457,-0.4404,-68.8108,-0.4404,-68.8108
5348.3036,-0.4417,-68.8854,-0.4417,-68.8854
5354.1616,-0.4430,-68.9600,-0.4430,-68.9600
5360.0195,-0.4443,-69.0347,-0.4443,-69.0347
5365.8775,-0.4456,-69.1093,-0.4456,-69.1093
5371.7354,-0.4469,-69.1839,-0.4469,-69.1839
5377.5934,-0.4482,-69.2585,-0.4482,-69.2585
5383.4513,-0.4495,-69.3331,-0.4495,-69.3331
5389.3093,-0.4509,-69.4078,-0.4509,-69.4078
5395.1672,-0.4522,-69.4824,-0.4522,-69.4824
5401.0251,-0.4535,-69.5570,-0.4535,-69.5570
5406.8831,-0.4548,-69.6316,-0.4548,-69.6316
5412.7410,-0.4561,-69.7062,-0.4561,-69.7062
5418.5990,-0.4574,-69.7808,-0.4574,-69.7808
5424.4569,-0.4587,-69.8554,-0.4587,-69.8554
5430.3149,-0.4600,-69.9300,-0.4600,-69.9300
5436.1728,-0.4613,-70.0046,-0.4613,-70.0046
5442.0308,-0.4626,-70.0792,-0.4626,-70.0792
5447.8887,-0.4640,-70.1538,-0.4640,-70.1538
5453.7466,-0.4653,-70.2284,-0.4653,-70.2284
5459.6046,-0.4666,-70.3030,-0.4666,-70.3030
5465.4625,-0.4679,-70.3776,-0.4679,-70.3776
5471.3205,-0.4692,-70.4522,-0.4692,-70.4522
5477.1784,-0.4706,-70.5268,-0.4706,-70.5268
5483.0364,-0.4719,-70.6014,-0.4719,-70.6014
5488.8943,-0.4732,-70.6760,-0.4732,-70.6760
5494.7523,-0.4745,-70.7506,-0.4745,-70.7506
5500.6102,-0.4758,-70.8252,-0.4758,-70.8252
5506.4681,-0.4772,-70.8998,-0.4772,-70.8998
5512.3261,-0.4785,-70.9744,-0.4785,-70.9744
5518.1840,-0.4798,-71.0490,-0.4798,-71.0490
5524.0420,-0.4812,-71.1236,-0.4812,-71.1236
5529.8999,-0.4825,-71.1982,-0.4825,-71.1982
5535.7579,-0.4838,-71.2728,-0.4838,-71.2728
5541.6158,-0.4851,-71.3474,-0.4851,-71.3474
5547.4738,-0.4865,-71.4220,-0.4865,-71.4220
5553.3317,-0.4878,-71.4966,-0.4878,-71.4966
5559.1897,-0.4891,-71.5712,-0.4891,-71.5712
5565.0476,-0.4905,-71.6457,-0.4905,-71.6457
5570.9055,-0.4918,-71.7203,-0.4918,-71.7203
5576.7635,-0.4932,-71.7949,-0.4932,-71.7949
5582.6214,-0.4945,-71.8695,-0.4945,-71.8695
5588.4794,-0.4958,-71.9441,-0.4958,-71.9441
5594.3373,-0.4972,-72.0187,-0.4972,-72.0187
5600.1953,-0.4985,-72.0932,-0.4985,-72.0932
5606.0532,-0.4999,-72.1678,-0.4999,-72.1678
5611.9112,-0.5012,-72.2424,-0.5012,-72.2424
5617.7691,-0.5026,-72.3170,-0.5026,-72.3170
5623.6270,-0.5039,-72.3916,-0.5039,-72.3916
5629.4850,-0.5052,-72.4661,-0.5052,-72.4661
5635.3429,-0.5066,-72.5407,-0.5066,-72.5407
5641.2009,-0.5079,-72.6153,-0.5079,-72.6153
5647.0588,-0.5093,-72.6899,-0.5093,-72.6899
5652.9168,-0.5106,-72.7644,-0.5106,-72.7644
5658.7747,-0.5120,-72.8390,-0.5120,-72.8390
5664.6327,-0.5133,-72.9136,-0.5133,-72.9136
5670.4906,-0.5147,-72.9882,-0.5147,-72.9882
5676.3485,-0.5161,-73.0627,-0.5161,-73.0627
5682.2065,-0.5174,-73.1373,-0.5174,-73.1373
5688.0644,-0.5188,-73.2119,-0.5188,-73.2119
5693.9224,-0.5201,-73.2864,-0.5201,-73.2864
5699.7803,-0.5215,-73.3610,-0.5215,-73.3610
5705.6383,-0.5228,-73.4356,-0.5228,-73.4356
5711.4962,-0.5242,-73.5101,-0.5242,-73.5101
5717.3542,-0.5256,-73.5847,-0.5256,-73.5847
5723.2121,-0.5269,-73.6593,-0.5269,-73.6593
5729.0701,-0.5283,-73.7338,-0.5283,-73.7338
5734.9280,-0.5297,-73.8084,-0.5297,-73.8084
5740.7859,-0.5310,-73.8830,-0.5310,-73.8830
5746.6439,-0.5324,-73.9575,-0.5324,-73.9575
5752.5018,-0.5338,-74.0321,-0.5338,-74.0321
5758.3598,-0.5351,-74.1067,-0.5351,-74.1067
5764.2177,-0.5365,-74.1812,-0.5365,-74.1812
5770.0757,-0.5379,-74.2558,-0.5379,-74.2558
5775.9336,-0.5392,-74.3303,-0.5392,-74.3303
5781.7916,-0.5406,-74.4049,-0.5406,-74.4049
5787.6495,-0.5420,-74.4795,-0.5420,-74.4795
5793.5074,-0.5434,-74.5540,-0.5434,-74.5540
5799.3654,-0.5447,-74.6286,-0.5447,-74.6286
5805.2233,-0.5461,-74.7031,-0.5461,-74.7031
5811.0813,-0.5475,-74.7777,-0.5475,-74.7777
5816.9392,-0.5489,-74.8523,-0.5489,-74.8523
5822.7972,-0.5503,-74.9268,-0.5503,-74.9268
5828.6551,-0.5516,-75.0014,-0.5516,-75.0014
5834.5131,-0.5530,-75.0759,-0.5530,-75.0759
5840.3710,-0.5544,-75.1505,-0.5544,-75.1505
5846.2289,-0.5558,-75.2250,-0.5558,-75.2250
5852.0869,-0.5572,-75.2996,-0.5572,-75.2996
5857.9448,-0.5586,-75.3742,-0.5586,-75.3742
5863.8028,-0.5599,-75.4487,-0.5599,-75.4487
5869.6607,-0.5613,-75.5233,-0.5613,-75.5233
5875.5187,-0.5627,-75.5978,-0.5627,-75.5978
5881.3766,-0.5641,-75.6724,-0.5641,-75.6724
5887.2346,-0.5655,-75.7469,-0.5655,-75.7469
5893.0925,-0.5669,-75.8215,-0.5669,-75.8215
5898.9505,-0.5683,-75.8960,-0.5683,-75.8960
5904.8084,-0.5697,-75.9706,-0.5697,-75.9706
5910.6663,-0.5711,-76.0451,-0.5711,-76.0451
5916.5243,-0.5725,-76.1197,-0.5725,-76.1197
5922.3822,-0.5739,-76.1942,-0.5739,-76.1942
5928.2402,-0.5753,-76.2688,-0.5753,-76.2688
5934.0981,-0.5767,-76.3433,-0.5767,-76.3433
5939.9561,-0.5781,-76.4179,-0.5781,-76.4179
5945.8140,-0.5795,-76.4924,-0.5795,-76.4924
5951.6720,-0.5809,-76.5670,-0.5809,-76.5670
5957.5299,-0.5823,-76.6415,-0.5823,-76.6415
5963.3878,-0.5837,-76.7160,-0.5837,-76.7160
5969.2458,-0.5851,-76.7906,-0.5851,-76.7906
5975.1037,-0.5865,-76.8651,-0.5865,-76.8651
5980.9617,-0.5879,-76.9397,-0.5879,-76.9397
5986.8196,-0.5893,-77.0142,-0.5893,-77.0142
5992.6776,-0.5907,-77.0888,-0.5907,-77.0888
5998.5355,-0.5921,-77.1633,-0.5921,-77.1633
6004.3935,-0.5935,-77.2379,-0.5935,-77.2379
6010.2514,-0.5949,-77.3124,-0.5949,-77.3124
6016.1093,-0.5963,-77.3870,-0.5963,-77.3870
6021.9673,-0.5977,-77.4615,-0.5977,-77.4615
6027.8252,-0.5992,-77.5360,-0.5992,-77.5360
6033.6832,-0.6006,-77.6106,-0.6006,-77.6106
6039.5411,-0.6020,-77.6851,-0.6020,-77.6851
6045.3991,-0.6034,-77.7597,-0.6034,-77.7597
6051.2570,-0.6048,-77.8342,-0.6048,-77.8342
6057.1150,-0.6062,-77.9088,-0.6062,-77.9088
6062.9729,-0.6077,-77.9833,-0.6077,-77.9833
6068.8309,-0.6091,-78.0578,-0.6091,-78.0578
6074.6888,-0.6105,-78.1324,-0.6105,-78.1324
6080.5467,-0.6119,-78.2069,-0.6119,-78.2069
6086.4047,-0.6133,-78.2815,-0.6133,-78.2815
6092.2626,-0.6148,-78.3560,-0.6148,-78.3560
6098.1206,-0.6162,-78.4305,-0.6162,-78.4305
6103.9785,-0.6176,-78.5051,-0.6176,-78.5051
6109.8365,-0.6190,-78.5796,-0.6190,-78.5796
6115.6944,-0.6205,-78.6542,-0.6205,-78.6542
6121.5524,-0.6219,-78.7287,-0.6219,-78.7287
6127.4103,-0.6233,-78.8033,-0.6233,-78.8033
6133.2682,-0.6248,-78.8778,-0.6248,-78.8778
6139.1262,-0.6262,-78.9523,-0.6262,-78.9523
6144.9841,-0.6276,-79.0269,-0.6276,-79.0269
6150.8421,-0.6291,-79.1014,-0.6291,-79.1014
6156.7000,-0.6305,-79.1760,-0.6305,-79.1760
6162.5580,-0.6319,-79.2505,-0.6319,-79.2505
6168.4159,-0.6334,-79.3250,-0.6334,-79.3250
6174.2739,-0.6348,-79.3996,-0.6348,-79.3996
6180.1318,-0.6362,-79.4741,-0.6362,-79.4741
6185.9897,-0.6377,-79.5487,-0.6377,-79.5487
6191.8477,-0.6391,-79.6232,-0.6391,-79.6232
6197.7056,-0.6406,-79.6978,-0.6406,-79.6978
6203.5636,-0.6420,-79.7723,-0.6420,-79.7723
6209.4215,-0.6434,-79.8468,-0.6434,-79.8468
6215.2795,-0.6449,-79.9214,-0.6449,-79.9214
6221.1374,-0.6463,-79.9959,-0.6463,-79.9959
6226.9954,-0.6478,-80.0705,-0.6478,-80.0705
6232.8533,-0.6492,-80.1450,-0.6492,-80.1450
6238.7113,-0.6507,-80.2195,-0.6507,-80.2195
6244.5692,-0.6521,-80.2941,-0.6521,-80.2941
6250.4271,-0.6536,-80.3686,-0.6536,-80.3686
6256.2851,-0.6550,-80.4432,-0.6550,-80.4432
6262.1430,-0.6565,-80.5177,-0.6565,-80.5177
6268.0010,-0.6579,-80.5923,-0.6579,-80.5923
6273.8589,-0.6594,-80.6668,-0.6594,-80.6668
6279.7169,-0.6608,-80.7413,-0.6608,-80.7413
6285.5748,-0.6623,-80.8159,-0.6623,-80.8159
6291.4328,-0.6637,-80.8904,-0.6637,-80.8904
6297.2907,-0.6652,-80.9650,-0.6652,-80.9650
6303.1486,-0.6666,-81.0395,-0.6666,-81.0395
6309.0066,-0.6681,-81.1141,-0.6681,-81.1141
6314.8645,-0.6696,-81.1886,-0.6696,-81.1886
6320.7225,-0.6710,-81.2631,-0.6710,-81.2631
6326.5804,-0.6725,-81.3377,-0.6725,-81.3377
6332.4384,-0.6740,-81.4122,-0.6740,-81.4122
6338.2963,-0.6754,-81.4868,-0.6754,-81.4868
6344.1543,-0.6769,-81.5613,-0.6769,-81.5613
6350.0122,-0.6783,-81.6359,-0.6783,-81.6359
6355.8701,-0.6798,-81.7104,-0.6798,-81.7104
6361.7281,-0.6813,-81.7850,-0.6813,-81.7850
6367.5860,-0.6827,-81.8595,-0.6827,-81.8595
6373.4440,-0.6842,-81.9340,-0.6842,-81.9340
6379.3019,-0.6857,-82.0086,-0.6857,-82.0086
6385.1599,-0.6872,-82.0831,-0.6872,-82.0831
6391.0178,-0.6886,-82.1577,-0.6886,-82.1577
6396.8758,-0.6901,-82.2322,-0.6901,-82.2322
6402.7337,-0.6916,-82.3068,-0.6916,-82.3068
6408.5917,-0.6930,-82.3813,-0.6930,-82.3813
6414.4496,-0.6945,-82.4559,-0.6945,-82.4559
6420.3075,-0.6960,-82.5304,-0.6960,-82.5304
6426.1655,-0.6975,-82.6050,-0.6975,-82.6050
6432.0234,-0.6989,-82.6795,-0.6989,-82.6795
6437.8814,-0.7004,-82.7541,-0.7004,-82.7541
6443.7393,-0.7019,-82.8286,-0.7019,-82.8286
6449.5973,-0.7034,-82.9032,-0.7034,-82.9032
6455.4552,-0.7049,-82.9777,-0.7049,-82.9777
6461.3132,-0.7063,-83.0523,-0.7063,-83.0523
6467.1711,-0.7078,-83.1268,-0.7078,-83.1268
6473.0290,-0.7093,-83.2014,-0.7093,-83.2014
6478.8870,-0.7108,-83.2759,-0.7108,-83.2759
6484.7449,-0.7123,-83.3505,-0.7123,-83.3505
6490.6029,-0.7138,-83.4250,-0.7138,-83.4250
6496.4608,-0.7153,-83.4996,-0.7153,-83.4996
6502.3188,-0.7168,-83.5742,-0.7168,-83.5742
6508.1767,-0.7182,-83.6487,-0.7182,-83.6487
6514.0347,-0.7197,-83.7233,-0.7197,-83.7233
6519.8926,-0.7212,-83.7978,-0.7212,-83.7978
6525.7505,-0.7227,-83.8724,-0.7227,-83.8724
6531.6085,-0.7242,-83.9469,-0.7242,-83.9469
6537.4664,-0.7257,-84.0215,-0.7257,-84.0215
6543.3244,-0.7272,-84.0961,-0.7272,-84.0961
6549.1823,-0.7287,-84.1706,-0.7287,-84.1706
6555.0403,-0.7302,-84.2452,-0.7302,-84.2452
6560.8982,-0.7317,-84.3197,-0.7317,-84.3197
6566.7562,-0.7332,-84.3943,-0.7332,-84.3943
6572.6141,-0.7347,-84.4689,-0.7347,-84.4689
6578.4721,-0.7362,-84.5434,-0.7362,-84.5434
6584.3300,-0.7377,-84.6180,-0.7377,-84.6180
6590.1879,-0.7392,-84.6926,-0.7392,-84.6926
6596.0459,-0.7407,-84.7671,-0.7407,-84.7671
6601.9038,-0.7422,-84.8417,-0.7422,-84.8417
6607.7618,-0.7437,-84.9163,-0.7437,-84.9163
6613.6197,-0.7452,-84.9908,-0.7452,-84.9908
6619.4777,-0.7467,-85.0654,-0.7467,-85.0654
6625.3356,-0.7482,-85.1400,-0.7482,-85.1400
6631.1936,-0.7497,-85.2145,-0.7497,-85.2145
6637.0515,-0.7512,-85.2891,-0.7512,-85.2891
6642.9094,-0.7527,-85.3637,-0.7527,-85.3637
6648.7674,-0.7543,-85.4382,-0.7543,-85.4382
6654.6253,-0.7558,-85.5128,-0.7558,-85.5128
6660.4833,-0.7573,-85.5874,-0.7573,-85.5874
6666.3412,-0.7588,-85.6620,-0.7588,-85.6620
6672.1992,-0.7603,-85.7365,-0.7603,-85.7365
6678.0571,-0.7618,-85.8111,-0.7618,-85.8111
6683.9151,-0.7633,-85.8857,-0.7633,-85.8857
6689.7730,-0.7649,-85.9603,-0.7649,-85.9603
6695.6309,-0.7664,-86.0348,-0.7664,-86.0348
6701.4889,-0.7679,-86.1094,-0.7679,-86.1094
6707.3468,-0.7694,-86.1840,-0.7694,-86.1840
6713.2048,-0.7709,-86.2586,-0.7709,-86.2586
6719.0627,-0.7725,-86.3332,-0.7725,-86.3332
6724.9207,-0.7740,-86.4078,-0.7740,-86.4078
6730.7786,-0.7755,-86.4823,-0.7755,-86.4823
6736.6366,-0.7770,-86.5569,-0.7770,-86.5569
6742.4945,-0.7786,-86.6315,-0.7786,-86.6315
6748.3525,-0.7801,-86.7061,-0.7801,-86.7061
6754.2104,-0.7816,-86.7807,-0.7816,-86.7807
6760.0683,-0.7831,-86.8553,-0.7831,-86.8553
6765.9263,-0.7847,-86.9299,-0.7847,-86.9299
6771.7842,-0.7862,-87.0044,-0.7862,-87.0044
6777.6422,-0.7877,-87.0790,-0.7877,-87.0790
6783.5001,-0.7893,-87.1536,-0.7893,-87.1536
6789.3581,-0.7908,-87.2282,-0.7908,-87.2282
6795.2160,-0.7923,-87.3028,-0.7923,-87.3028
6801.0740,-0.7939,-87.3774,-0.7939,-87.3774
6806.9319,-0.7954,-87.4520,-0.7954,-87.4520
6812.7898,-0.7969,-87.5266,-0.7969,-87.5266
6818.6478,-0.7985,-87.6012,-0.7985,-87.6012
6824.5057,-0.8000,-87.6758,-0.8000,-87.6758
6830.3637,-0.8015,-87.7504,-0.8015,-87.7504
6836.2216,-0.8031,-87.8250,-0.8031,-87.8250
6842.0796,-0.8046,-87.8996,-0.8046,-87.8996
6847.9375,-0.8062,-87.9742,-0.8062,-87.9742
6853.7955,-0.8077,-88.0488,-0.8077,-88.0488
6859.6534,-0.8093,-88.1234,-0.8093,-88.1234
6865.5113,-0.8108,-88.1980,-0.8108,-88.1980
6871.3693,-0.8123,-88.2726,-0.8123,-88.2726
6877.2272,-0.8139,-88.3473,-0.8139,-88.3473
6883.0852,-0.8154,-88.4219,-0.8154,-88.4219
6888.9431,-0.8170,-88.4965,-0.8170,-88.4965
6894.8011,-0.8185,-88.5711,-0.8185,-88.5711
6900.6590,-0.8201,-88.6457,-0.8201,-88.6457
6906.5170,-0.8216,-88.7203,-0.8216,-88.7203
6912.3749,-0.8232,-88.7949,-0.8232,-88.7949
6918.2329,-0.8247,-88.8696,-0.8247,-88.8696
6924.0908,-0.8263,-88.9442,-0.8263,-88.9442
6929.9487,-0.8278,-89.0188,-0.8278,-89.0188
6935.8067,-0.8294,-89.0934,-0.8294,-89.0934
6941.6646,-0.8310,-89.1680,-0.8310,-89.1680
6947.5226,-0.8325,-89.2427,-0.8325,-89.2427
6953.3805,-0.8341,-89.3173,-0.8341,-89.3173
6959.2385,-0.8356,-89.3919,-0.8356,-89.3919
6965.0964,-0.8372,-89.4665,-0.8372,-89.4665
6970.9544,-0.8387,-89.5412,-0.8387,-89.5412
6976.8123,-0.8403,-89.6158,-0.8403,-89.6158
6982.6702,-0.8419,-89.6904,-0.8419,-89.6904
6988.5282,-0.8434,-89.7651,-0.8434,-89.7651
6994.3861,-0.8450,-89.8397,-0.8450,-89.8397
7000.2441,-0.8466,-89.9143,-0.8466,-89.9143
7006.1020,-0.8481,-89.9890,-0.8481,-89.9890
7011.9600,-0.8497,-90.0636,-0.8497,-90.0636
7017.8179,-0.8513,-90.1383,-0.8513,-90.1383
7023.6759,-0.8528,-90.2129,-0.8528,-90.2129
7029.5338,-0.8544,-90.2875,-0.8544,-90.2875
7035.3918,-0.8560,-90.3622,-0.8560,-90.3622
7041.2497,-0.8575,-90.4368,-0.8575,-90.4368
7047.1076,-0.8591,-90.5115,-0.8591,-90.5115
7052.9656,-0.8607,-90.5861,-0.8607,-90.5861
7058.8235,-0.8623,-90.6608,-0.8623,-90.6608
7064.6815,-0.8638,-90.7354,-0.8638,-90.7354
7070.5394,-0.8654,-90.8101,-0.8654,-90.8101
7076.3974,-0.8670,-90.8848,-0.8670,-90.8848
7082.2553,-0.8686,-90.9594,-0.8686,-90.9594
7088.1133,-0.8701,-91.0341,-0.8701,-91.0341
7093.9712,-0.8717,-91.1087,-0.8717,-91.1087
7099.8291,-0.8733,-91.1834,-0.8733,-91.1834
7105.6871,-0.8749,-91.2580,-0.8749,-91.2580
7111.5450,-0.8765,-91.3327,-0.8765,-91.3327
7117.4030,-0.8780,-91.4074,-0.8780,-91.4074
7123.2609,-0.8796,-91.4821,-0.8796,-91.4821
7129.1189,-0.8812,-91.5567,-0.8812,-91.5567
7134.9768,-0.8828,-91.6314,-0.8828,-91.6314
7140.8348,-0.8844,-91.7061,-0.8844,-91.7061
7146.6927,-0.8860,-91.7807,-0.8860,-91.7807
7152.5506,-0.8875,-91.8554,-0.8875,-91.8554
7158.4086,-0.8891,-91.9301,-0.8891,-91.9301
7164.2665,-0.8907,-92.0048,-0.8907,-92.0048
7170.1245,-0.8923,-92.0794,-0.8923,-92.0794
7175.9824,-0.8939,-92.1541,-0.8939,-92.1541
7181.8404,-0.8955,-92.2288,-0.8955,-92.2288
7187.6983,-0.8971,-92.3035,-0.8971,-92.3035
7193.5563,-0.8987,-92.3782,-0.8987,-92.3782
7199.4142,-0.9003,-92.4529,-0.9003,-92.4529
7205.2722,-0.9019,-92.5276,-0.9019,-92.5276
7211.1301,-0.9035,-92.6023,-0.9035,-92.6023
7216.9880,-0.9051,-92.6770,-0.9051,-92.6770
7222.8460,-0.9067,-92.7517,-0.9067,-92.7517
7228.7039,-0.9083,-92.8264,-0.9083,-92.8264
7234.5619,-0.9099,-92.9011,-0.9099,-92.9011
7240.4198,-0.9115,-92.9758,-0.9115,-92.9758
7246.2778,-0.9131,-93.0505,-0.9131,-93.0505
7252.1357,-0.9147,-93.1252,-0.9147,-93.1252
7257.9937,-0.9163,-93.1999,-0.9163,-93.1999
7263.8516,-0.9179,-93.2746,-0.9179,-93.2746
7269.7095,-0.9195,-93.3493,-0.9195,-93.3493
7275.5675,-0.9211,-93.4240,-0.9211,-93.4240
7281.4254,-0.9227,-93.4987,-0.9227,-93.4987
7287.2834,-0.9243,-93.5734,-0.9243,-93.5734
7293.1413,-0.9259,-93.6482,-0.9259,-93.6482
7298.9993,-0.9275,-93.7229,-0.9275,-93.7229
7304.8572,-0.9291,-93.7976,-0.9291,-93.7976
7310.7152,-0.9307,-93.8723,-0.9307,-93.8723
7316.5731,-0.9324,-93.9471,-0.9324,-93.9471
7322.4310,-0.9340,-94.0218,-0.9340,-94.0218
7328.2890,-0.9356,-94.0965,-0.9356,-94.0965
7334.1469,-0.9372,-94.1713,-0.9372,-94.1713
7340.0049,-0.9388,-94.2460,-0.9388,-94.2460
7345.8628,-0.9404,-94.3207,-0.9404,-94.3207
7351.7208,-0.9420,-94.3955,-0.9420,-94.3955
7357.5787,-0.9437,-94.4702,-0.9437,-94.4702
7363.4367,-0.9453,-94.5449,-0.9453,-94.5449
7369.2946,-0.9469,-94.6197,-0.9469,-94.6197
7375.1526,-0.9485,-94.6944,-0.9485,-94.6944
7381.0105,-0.9501,-94.7692,-0.9501,-94.7692
7386.8684,-0.9518,-94.8439,-0.9518,-94.8439
7392.7264,-0.9534,-94.9187,-0.9534,-94.9187
7398.5843,-0.9550,-94.9935,-0.9550,-94.9935
7404.4423,-0.9566,-95.0682,-0.9566,-95.0682
7410.3002,-0.9583,-95.1430,-0.9583,-95.1430
7416.1582,-0.9599,-95.2177,-0.9599,-95.2177
7422.0161,-0.9615,-95.2925,-0.9615,-95.2925
7427.8741,-0.9632,-95.3673,-0.9632,-95.3673
7433.7320,-0.9648,-95.4420,-0.9648,-95.4420
7439.5899,-0.9664,-95.5168,-0.9664,-95.5168
7445.4479,-0.9680,-95.5916,-0.9680,-95.5916
7451.3058,-0.9697,-95.6664,-0.9697,-95.6664
7457.1638,-0.9713,-95.7411,-0.9713,-95.7411
7463.0217,-0.9729,-95.8159,-0.9729,-95.8159
7468.8797,-0.9746,-95.8907,-0.9746,-95.8907
7474.7376,-0.9762,-95.9655,-0.9762,-95.9655
7480.5956,-0.9778,-96.0403,-0.9778,-96.0403
7486.4535,-0.9795,-96.1150,-0.9795,-96.1150
7492.3114,-0.9811,-96.1898,-0.9811,-96.1898
7498.1694,-0.9828,-96.2646,-0.9828,-96.2646
7504.0273,-0.9844,-96.3394,-0.9844,-96.3394
7509.8853,-0.9860,-96.4142,-0.9860,-96.4142
7515.7432,-0.9877,-96.4890,-0.9877,-96.4890
7521.6012,-0.9893,-96.5638,-0.9893,-96.5638
7527.4591,-0.9910,-96.6386,-0.9910,-96.6386
7533.3171,-0.9926,-96.7134,-0.9926,-96.7134
7539.1750,-0.9943,-96.7882,-0.9943,-96.7882
7545.0330,-0.9959,-96.8631,-0.9959,-96.8631
7550.8909,-0.9976,-96.9379,-0.9976,-96.9379
7556.7488,-0.9992,-97.0127,-0.9992,-97.0127
7562.6068,-1.0009,-97.0875,-1.0009,-97.0875
7568.4647,-1.0025,-97.1623,-1.0025,-97.1623
7574.3227,-1.0042,-97.2371,-1.0042,-97.2371
7580.1806,-1.0058,-97.3120,-1.0058,-97.3120
7586.0386,-1.0075,-97.3868,-1.0075,-97.3868
7591.8965,-1.0091,-97.4616,-1.0091,-97.4616
7597.7545,-1.0108,-97.5365,-1.0108,-97.5365
7603.6124,-1.0124,-97.6113,-1.0124,-97.6113
7609.4703,-1.0141,-97.6861,-1.0141,-97.6861
7615.3283,-1.0157,-97.7610,-1.0157,-97.7610
7621.1862,-1.0174,-97.8358,-1.0174,-97.8358
7627.0442,-1.0191,-97.9107,-1.0191,-97.9107
7632.9021,-1.0207,-97.9855,-1.0207,-97.9855
7638.7601,-1.0224,-98.0604,-1.0224,-98.0604
7644.6180,-1.0240,-98.1352,-1.0240,-98.1352
7650.4760,-1.0257,-98.2101,-1.0257,-98.2101
7656.3339,-1.0274,-98.2849,-1.0274,-98.2849
7662.1918,-1.0290,-98.3598,-1.0290,-98.3598
7668.0498,-1.0307,-98.4347,-1.0307,-98.4347
7673.9077,-1.0324,-98.5095,-1.0324,-98.5095
7679.7657,-1.0340,-98.5844,-1.0340,-98.5844
7685.6236,-1.0357,-98.6593,-1.0357,-98.6593
7691.4816,-1.0374,-98.7341,-1.0374,-98.7341
7697.3395,-1.0390,-98.8090,-1.0390,-98.8090
7703.1975,-1.0407,-98.8839,-1.0407,-98.8839
7709.0554,-1.0424,-98.9588,-1.0424,-98.9588
7714.9134,-1.0440,-99.0337,-1.0440,-99.0337
7720.7713,-1.0457,-99.1086,-1.0457,-99.1086
7726.6292,-1.0474,-99.1834,-1.0474,-99.1834
7732.4872,-1.0491,-99.2583,-1.0491,-99.2583
7738.3451,-1.0507,-99.3332,-1.0507,-99.3332
7744.2031,-1.0524,-99.4081,-1.0524,-99.4081
7750.0610,-1.0541,-99.4830,-1.0541,-99.4830
7755.9190,-1.0558,-99.5579,-1.0558,-99.5579
7761.7769,-1.0575,-99.6328,-1.0575,-99.6328
7767.6349,-1.0591,-99.7077,-1.0591,-99.7077
7773.4928,-1.0608,-99.7827,-1.0608,-99.7827
7779.3507,-1.0625,-99.8576,-1.0625,-99.8576
7785.2087,-1.0642,-99.9325,-1.0642,-99.9325
7791.0666,-1.0659,-100.0074,-1.0659,-100.0074
7796.9246,-1.0676,-100.0823,-1.0676,-100.0823
7802.7825,-1.0692,-100.1573,-1.0692,-100.1573
7808.6405,-1.0709,-100.2322,-1.0709,-100.2322
7814.4984,-1.0726,-100.3071,-1.0726,-100.3071
7820.3564,-1.0743,-100.3821,-1.0743,-100.3821
7826.2143,-1.0760,-100.4570,-1.0760,-100.4570
7832.0722,-1.0777,-100.5319,-1.0777,-100.5319
7837.9302,-1.0794,-100.6069,-1.0794,-100.6069
7843.7881,-1.0811,-100.6818,-1.0811,-100.6818
7849.6461,-1.0828,-100.7568,-1.0828,-100.7568
7855.5040,-1.0845,-100.8317,-1.0845,-100.8317
7861.3620,-1.0861,-100.9067,-1.0861,-100.9067
7867.2199,-1.0878,-100.9816,-1.0878,-100.9816
7873.0779,-1.0895,-101.0566,-1.0895,-101.0566
7878.9358,-1.0912,-101.1316,-1.0912,-101.1316
7884.7938,-1.0929,-101.2065,-1.0929,-101.2065
7890.6517,-1.0946,-101.2815,-1.0946,-101.2815
7896.5096,-1.0963,-101.3565,-1.0963,-101.3565
7902.3676,-1.0980,-101.4315,-1.0980,-101.4315
7908.2255,-1.0997,-101.5064,-1.0997,-101.5064
7914.0835,-1.1014,-101.5814,-1.1014,-101.5814
7919.9414,-1.1031,-101.6564,-1.1031,-101.6564
7925.7994,-1.1048,-101.7314,-1.1048,-101.7314
7931.6573,-1.1066,-101.8064,-1.1066,-101.8064
7937.5153,-1.1083,-101.8814,-1.1083,-101.8814
7943.3732,-1.1100,-101.9564,-1.1100,-101.9564
7949.2311,-1.1117,-102.0314,-1.1117,-102.0314
7955.0891,-1.1134,-102.1064,-1.1134,-102.1064
7960.9470,-1.1151,-102.1814,-1.1151,-102.1814
7966.8050,-1.1168,-102.2564,-1.1168,-102.2564
7972.6629,-1.1185,-102.3314,-1.1185,-102.3314
7978.5209,-1.1202,-102.4064,-1.1202,-102.4064
7984.3788,-1.1219,-102.4815,-1.1219,-102.4815
7990.2368,-1.1237,-102.5565,-1.1237,-102.5565
7996.0947,-1.1254,-102.6315,-1.1254,-102.6315
8001.9526,-1.1271,-102.7065,-1.1271,-102.7065
8007.8106,-1.1288,-102.7816,-1.1288,-102.7816
8013.6685,-1.1305,-102.8566,-1.1305,-102.8566
8019.5265,-1.1322,-102.9316,-1.1322,-102.9316
8025.3844,-1.1340,-103.0067,-1.1340,-103.0067
8031.2424,-1.1357,-103.0817,-1.1357,-103.0817
8037.1003,-1.1374,-103.1568,-1.1374,-103.1568
8042.9583,-1.1391,-103.2318,-1.1391,-103.2318
8048.8162,-1.1409,-103.3069,-1.1409,-103.3069
8054.6742,-1.1426,-103.3819,-1.1426,-103.3819
8060.5321,-1.1443,-103.4570,-1.1443,-103.4570
8066.3900,-1.1460,-103.5321,-1.1460,-103.5321
8072.2480,-1.1478,-103.6071,-1.1478,-103.6071
8078.1059,-1.1495,-103.6822,-1.1495,-103.6822
8083.9639,-1.1512,-103.7573,-1.1512,-103.7573
8089.8218,-1.1529,-103.8324,-1.1529,-103.8324
8095.6798,-1.1547,-103.9074,-1.1547,-103.9074
8101.5377,-1.1564,-103.9825,-1.1564,-103.9825
8107.3957,-1.1581,-104.0576,-1.1581,-104.0576
8113.2536,-1.1599,-104.1327,-1.1599,-104.1327
8119.1115,-1.1616,-104.2078,-1.1616,-104.2078
8124.9695,-1.1633,-104.2829,-1.1633,-104.2829
8130.8274,-1.1651,-104.3580,-1.1651,-104.3580
8136.6854,-1.1668,-104.4331,-1.1668,-104.4331
8142.5433,-1.1686,-104.5082,-1.1686,-104.5082
8148.4013,-1.1703,-104.5833,-1.1703,-104.5833
8154.2592,-1.1720,-104.6584,-1.1720,-104.6584
8160.1172,-1.1738,-104.7336,-1.1738,-104.7336
8165.9751,-1.1755,-104.8087,-1.1755,-104.8087
8171.8330,-1.1773,-104.8838,-1.1773,-104.8838
8177.6910,-1.1790,-104.9590,-1.1790,-104.9590
8183.5489,-1.1808,-105.0341,-1.1808,-105.0341
8189.4069,-1.1825,-105.1092,-1.1825,-105.1092
8195.2648,-1.1842,-105.1844,-1.1842,-105.1844
8201.1228,-1.1860,-105.2595,-1.1860,-105.2595
8206.9807,-1.1877,-105.3347,-1.1877,-105.3347
8212.8387,-1.1895,-105.4098,-1.1895,-105.4098
8218.6966,-1.1912,-105.4850,-1.1912,-105.4850
8224.5546,-1.1930,-105.5601,-1.1930,-105.5601
8230.4125,-1.1947,-105.6353,-1.1947,-105.6353
8236.2704,-1.1965,-105.7104,-1.1965,-105.7104
8242.1284,-1.1983,-105.7856,-1.1983,-105.7856
8247.9863,-1.2000,-105.8608,-1.2000,-105.8608
8253.8443,-1.2018,-105.9360,-1.2018,-105.9360
8259.7022,-1.2035,-106.0111,-1.2035,-106.0111
8265.5602,-1.2053,-106.0863,-1.2053,-106.0863
8271.4181,-1.2070,-106.1615,-1.2070,-106.1615
8277.2761,-1.2088,-106.2367,-1.2088,-106.2367
8283.1340,-1.2106,-106.3119,-1.2106,-106.3119
8288.9919,-1.2123,-106.3871,-1.2123,-106.3871
8294.8499,-1.2141,-106.4623,-1.2141,-106.4623
8300.7078,-1.2158,-106.5375,-1.2158,-106.5375
8306.5658,-1.2176,-106.6127,-1.2176,-106.6127
8312.4237,-1.2194,-106.6879,-1.2194,-106.6879
8318.2817,-1.2211,-106.7632,-1.2211,-106.7632
8324.1396,-1.2229,-106.8384,-1.2229,-106.8384
8329.9976,-1.2247,-106.9136,-1.2247,-106.9136
8335.8555,-1.2264,-106.9888,-1.2264,-106.9888
8341.7134,-1.2282,-107.0641,-1.2282,-107.0641
8347.5714,-1.2300,-107.1393,-1.2300,-107.1393
8353.4293,-1.2318,-107.2145,-1.2318,-107.2145
8359.2873,-1.2335,-107.2898,-1.2335,-107.2898
8365.1452,-1.2353,-107.3650,-1.2353,-107.3650
8371.0032,-1.2371,-107.4403,-1.2371,-107.4403
8376.8611,-1.2388,-107.5155,-1.2388,-107.5155
8382.7191,-1.2406,-107.5908,-1.2406,-107.5908
8388.5770,-1.2424,-107.6661,-1.2424,-107.6661
8394.4350,-1.2442,-107.7413,-1.2442,-107.7413
8400.2929,-1.2460,-107.8166,-1.2460,-107.8166
8406.1508,-1.2477,-107.8919,-1.2477,-107.8919
8412.0088,-1.2495,-107.9672,-1.2495,-107.9672
8417.8667,-1.2513,-108.0424,-1.2513,-108.0424
8423.7247,-1.2531,-108.1177,-1.2531,-108.1177
8429.5826,-1.2549,-108.1930,-1.2549,-108.1930
8435.4406,-1.2567,-108.2683,-1.2567,-108.2683
8441.2985,-1.2584,-108.3436,-1.2584,-108.3436
8447.1565,-1.2602,-108.4189,-1.2602,-108.4189
8453.0144,-1.2620,-108.4942,-1.2620,-108.4942
8458.8723,-1.2638,-108.5695,-1.2638,-108.5695
8464.7303,-1.2656,-108.6449,-1.2656,-108.6449
8470.5882,-1.2674,-108.7202,-1.2674,-108.7202
8476.4462,-1.2692,-108.7955,-1.2692,-108.7955
8482.3041,-1.2710,-108.8708,-1.2710,-108.8708
8488.1621,-1.2728,-108.9462,-1.2728,-108.9462
8494.0200,-1.2746,-109.0215,-1.2746,-109.0215
8499.8780,-1.2764,-109.0968,-1.2764,-109.0968
8505.7359,-1.2781,-109.1722,-1.2781,-109.1722
8511.5938,-1.2799,-109.2475,-1.2799,-109.2475
8517.4518,-1.2817,-109.3229,-1.2817,-109.3229
8523.3097,-1.2835,-109.3982,-1.2835,-109.3982
8529.1677,-1.2853,-109.4736,-1.2853,-109.4736
8535.0256,-1.2871,-109.5490,-1.2871,-109.5490
8540.8836,-1.2889,-109.6243,-1.2889,-109.6243
8546.7415,-1.2907,-109.6997,-1.2907,-109.6997
8552.5995,-1.2926,-109.7751,-1.2926,-109.7751
8558.4574,-1.2944,-109.8505,-1.2944,-109.8505
8564.3154,-1.2962,-109.9258,-1.2962,-109.9258
8570.1733,-1.2980,-110.0012,-1.2980,-110.0012
8576.0312,-1.2998,-110.0766,-1.2998,-110.0766
8581.8892,-1.3016,-110.1520,-1.3016,-110.1520
8587.7471,-1.3034,-110.2274,-1.3034,-110.2274
8593.6051,-1.3052,-110.3028,-1.3052,-110.3028
8599.4630,-1.3070,-110.3782,-1.3070,-110.3782
8605.3210,-1.3088,-110.4537,-1.3088,-110.4537
8611.1789,-1.3106,-110.5291,-1.3106,-110.5291
8617.0369,-1.3125,-110.6045,-1.3125,-110.6045
8622.8948,-1.3143,-110.6799,-1.3143,-110.6799
8628.7527,-1.3161,-110.7554,-1.3161,-110.7554
8634.6107,-1.3179,-110.8308,-1.3179,-110.8308
8640.4686,-1.3197,-110.9062,-1.3197,-110.9062
8646.3266,-1.3215,-110.9817,-1.3215,-110.9817
8652.1845,-1.3234,-111.0571,-1.3234,-111.0571
8658.0425,-1.3252,-111.1326,-1.3252,-111.1326
8663.9004,-1.3270,-111.2081,-1.3270,-111.2081
8669.7584,-1.3288,-111.2835,-1.3288,-111.2835
8675.6163,-1.3307,-111.3590,-1.3307,-111.3590
8681.4742,-1.3325,-111.4345,-1.3325,-111.4345
8687.3322,-1.3343,-111.5099,-1.3343,-111.5099
8693.1901,-1.3361,-111.5854,-1.3361,-111.5854
8699.0481,-1.3380,-111.6609,-1.3380,-111.6609
8704.9060,-1.3398,-111.7364,-1.3398,-111.7364
8710.7640,-1.3416,-111.8119,-1.3416,-111.8119
8716.6219,-1.3434,-111.8874,-1.3434,-111.8874
8722.4799,-1.3453,-111.9629,-1.3453,-111.9629
8728.3378,-1.3471,-112.0384,-1.3471,-112.0384
8734.1958,-1.3489,-112.1139,-1.3489,-112.1139
8740.0537,-1.3508,-112.1894,-1.3508,-112.1894
8745.9116,-1.3526,-112.2649,-1.3526,-112.2649
8751.7696,-1.3545,-112.3405,-1.3545,-112.3405
8757.6275,-1.3563,-112.4160,-1.3563,-112.4160
8763.4855,-1.3581,-112.4915,-1.3581,-112.4915
8769.3434,-1.3600,-112.5671,-1.3600,-112.5671
8775.2014,-1.3618,-112.6426,-1.3618,-112.6426
8781.0593,-1.3636,-112.7181,-1.3636,-112.7181
8786.9173,-1.3655,-112.7937,-1.3655,-112.7937
8792.7752,-1.3673,-112.8693,-1.3673,-112.8693
8798.6331,-1.3692,-112.9448,-1.3692,-112.9448
8804.4911,-1.3710,-113.0204,-1.3710,-113.0204
8810.3490,-1.3729,-113.0960,-1.3729,-113.0960
8816.2070,-1.3747,-113.1715,-1.3747,-113.1715
8822.0649,-1.3766,-113.2471,-1.3766,-113.2471
8827.9229,-1.3784,-113.3227,-1.3784,-113.3227
8833.7808,-1.3803,-113.3983,-1.3803,-113.3983
8839.6388,-1.3821,-113.4739,-1.3821,-113.4739
8845.4967,-1.3840,-113.5495,-1.3840,-113.5495
8851.3546,-1.3858,-113.6251,-1.3858,-113.6251
8857.2126,-1.3877,-113.7007,-1.3877,-113.7007
8863.0705,-1.3895,-113.7763,-1.3895,-113.7763
8868.9285,-1.3914,-113.8519,-1.3914,-113.8519
8874.7864,-1.3932,-113.9275,-1.3932,-113.9275
8880.6444,-1.3951,-114.0032,-1.3951,-114.0032
8886.5023,-1.3970,-114.0788,-1.3970,-114.0788
8892.3603,-1.3988,-114.1544,-1.3988,-114.1544
8898.2182,-1.4007,-114.2301,-1.4007,-114.2301
8904.0762,-1.4025,-114.3057,-1.4025,-114.3057
8909.9341,-1.4044,-114.3814,-1.4044,-114.3814
8915.7920,-1.4063,-114.4570,-1.4063,-114.4570
8921.6500,-1.4081,-114.5327,-1.4081,-114.5327
8927.5079,-1.4100,-114.6084,-1.4100,-114.6084
8933.3659,-1.4119,-114.6840,-1.4119,-114.6840
8939.2238,-1.4137,-114.7597,-1.4137,-114.7597
8945.0818,-1.4156,-114.8354,-1.4156,-114.8354
8950.9397,-1.4175,-114.9111,-1.4175,-114.9111
8956.7977,-1.4194,-114.9868,-1.4194,-114.9868
8962.6556,-1.4212,-115.0625,-1.4212,-115.0625
8968.5135,-1.4231,-115.1382,-1.4231,-115.1382
8974.3715,-1.4250,-115.2139,-1.4250,-115.2139
8980.2294,-1.4268,-115.2896,-1.4268,-115.2896
8986.0874,-1.4287,-115.3653,-1.4287,-115.3653
8991.9453,-1.4306,-115.4410,-1.4306,-115.4410
8997.8033,-1.4325,-115.5167,-1.4325,-115.5167
9003.6612,-1.4344,-115.5925,-1.4344,-115.5925
9009.5192,-1.4362,-115.6682,-1.4362,-115.6682
9015.3771,-1.4381,-115.7439,-1.4381,-115.7439
9021.2351,-1.4400,-115.8197,-1.4400,-115.8197
9027.0930,-1.4419,-115.8954,-1.4419,-115.8954
9032.9509,-1.4438,-115.9712,-1.4438,-115.9712
9038.8089,-1.4457,-116.0469,-1.4457,-116.0469
9044.6668,-1.4475,-116.1227,-1.4475,-116.1227
9050.5248,-1.4494,-116.1985,-1.4494,-116.1985
9056.3827,-1.4513,-116.2742,-1.4513,-116.2742
9062.2407,-1.4532,-116.3500,-1.4532,-116.3500
9068.0986,-1.4551,-116.4258,-1.4551,-116.4258
9073.9566,-1.4570,-116.5016,-1.4570,-116.5016
9079.8145,-1.4589,-116.5774,-1.4589,-116.5774
9085.6724,-1.4608,-116.6532,-1.4608,-116.6532
9091.5304,-1.4627,-116.7290,-1.4627,-116.7290
9097.3883,-1.4646,-116.8048,-1.4646,-116.8048
9103.2463,-1.4665,-116.8806,-1.4665,-116.8806
9109.1042,-1.4684,-116.9564,-1.4684,-116.9564
9114.9622,-1.4703,-117.0323,-1.4703,-117.0323
9120.8201,-1.4722,-117.1081,-1.4722,-117.1081
9126.6781,-1.4741,-117.1839,-1.4741,-117.1839
9132.5360,-1.4760,-117.2598,-1.4760,-117.2598
9138.3939,-1.4779,-117.3356,-1.4779,-117.3356
9144.2519,-1.4798,-117.4115,-1.4798,-117.4115
9150.1098,-1.4817,-117.4873,-1.4817,-117.4873
9155.9678,-1.4836,-117.5632,-1.4836,-117.5632
9161.8257,-1.4855,-117.6390,-1.4855,-117.6390
9167.6837,-1.4874,-117.7149,-1.4874,-117.7149
9173.5416,-1.4893,-117.7908,-1.4893,-117.7908
9179.3996,-1.4912,-117.8667,-1.4912,-117.8667
9185.2575,-1.4931,-117.9426,-1.4931,-117.9426
9191.1155,-1.4950,-118.0185,-1.4950,-118.0185
9196.9734,-1.4969,-118.0944,-1.4969,-118.0944
9202.8313,-1.4989,-118.1702,-1.4989,-118.1702
9208.6893,-1.5008,-118.2462,-1.5008,-118.2462
9214.5472,-1.5027,-118.3221,-1.5027,-118.3221
9220.4052,-1.5046,-118.3980,-1.5046,-118.3980
9226.2631,-1.5065,-118.4739,-1.5065,-118.4739
9232.1211,-1.5084,-118.5498,-1.5084,-118.5498
9237.9790,-1.5104,-118.6258,-1.5104,-118.6258
9243.8370,-1.5123,-118.7017,-1.5123,-118.7017
9249.6949,-1.5142,-118.7777,-1.5142,-118.7777
9255.5528,-1.5161,-118.8536,-1.5161,-118.8536
9261.4108,-1.5181,-118.9296,-1.5181,-118.9296
9267.2687,-1.5200,-119.0055,-1.5200,-119.0055
9273.1267,-1.5219,-119.0815,-1.5219,-119.0815
9278.9846,-1.5238,-119.1575,-1.5238,-119.1575
9284.8426,-1.5258,-119.2335,-1.5258,-119.2335
9290.7005,-1.5277,-119.3094,-1.5277,-119.3094
9296.5585,-1.5296,-119.3854,-1.5296,-119.3854
9302.4164,-1.5316,-119.4614,-1.5316,-119.4614
9308.2743,-1.5335,-119.5374,-1.5335,-119.5374
9314.1323,-1.5354,-119.6134,-1.5354,-119.6134
9319.9902,-1.5373,-119.6895,-1.5373,-119.6895
9325.8482,-1.5393,-119.7655,-1.5393,-119.7655
9331.7061,-1.5412,-119.8415,-1.5412,-119.8415
9337.5641,-1.5432,-119.9175,-1.5432,-119.9175
9343.4220,-1.5451,-119.9935,-1.5451,-119.9935
9349.2800,-1.5470,-120.0696,-1.5470,-120.0696
9355.1379,-1.5490,-120.1456,-1.5490,-120.1456
9360.9959,-1.5509,-120.2217,-1.5509,-120.2217
9366.8538,-1.5529,-120.2977,-1.5529,-120.2977
9372.7117,-1.5548,-120.3738,-1.5548,-120.3738
9378.5697,-1.5568,-120.4499,-1.5568,-120.4499
9384.4276,-1.5587,-120.5259,-1.5587,-120.5259
9390.2856,-1.5606,-120.6020,-1.5606,-120.6020
9396.1435,-1.5626,-120.6781,-1.5626,-120.6781
9402.0015,-1.5645,-120.7542,-1.5645,-120.7542
9407.8594,-1.5665,-120.8303,-1.5665,-120.8303
9413.7174,-1.5684,-120.9064,-1.5684,-120.9064
9419.5753,-1.5704,-120.9825,-1.5704,-120.9825
9425.4332,-1.5724,-121.0586,-1.5724,-121.0586
9431.2912,-1.5743,-121.1347,-1.5743,-121.1347
9437.1491,-1.5763,-121.2108,-1.5763,-121.2108
9443.0071,-1.5782,-121.2869,-1.5782,-121.2869
9448.8650,-1.5802,-121.3631,-1.5802,-121.3631
9454.7230,-1.5821,-121.4392,-1.5821,-121.4392
9460.5809,-1.5841,-121.5154,-1.5841,-121.5154
9466.4389,-1.5861,-121.5915,-1.5861,-121.5915
9472.2968,-1.5880,-121.6677,-1.5880,-121.6677
9478.1547,-1.5900,-121.7438,-1.5900,-121.7438
9484.0127,-1.5919,-121.8200,-1.5919,-121.8200
9489.8706,-1.5939,-121.8962,-1.5939,-121.8962
9495.7286,-1.5959,-121.9723,-1.5959,-121.9723
9501.5865,-1.5978,-122.0485,-1.5978,-122.0485
9507.4445,-1.5998,-122.1247,-1.5998,-122.1247
9513.3024,-1.6018,-122.2009,-1.6018,-122.2009
9519.1604,-1.6038,-122.2771,-1.6038,-122.2771
9525.0183,-1.6057,-122.3533,-1.6057,-122.3533
9530.8763,-1.6077,-122.4295,-1.6077,-122.4295
9536.7342,-1.6097,-122.5058,-1.6097,-122.5058
9542.5921,-1.6116,-122.5820,-1.6116,-122.5820
9548.4501,-1.6136,-122.6582,-1.6136,-122.6582
9554.3080,-1.6156,-122.7345,-1.6156,-122.7345
9560.1660,-1.6176,-122.8107,-1.6176,-122.8107
9566.0239,-1.6196,-122.8869,-1.6196,-122.8869
9571.8819,-1.6215,-122.9632,-1.6215,-122.9632
9577.7398,-1.6235,-123.0395,-1.6235,-123.0395
9583.5978,-1.6255,-123.1157,-1.6255,-123.1157
9589.4557,-1.6275,-123.1920,-1.6275,-123.1920
9595.3136,-1.6295,-123.2683,-1.6295,-123.2683
9601.1716,-1.6315,-123.3446,-1.6315,-123.3446
9607.0295,-1.6334,-123.4209,-1.6334,-123.4209
9612.8875,-1.6354,-123.4972,-1.6354,-123.4972
9618.7454,-1.6374,-123.5734,-1.6374,-123.5734
9624.6034,-1.6394,-123.6498,-1.6394,-123.6498
9630.4613,-1.6414,-123.7261,-1.6414,-123.7261
9636.3193,-1.6434,-123.8024,-1.6434,-123.8024
9642.1772,-1.6454,-123.8787,-1.6454,-123.8787
9648.0351,-1.6474,-123.9551,-1.6474,-123.9551
9653.8931,-1.6494,-124.0314,-1.6494,-124.0314
9659.7510,-1.6514,-124.1077,-1.6514,-124.1077
9665.6090,-1.6534,-124.1841,-1.6534,-124.1841
9671.4669,-1.6554,-124.2604,-1.6554,-124.2604
9677.3249,-1.6574,-124.3368,-1.6574,-124.3368
9683.1828,-1.6594,-124.4132,-1.6594,-124.4132
9689.0408,-1.6614,-124.4895,-1.6614,-124.4895
9694.8987,-1.6634,-124.5659,-1.6634,-124.5659
9700.7567,-1.6654,-124.6423,-1.6654,-124.6423
9706.6146,-1.6674,-124.7187,-1.6674,-124.7187
9712.4725,-1.6694,-124.7951,-1.6694,-124.7951
9718.3305,-1.6714,-124.8715,-1.6714,-124.8715
9724.1884,-1.6734,-124.9479,-1.6734,-124.9479
9730.0464,-1.6754,-125.0243,-1.6754,-125.0243
9735.9043,-1.6774,-125.1007,-1.6774,-125.1007
9741.7623,-1.6794,-125.1772,-1.6794,-125.1772
9747.6202,-1.6815,-125.2536,-1.6815,-125.2536
9753.4782,-1.6835,-125.3301,-1.6835,-125.3301
9759.3361,-1.6855,-125.4065,-1.6855,-125.4065
9765.1940,-1.6875,-125.4830,-1.6875,-125.4830
9771.0520,-1.6895,-125.5594,-1.6895,-125.5594
9776.9099,-1.6915,-125.6359,-1.6915,-125.6359
9782.7679,-1.6936,-125.7123,-1.6936,-125.7123
9788.6258,-1.6956,-125.7888,-1.6956,-125.7888
9794.4838,-1.6976,-125.8653,-1.6976,-125.8653
9800.3417,-1.6996,-125.9418,-1.6996,-125.9418
9806.1997,-1.7016,-126.0183,-1.7016,-126.0183
9812.0576,-1.7037,-126.0948,-1.7037,-126.0948
9817.9155,-1.7057,-126.1713,-1.7057,-126.1713
9823.7735,-1.7077,-126.2478,-1.7077,-126.2478
9829.6314,-1.7098,-126.3244,-1.7098,-126.3244
9835.4894,-1.7118,-126.4009,-1.7118,-126.4009
9841.3473,-1.7138,-126.4774,-1.7138,-126.4774
9847.2053,-1.7159,-126.5540,-1.7159,-126.5540
9853.0632,-1.7179,-126.6305,-1.7179,-126.6305
9858.9212,-1.7199,-126.7071,-1.7199,-126.7071
9864.7791,-1.7220,-126.7836,-1.7220,-126.7836
9870.6371,-1.7240,-126.8602,-1.7240,-126.8602
9876.4950,-1.7260,-126.9368,-1.7260,-126.9368
9882.3529,-1.7281,-127.0133,-1.7281,-127.0133
9888.2109,-1.7301,-127.0899,-1.7301,-127.0899
9894.0688,-1.7321,-127.1665,-1.7321,-127.1665
9899.9268,-1.7342,-127.2431,-1.7342,-127.2431
9905.7847,-1.7362,-127.3197,-1.7362,-127.3197
9911.6427,-1.7383,-127.3963,-1.7383,-127.3963
9917.5006,-1.7403,-127.4729,-1.7403,-127.4729
9923.3586,-1.7424,-127.5496,-1.7424,-127.5496
9929.2165,-1.7444,-127.6262,-1.7444,-127.6262
9935.0744,-1.7465,-127.7028,-1.7465,-127.7028
9940.9324,-1.7485,-127.7795,-1.7485,-127.7795
9946.7903,-1.7506,-127.8561,-1.7506,-127.8561
9952.6483,-1.7526,-127.9328,-1.7526,-127.9328
9958.5062,-1.7547,-128.0095,-1.7547,-128.0095
9964.3642,-1.7567,-128.0861,-1.7567,-128.0861
9970.2221,-1.7588,-128.1628,-1.7588,-128.1628
9976.0801,-1.7608,-128.2395,-1.7608,-128.2395
9981.9380,-1.7629,-128.3162,-1.7629,-128.3162
9987.7959,-1.7650,-128.3929,-1.7650,-128.3929
9993.6539,-1.7670,-128.4696,-1.7670,-128.4696
9999.5118,-1.7691,-128.5463,-1.7691,-128.5463
10005.3698,-1.7711,-128.6230,-1.7711,-128.6230
10011.2277,-1.7732,-128.6997,-1.7732,-128.6997
10017.0857,-1.7753,-128.7764,-1.7753,-128.7764
10022.9436,-1.7773,-128.8532,-1.7773,-128.8532
10028.8016,-1.7794,-128.9299,-1.7794,-128.9299
10034.6595,-1.7815,-129.0067,-1.7815,-129.0067
10040.5175,-1.7835,-129.0834,-1.7835,-129.0834
10046.3754,-1.7856,-129.1602,-1.7856,-129.1602
10052.2333,-1.7877,-129.2369,-1.7877,-129.2369
10058.0913,-1.7898,-129.3137,-1.7898,-129.3137
10063.9492,-1.7918,-129.3905,-1.7918,-129.3905
10069.8072,-1.7939,-129.4673,-1.7939,-129.4673
10075.6651,-1.7960,-129.5441,-1.7960,-129.5441
10081.5231,-1.7981,-129.6209,-1.7981,-129.6209
10087.3810,-1.8001,-129.6977,-1.8001,-129.6977
10093.2390,-1.8022,-129.7745,-1.8022,-129.7745
10099.0969,-1.8043,-129.8513,-1.8043,-129.8513
10104.9548,-1.8064,-129.9281,-1.8064,-129.9281
10110.8128,-1.8085,-130.0050,-1.8085,-130.0050
10116.6707,-1.8106,-130.0818,-1.8106,-130.0818
10122.5287,-1.8126,-130.1587,-1.8126,-130.1587
10128.3866,-1.8147,-130.2355,-1.8147,-130.2355
10134.2446,-1.8168,-130.3124,-1.8168,-130.3124
10140.1025,-1.8189,-130.3892,-1.8189,-130.3892
10145.9605,-1.8210,-130.4661,-1.8210,-130.4661
10151.8184,-1.8231,-130.5430,-1.8231,-130.5430
10157.6763,-1.8252,-130.6199,-1.8252,-130.6199
10163.5343,-1.8273,-130.6968,-1.8273,-130.6968
10169.3922,-1.8294,-130.7737,-1.8294,-130.7737
10175.2502,-1.8315,-130.8506,-1.8315,-130.8506
10181.1081,-1.8336,-130.9275,-1.8336,-130.9275
10186.9661,-1.8357,-131.0044,-1.8357,-131.0044
10192.8240,-1.8378,-131.0814,-1.8378,-131.0814
10198.6820,-1.8399,-131.1583,-1.8399,-131.1583
10204.5399,-1.8420,-131.2352,-1.8420,-131.2352
10210.3979,-1.8441,-131.3122,-1.8441,-131.3122
10216.2558,-1.8462,-131.3891,-1.8462,-131.3891
10222.1137,-1.8483,-131.4661,-1.8483,-131.4661
10227.9717,-1.8504,-131.5431,-1.8504,-131.5431
10233.8296,-1.8525,-131.6201,-1.8525,-131.6201
10239.6876,-1.8546,-131.6970,-1.8546,-131.6970
10245.5455,-1.8567,-131.7740,-1.8567,-131.7740
10251.4035,-1.8588,-131.8510,-1.8588,-131.8510
10257.2614,-1.8609,-131.9280,-1.8609,-131.9280
10263.1194,-1.8630,-132.0050,-1.8630,-132.0050
10268.9773,-1.8652,-132.0820,-1.8652,-132.0820
10274.8352,-1.8673,-132.1591,-1.8673,-132.1591
10280.6932,-1.8694,-132.2361,-1.8694,-132.2361
10286.5511,-1.8715,-132.3132,-1.8715,-132.3132
10292.4091,-1.8736,-132.3902,-1.8736,-132.3902
10298.2670,-1.8758,-132.4673,-1.8758,-132.4673
10304.1250,-1.8779,-132.5443,-1.8779,-132.5443
10309.9829,-1.8800,-132.6214,-1.8800,-132.6214
10315.8409,-1.8821,-132.6984,-1.8821,-132.6984
10321.6988,-1.8843,-132.7755,-1.8843,-132.7755
10327.5567,-1.8864,-132.8526,-1.8864,-132.8526
10333.4147,-1.8885,-132.9297,-1.8885,-132.9297
10339.2726,-1.8906,-133.0068,-1.8906,-133.0068
10345.1306,-1.8928,-133.0839,-1.8928,-133.0839
10350.9885,-1.8949,-133.1610,-1.8949,-133.1610
10356.8465,-1.8970,-133.2382,-1.8970,-133.2382
10362.7044,-1.8992,-133.3153,-1.8992,-133.3153
10368.5624,-1.9013,-133.3924,-1.9013,-133.3924
10374.4203,-1.9034,-133.4696,-1.9034,-133.4696
10380.2783,-1.9056,-133.5467,-1.9056,-133.5467
10386.1362,-1.9077,-133.6239,-1.9077,-133.6239
10391.9941,-1.9099,-133.7011,-1.9099,-133.7011
10397.8521,-1.9120,-133.7782,-1.9120,-133.7782
10403.7100,-1.9141,-133.8554,-1.9141,-133.8554
10409.5680,-1.9163,-133.9326,-1.9163,-133.9326
10415.4259,-1.9184,-134.0098,-1.9184,-134.0098
10421.2839,-1.9206,-134.0870,-1.9206,-134.0870
10427.1418,-1.9227,-134.1642,-1.9227,-134.1642
10432.9998,-1.9249,-134.2414,-1.9249,-134.2414
10438.8577,-1.9270,-134.3186,-1.9270,-134.3186
10444.7156,-1.9292,-134.3959,-1.9292,-134.3959
10450.5736,-1.9313,-134.4731,-1.9313,-134.4731
10456.4315,-1.9335,-134.5504,-1.9335,-134.5504
10462.2895,-1.9356,-134.6276,-1.9356,-134.6276
10468.1474,-1.9378,-134.7049,-1.9378,-134.7049
10474.0054,-1.9399,-134.7821,-1.9399,-134.7821
10479.8633,-1.9421,-134.8594,-1.9421,-134.8594
10485.7213,-1.9443,-134.9367,-1.9443,-134.9367
10491.5792,-1.9464,-135.0140,-1.9464,-135.0140
10497.4371,-1.9486,-135.0913,-1.9486,-135.0913
10503.2951,-1.9507,-135.1686,-1.9507,-135.1686
10509.1530,-1.9529,-135.2459,-1.9529,-135.2459
10515.0110,-1.9551,-135.3232,-1.9551,-135.3232
10520.8689,-1.9572,-135.4005,-1.9572,-135.4005
10526.7269,-1.9594,-135.4779,-1.9594,-135.4779
10532.5848,-1.9616,-135.5552,-1.9616,-135.5552
10538.4428,-1.9638,-135.6326,-1.9638,-135.6326
10544.3007,-1.9659,-135.7099,-1.9659,-135.7099
10550.1587,-1.9681,-135.7873,-1.9681,-135.7873
10556.0166,-1.9703,-135.8646,-1.9703,-135.8646
10561.8745,-1.9724,-135.9420,-1.9724,-135.9420
10567.7325,-1.9746,-136.0194,-1.9746,-136.0194
10573.5904,-1.9768,-136.0968,-1.9768,-136.0968
10579.4484,-1.9790,-136.1742,-1.9790,-136.1742
10585.3063,-1.9812,-136.2516,-1.9812,-136.2516
10591.1643,-1.9833,-136.3290,-1.9833,-136.3290
10597.0222,-1.9855,-136.4064,-1.9855,-136.4064
10602.8802,-1.9877,-136.4839,-1.9877,-136.4839
10608.7381,-1.9899,-136.5613,-1.9899,-136.5613
10614.5960,-1.9921,-136.6387,-1.9921,-136.6387
10620.4540,-1.9943,-136.7162,-1.9943,-136.7162
10626.3119,-1.9965,-136.7937,-1.9965,-136.7937
10632.1699,-1.9986,-136.8711,-1.9986,-136.8711
10638.0278,-2.0008,-136.9486,-2.0008,-136.9486
10643.8858,-2.0030,-137.0261,-2.0030,-137.0261
10649.7437,-2.0052,-137.1035,-2.0052,-137.1035
10655.6017,-2.0074,-137.1811,-2.0074,-137.1811
10661.4596,-2.0096,-137.2586,-2.0096,-137.2586
10667.3175,-2.0118,-137.3361,-2.0118,-137.3361
10673.1755,-2.0140,-137.4136,-2.0140,-137.4136
10679.0334,-2.0162,-137.4911,-2.0162,-137.4911
10684.8914,-2.0184,-137.5686,-2.0184,-137.5686
10690.7493,-2.0206,-137.6462,-2.0206,-137.6462
10696.6073,-2.0228,-137.7237,-2.0228,-137.7237
10702.4652,-2.0250,-137.8013,-2.0250,-137.8013
10708.3232,-2.0272,-137.8789,-2.0272,-137.8789
10714.1811,-2.0294,-137.9564,-2.0294,-137.9564
10720.0391,-2.0316,-138.0340,-2.0316,-138.0340
10725.8970,-2.0339,-138.1116,-2.0339,-138.1116
10731.7549,-2.0361,-138.1892,-2.0361,-138.1892
10737.6129,-2.0383,-138.2668,-2.0383,-138.2668
10743.4708,-2.0405,-138.3444,-2.0405,-138.3444
10749.3288,-2.0427,-138.4220,-2.0427,-138.4220
10755.1867,-2.0449,-138.4996,-2.0449,-138.4996
10761.0447,-2.0471,-138.5773,-2.0471,-138.5773
10766.9026,-2.0494,-138.6549,-2.0494,-138.6549
10772.7606,-2.0516,-138.7326,-2.0516,-138.7326
10778.6185,-2.0538,-138.8102,-2.0538,-138.8102
10784.4764,-2.0560,-138.8879,-2.0560,-138.8879
10790.3344,-2.0582,-138.9656,-2.0582,-138.9656
10796.1923,-2.0605,-139.0432,-2.0605,-139.0432
10802.0503,-2.0627,-139.1209,-2.0627,-139.1209
10807.9082,-2.0649,-139.1986,-2.0649,-139.1986
10813.7662,-2.0672,-139.2763,-2.0672,-139.2763
10819.6241,-2.0694,-139.3540,-2.0694,-139.3540
10825.4821,-2.0716,-139.4317,-2.0716,-139.4317
10831.3400,-2.0739,-139.5095,-2.0739,-139.5095
10837.1979,-2.0761,-139.5872,-2.0761,-139.5872
10843.0559,-2.0783,-139.6649,-2.0783,-139.6649
10848.9138,-2.0806,-139.7427,-2.0806,-139.7427
10854.7718,-2.0828,-139.8204,-2.0828,-139.8204
10860.6297,-2.0850,-139.8982,-2.0850,-139.8982
10866.4877,-2.0873,-139.9760,-2.0873,-139.9760
10872.3456,-2.0895,-140.0538,-2.0895,-140.0538
10878.2036,-2.0918,-140.1316,-2.0918,-140.1316
10884.0615,-2.0940,-140.2094,-2.0940,-140.2094
10889.9195,-2.0962,-140.2872,-2.0962,-140.2872
10895.7774,-2.0985,-140.3650,-2.0985,-140.3650
10901.6353,-2.1007,-140.4428,-2.1007,-140.4428
10907.4933,-2.1030,-140.5206,-2.1030,-140.5206
10913.3512,-2.1052,-140.5985,-2.1052,-140.5985
10919.2092,-2.1075,-140.6763,-2.1075,-140.6763
10925.0671,-2.1097,-140.7542,-2.1097,-140.7542
10930.9251,-2.1120,-140.8320,-2.1120,-140.8320
10936.7830,-2.1143,-140.9099,-2.1143,-140.9099
10942.6410,-2.1165,-140.9878,-2.1165,-140.9878
10948.4989,-2.1188,-141.0656,-2.1188,-141.0656
10954.3568,-2.1210,-141.1435,-2.1210,-141.1435
10960.2148,-2.1233,-141.2214,-2.1233,-141.2214
10966.0727,-2.1256,-141.2993,-2.1256,-141.2993
10971.9307,-2.1278,-141.3773,-2.1278,-141.3773
10977.7886,-2.1301,-141.4552,-2.1301,-141.4552
10983.6466,-2.1323,-141.5331,-2.1323,-141.5331
10989.5045,-2.1346,-141.6110,-2.1346,-141.6110
10995.3625,-2.1369,-141.6890,-2.1369,-141.6890
11001.2204,-2.1392,-141.7669,-2.1392,-141.7669
11007.0784,-2.1414,-141.8449,-2.1414,-141.8449
11012.9363,-2.1437,-141.9229,-2.1437,-141.9229
11018.7942,-2.1460,-142.0009,-2.1460,-142.0009
11024.6522,-2.1482,-142.0788,-2.1482,-142.0788
11030.5101,-2.1505,-142.1568,-2.1505,-142.1568
11036.3681,-2.1528,-142.2348,-2.1528,-142.2348
11042.2260,-2.1551,-142.3129,-2.1551,-142.3129
11048.0840,-2.1574,-142.3909,-2.1574,-142.3909
11053.9419,-2.1596,-142.4689,-2.1596,-142.4689
11059.7999,-2.1619,-142.5469,-2.1619,-142.5469
11065.6578,-2.1642,-142.6250,-2.1642,-142.6250
11071.5157,-2.1665,-142.7030,-2.1665,-142.7030
11077.3737,-2.1688,-142.7811,-2.1688,-142.7811
11083.2316,-2.1711,-142.8592,-2.1711,-142.8592
11089.0896,-2.1734,-142.9372,-2.1734,-142.9372
11094.9475,-2.1756,-143.0153,-2.1756,-143.0153
11100.8055,-2.1779,-143.0934,-2.1779,-143.0934
11106.6634,-2.1802,-143.1715,-2.1802,-143.1715
11112.5214,-2.1825,-143.2496,-2.1825,-143.2496
11118.3793,-2.1848,-143.3277,-2.1848,-143.3277
11124.2372,-2.1871,-143.4059,-2.1871,-143.4059
11130.0952,-2.1894,-143.4840,-2.1894,-143.4840
11135.9531,-2.1917,-143.5621,-2.1917,-143.5621
11141.8111,-2.1940,-143.6403,-2.1940,-143.6403
11147.6690,-2.1963,-143.7185,-2.1963,-143.7185
11153.5270,-2.1986,-143.7966,-2.1986,-143.7966
11159.3849,-2.2009,-143.8748,-2.2009,-143.8748
11165.2429,-2.2032,-143.9530,-2.2032,-143.9530
11171.1008,-2.2055,-144.0312,-2.2055,-144.0312
11176.9588,-2.2079,-144.1094,-2.2079,-144.1094
11182.8167,-2.2102,-144.1876,-2.2102,-144.1876
11188.6746,-2.2125,-144.2658,-2.2125,-144.2658
11194.5326,-2.2148,-144.3440,-2.2148,-144.3440
11200.3905,-2.2171,-144.4223,-2.2171,-144.4223
11206.2485,-2.2194,-144.5005,-2.2194,-144.5005
11212.1064,-2.2217,-144.5788,-2.2217,-144.5788
11217.9644,-2.2241,-144.6570,-2.2241,-144.6570
11223.8223,-2.2264,-144.7353,-2.2264,-144.7353
11229.6803,-2.2287,-144.8136,-2.2287,-144.8136
11235.5382,-2.2310,-144.8918,-2.2310,-144.8918
11241.3961,-2.2333,-144.9701,-2.2333,-144.9701
11247.2541,-2.2357,-145.0484,-2.2357,-145.0484
11253.1120,-2.2380,-145.1267,-2.2380,-145.1267
11258.9700,-2.2403,-145.2051,-2.2403,-145.2051
11264.8279,-2.2426,-145.2834,-2.2426,-145.2834
11270.6859,-2.2450,-145.3617,-2.2450,-145.3617
11276.5438,-2.2473,-145.4400,-2.2473,-145.4400
11282.4018,-2.2496,-145.5184,-2.2496,-145.5184
11288.2597,-2.2520,-145.5968,-2.2520,-145.5968
11294.1176,-2.2543,-145.6751,-2.2543,-145.6751
11299.9756,-2.2566,-145.7535,-2.2566,-145.7535
11305.8335,-2.2590,-145.8319,-2.2590,-145.8319
11311.6915,-2.2613,-145.9103,-2.2613,-145.9103
11317.5494,-2.2637,-145.9887,-2.2637,-145.9887
11323.4074,-2.2660,-146.0671,-2.2660,-146.0671
11329.2653,-2.2684,-146.1455,-2.2684,-146.1455
11335.1233,-2.2707,-146.2240,-2.2707,-146.2240
11340.9812,-2.2730,-146.3024,-2.2730,-146.3024
11346.8392,-2.2754,-146.3808,-2.2754,-146.3808
11352.6971,-2.2777,-146.4593,-2.2777,-146.4593
11358.5550,-2.2801,-146.5378,-2.2801,-146.5378
11364.4130,-2.2824,-146.6162,-2.2824,-146.6162
11370.2709,-2.2848,-146.6947,-2.2848,-146.6947
11376.1289,-2.2871,-146.7732,-2.2871,-146.7732
11381.9868,-2.2895,-146.8517,-2.2895,-146.8517
11387.8448,-2.2919,-146.9302,-2.2919,-146.9302
11393.7027,-2.2942,-147.0087,-2.2942,-147.0087
11399.5607,-2.2966,-147.0872,-2.2966,-147.0872
11405.4186,-2.2989,-147.1657,-2.2989,-147.1657
11411.2765,-2.3013,-147.2443,-2.3013,-147.2443
11417.1345,-2.3037,-147.3228,-2.3037,-147.3228
11422.9924,-2.3060,-147.4014,-2.3060,-147.4014
11428.8504,-2.3084,-147.4800,-2.3084,-147.4800
11434.7083,-2.3108,-147.5585,-2.3108,-147.5585
11440.5663,-2.3131,-147.6371,-2.3131,-147.6371
11446.4242,-2.3155,-147.7157,-2.3155,-147.7157
11452.2822,-2.3179,-147.7943,-2.3179,-147.7943
11458.1401,-2.3202,-147.8729,-2.3202,-147.8729
11463.9980,-2.3226,-147.9515,-2.3226,-147.9515
11469.8560,-2.3250,-148.0302,-2.3250,-148.0302
11475.7139,-2.3274,-148.1088,-2.3274,-148.1088
11481.5719,-2.3298,-148.1874,-2.3298,-148.1874
11487.4298,-2.3321,-148.2661,-2.3321,-148.2661
11493.2878,-2.3345,-148.3447,-2.3345,-148.3447
11499.1457,-2.3369,-148.4234,-2.3369,-148.4234
11505.0037,-2.3393,-148.5021,-2.3393,-148.5021
11510.8616,-2.3417,-148.5808,-2.3417,-148.5808
11516.7196,-2.3441,-148.6595,-2.3441,-148.6595
11522.5775,-2.3464,-148.7382,-2.3464,-148.7382
11528.4354,-2.3488,-148.8169,-2.3488,-148.8169
11534.2934,-2.3512,-148.8956,-2.3512,-148.8956
11540.1513,-2.3536,-148.9743,-2.3536,-148.9743
11546.0093,-2.3560,-149.0531,-2.3560,-149.0531
11551.8672,-2.3584,-149.1318,-2.3584,-149.1318
11557.7252,-2.3608,-149.2106,-2.3608,-149.2106
11563.5831,-2.3632,-149.2894,-2.3632,-149.2894
11569.4411,-2.3656,-149.3681,-2.3656,-149.3681
11575.2990,-2.3680,-149.4469,-2.3680,-149.4469
11581.1569,-2.3704,-149.5257,-2.3704,-149.5257
11587.0149,-2.3728,-149.6045,-2.3728,-149.6045
11592.8728,-2.3752,-149.6833,-2.3752,-149.6833
11598.7308,-2.3776,-149.7622,-2.3776,-149.7622
11604.5887,-2.3800,-149.8410,-2.3800,-149.8410
11610.4467,-2.3824,-149.9198,-2.3824,-149.9198
11616.3046,-2.3848,-149.9987,-2.3848,-149.9987
11622.1626,-2.3872,-150.0775,-2.3872,-150.0775
11628.0205,-2.3897,-150.1564,-2.3897,-150.1564
11633.8784,-2.3921,-150.2353,-2.3921,-150.2353
11639.7364,-2.3945,-150.3141,-2.3945,-150.3141
11645.5943,-2.3969,-150.3930,-2.3969,-150.3930
11651.4523,-2.3993,-150.4719,-2.3993,-150.4719
11657.3102,-2.4017,-150.5509,-2.4017,-150.5509
11663.1682,-2.4042,-150.6298,-2.4042,-150.6298
11669.0261,-2.4066,-150.7087,-2.4066,-150.7087
11674.8841,-2.4090,-150.7876,-2.4090,-150.7876
11680.7420,-2.4114,-150.8666,-2.4114,-150.8666
11686.6000,-2.4139,-150.9455,-2.4139,-150.9455
11692.4579,-2.4163,-151.0245,-2.4163,-151.0245
11698.3158,-2.4187,-151.1035,-2.4187,-151.1035
11704.1738,-2.4212,-151.1825,-2.4212,-151.1825
11710.0317,-2.4236,-151.2615,-2.4236,-151.2615
11715.8897,-2.4260,-151.3405,-2.4260,-151.3405
11721.7476,-2.4285,-151.4195,-2.4285,-151.4195
11727.6056,-2.4309,-151.4985,-2.4309,-151.4985
11733.4635,-2.4333,-151.5775,-2.4333,-151.5775
11739.3215,-2.4358,-151.6566,-2.4358,-151.6566
11745.1794,-2.4382,-151.7356,-2.4382,-151.7356
11751.0373,-2.4407,-151.8147,-2.4407,-151.8147
11756.8953,-2.4431,-151.8937,-2.4431,-151.8937
11762.7532,-2.4455,-151.9728,-2.4455,-151.9728
11768.6112,-2.4480,-152.0519,-2.4480,-152.0519
11774.4691,-2.4504,-152.1310,-2.4504,-152.1310
11780.3271,-2.4529,-152.2101,-2.4529,-152.2101
11786.1850,-2.4553,-152.2892,-2.4553,-152.2892
11792.0430,-2.4578,-152.3683,-2.4578,-152.3683
11797.9009,-2.4602,-152.4474,-2.4602,-152.4474
11803.7588,-2.4627,-152.5266,-2.4627,-152.5266
11809.6168,-2.4651,-152.6057,-2.4651,-152.6057
11815.4747,-2.4676,-152.6849,-2.4676,-152.6849
11821.3327,-2.4701,-152.7640,-2.4701,-152.7640
11827.1906,-2.4725,-152.8432,-2.4725,-152.8432
11833.0486,-2.4750,-152.9224,-2.4750,-152.9224
11838.9065,-2.4774,-153.0016,-2.4774,-153.0016
11844.7645,-2.4799,-153.0808,-2.4799,-153.0808
11850.6224,-2.4824,-153.1600,-2.4824,-153.1600
11856.4804,-2.4848,-153.2392,-2.4848,-153.2392
11862.3383,-2.4873,-153.3185,-2.4873,-153.3185
11868.1962,-2.4898,-153.3977,-2.4898,-153.3977
11874.0542,-2.4923,-153.4769,-2.4923,-153.4769
11879.9121,-2.4947,-153.5562,-2.4947,-153.5562
11885.7701,-2.4972,-153.6355,-2.4972,-153.6355
11891.6280,-2.4997,-153.7148,-2.4997,-153.7148
11897.4860,-2.5022,-153.7941,-2.5022,-153.7941
11903.3439,-2.5046,-153.8734,-2.5046,-153.8734
11909.2019,-2.5071,-153.9527,-2.5071,-153.9527
11915.0598,-2.5096,-154.0320,-2.5096,-154.0320
11920.9177,-2.5121,-154.1113,-2.5121,-154.1113
11926.7757,-2.5146,-154.1906,-2.5146,-154.1906
11932.6336,-2.5170,-154.2700,-2.5170,-154.2700
11938.4916,-2.5195,-154.3493,-2.5195,-154.3493
11944.3495,-2.5220,-154.4287,-2.5220,-154.4287
11950.2075,-2.5245,-154.5081,-2.5245,-154.5081
11956.0654,-2.5270,-154.5874,-2.5270,-154.5874
11961.9234,-2.5295,-154.6669,-2.5295,-154.6669
11967.7813,-2.5320,-154.7463,-2.5320,-154.7463
11973.6392,-2.5345,-154.8257,-2.5345,-154.8257
11979.4972,-2.5370,-154.9051,-2.5370,-154.9051
11985.3551,-2.5395,-154.9845,-2.5395,-154.9845
11991.2131,-2.5420,-155.0639,-2.5420,-155.0639
11997.0710,-2.5445,-155.1434,-2.5445,-155.1434
12002.9290,-2.5470,-155.2229,-2.5470,-155.2229
12008.7869,-2.5495,-155.3023,-2.5495,-155.3023
12014.6449,-2.5520,-155.3818,-2.5520,-155.3818
12020.5028,-2.5545,-155.4613,-2.5545,-155.4613
12026.3608,-2.5570,-155.5408,-2.5570,-155.5408
12032.2187,-2.5595,-155.6203,-2.5595,-155.6203
12038.0766,-2.5620,-155.6998,-2.5620,-155.6998
12043.9346,-2.5645,-155.7793,-2.5645,-155.7793
12049.7925,-2.5671,-155.8589,-2.5671,-155.8589
12055.6505,-2.5696,-155.9384,-2.5696,-155.9384
12061.5084,-2.5721,-156.0180,-2.5721,-156.0180
12067.3664,-2.5746,-156.0975,-2.5746,-156.0975
12073.2243,-2.5771,-156.1771,-2.5771,-156.1771
12079.0823,-2.5797,-156.2567,-2.5797,-156.2567
12084.9402,-2.5822,-156.3363,-2.5822,-156.3363
12090.7981,-2.5847,-156.4159,-2.5847,-156.4159
12096.6561,-2.5872,-156.4955,-2.5872,-156.4955
12102.5140,-2.5898,-156.5751,-2.5898,-156.5751
12108.3720,-2.5923,-156.6548,-2.5923,-156.6548
12114.2299,-2.5948,-156.7344,-2.5948,-156.7344
12120.0879,-2.5973,-156.8140,-2.5973,-156.8140
12125.9458,-2.5999,-156.8937,-2.5999,-156.8937
12131.8038,-2.6024,-156.9734,-2.6024,-156.9734
12137.6617,-2.6049,-157.0531,-2.6049,-157.0531
12143.5196,-2.6075,-157.1328,-2.6075,-157.1328
12149.3776,-2.6100,-157.2125,-2.6100,-157.2125
12155.2355,-2.6126,-157.2922,-2.6126,-157.2922
12161.0935,-2.6151,-157.3719,-2.6151,-157.3719
12166.9514,-2.6176,-157.4516,-2.6176,-157.4516
12172.8094,-2.6202,-157.5313,-2.6202,-157.5313
12178.6673,-2.6227,-157.6111,-2.6227,-157.6111
12184.5253,-2.6253,-157.6909,-2.6253,-157.6909
12190.3832,-2.6278,-157.7706,-2.6278,-157.7706
12196.2412,-2.6304,-157.8504,-2.6304,-157.8504
12202.0991,-2.6329,-157.9302,-2.6329,-157.9302
12207.9570,-2.6355,-158.0100,-2.6355,-158.0100
12213.8150,-2.6380,-158.0898,-2.6380,-158.0898
12219.6729,-2.6406,-158.1696,-2.6406,-158.1696
12225.5309,-2.6432,-158.2495,-2.6432,-158.2495
12231.3888,-2.6457,-158.3293,-2.6457,-158.3293
12237.2468,-2.6483,-158.4091,-2.6483,-158.4091
12243.1047,-2.6508,-158.4890,-2.6508,-158.4890
12248.9627,-2.6534,-158.5689,-2.6534,-158.5689
12254.8206,-2.6560,-158.6488,-2.6560,-158.6488
12260.6785,-2.6585,-158.7286,-2.6585,-158.7286
12266.5365,-2.6611,-158.8085,-2.6611,-158.8085
12272.3944,-2.6637,-158.8885,-2.6637,-158.8885
12278.2524,-2.6662,-158.9684,-2.6662,-158.9684
12284.1103,-2.6688,-159.0483,-2.6688,-159.0483
12289.9683,-2.6714,-159.1282,-2.6714,-159.1282
12295.8262,-2.6740,-159.2082,-2.6740,-159.2082
12301.6842,-2.6765,-159.2881,-2.6765,-159.2881
12307.5421,-2.6791,-159.3681,-2.6791,-159.3681
12313.4000,-2.6817,-159.4481,-2.6817,-159.4481
12319.2580,-2.6843,-159.5281,-2.6843,-159.5281
12325.1159,-2.6869,-159.6081,-2.6869,-159.6081
12330.9739,-2.6894,-159.6881,-2.6894,-159.6881
12336.8318,-2.6920,-159.7681,-2.6920,-159.7681
12342.6898,-2.6946,-159.8481,-2.6946,-159.8481
12348.5477,-2.6972,-159.9282,-2.6972,-159.9282
12354.4057,-2.6998,-160.0082,-2.6998,-160.0082
12360.2636,-2.7024,-160.0883,-2.7024,-160.0883
12366.1216,-2.7050,-160.1684,-2.7050,-160.1684
12371.9795,-2.7076,-160.2484,-2.7076,-160.2484
12377.8374,-2.7102,-160.3285,-2.7102,-160.3285
12383.6954,-2.7128,-160.4086,-2.7128,-160.4086
12389.5533,-2.7154,-160.4887,-2.7154,-160.4887
12395.4113,-2.7180,-160.5688,-2.7180,-160.5688
12401.2692,-2.7206,-160.6490,-2.7206,-160.6490
12407.1272,-2.7232,-160.7291,-2.7232,-160.7291
12412.9851,-2.7258,-160.8093,-2.7258,-160.8093
12418.8431,-2.7284,-160.8894,-2.7284,-160.8894
12424.7010,-2.7310,-160.9696,-2.7310,-160.9696
12430.5589,-2.7336,-161.0498,-2.7336,-161.0498
12436.4169,-2.7362,-161.1300,-2.7362,-161.1300
12442.2748,-2.7388,-161.2102,-2.7388,-161.2102
12448.1328,-2.7414,-161.2904,-2.7414,-161.2904
12453.9907,-2.7440,-161.3706,-2.7440,-161.3706
12459.8487,-2.7467,-161.4509,-2.7467,-161.4509
12465.7066,-2.7493,-161.5311,-2.7493,-161.5311
12471.5646,-2.7519,-161.6114,-2.7519,-161.6114
12477.4225,-2.7545,-161.6916,-2.7545,-161.6916
12483.2804,-2.7571,-161.7719,-2.7571,-161.7719
12489.1384,-2.7598,-161.8522,-2.7598,-161.8522
12494.9963,-2.7624,-161.9325,-2.7624,-161.9325
12500.8543,-2.7650,-162.0128,-2.7650,-162.0128
12506.7122,-2.7676,-162.0931,-2.7676,-162.0931
12512.5702,-2.7703,-162.1734,-2.7703,-162.1734
12518.4281,-2.7729,-162.2538,-2.7729,-162.2538
12524.2861,-2.7755,-162.3341,-2.7755,-162.3341
12530.1440,-2.7782,-162.4145,-2.7782,-162.4145
12536.0020,-2.7808,-162.4948,-2.7808,-162.4948
12541.8599,-2.7834,-162.5752,-2.7834,-162.5752
12547.7178,-2.7861,-162.6556,-2.7861,-162.6556
12553.5758,-2.7887,-162.7360,-2.7887,-162.7360
12559.4337,-2.7914,-162.8164,-2.7914,-162.8164
12565.2917,-2.7940,-162.8968,-2.7940,-162.8968
12571.1496,-2.7966,-162.9773,-2.7966,-162.9773
12577.0076,-2.7993,-163.0577,-2.7993,-163.0577
12582.8655,-2.8019,-163.1382,-2.8019,-163.1382
12588.7235,-2.8046,-163.2186,-2.8046,-163.2186
12594.5814,-2.8072,-163.2991,-2.8072,-163.2991
12600.4393,-2.8099,-163.3796,-2.8099,-163.3796
12606.2973,-2.8125,-163.4601,-2.8125,-163.4601
12612.1552,-2.8152,-163.5406,-2.8152,-163.5406
12618.0132,-2.8178,-163.6211,-2.8178,-163.6211
12623.8711,-2.8205,-163.7016,-2.8205,-163.7016
12629.7291,-2.8232,-163.7822,-2.8232,-163.7822
12635.5870,-2.8258,-163.8627,-2.8258,-163.8627
12641.4450,-2.8285,-163.9433,-2.8285,-163.9433
12647.3029,-2.8312,-164.0238,-2.8312,-164.0238
12653.1608,-2.8338,-164.1044,-2.8338,-164.1044
12659.0188,-2.8365,-164.1850,-2.8365,-164.1850
12664.8767,-2.8392,-164.2656,-2.8392,-164.2656
12670.7347,-2.8418,-164.3462,-2.8418,-164.3462
12676.5926,-2.8445,-164.4268,-2.8445,-164.4268
12682.4506,-2.8472,-164.5075,-2.8472,-164.5075
12688.3085,-2.8498,-164.5881,-2.8498,-164.5881
12694.1665,-2.8525,-164.6688,-2.8525,-164.6688
12700.0244,-2.8552,-164.7494,-2.8552,-164.7494
12705.8824,-2.8579,-164.8301,-2.8579,-164.8301
12711.7403,-2.8606,-164.9108,-2.8606,-164.9108
12717.5982,-2.8632,-164.9915,-2.8632,-164.9915
12723.4562,-2.8659,-165.0722,-2.8659,-165.0722
12729.3141,-2.8686,-165.1529,-2.8686,-165.1529
12735.1721,-2.8713,-165.2336,-2.8713,-165.2336
12741.0300,-2.8740,-165.3144,-2.8740,-165.3144
12746.8880,-2.8767,-165.3951,-2.8767,-165.3951
12752.7459,-2.8794,-165.4759,-2.8794,-165.4759
12758.6039,-2.8820,-165.5567,-2.8820,-165.5567
12764.4618,-2.8847,-165.6375,-2.8847,-165.6375
12770.3197,-2.8874,-165.7182,-2.8874,-165.7182
12776.1777,-2.8901,-165.7990,-2.8901,-165.7990
12782.0356,-2.8928,-165.8799,-2.8928,-165.8799
12787.8936,-2.8955,-165.9607,-2.8955,-165.9607
12793.7515,-2.8982,-166.0415,-2.8982,-166.0415
12799.6095,-2.9009,-166.1224,-2.9009,-166.1224
12805.4674,-2.9036,-166.2032,-2.9036,-166.2032
12811.3254,-2.9063,-166.2841,-2.9063,-166.2841
12817.1833,-2.9091,-166.3650,-2.9091,-166.3650
12823.0412,-2.9118,-166.4459,-2.9118,-166.4459
12828.8992,-2.9145,-166.5268,-2.9145,-166.5268
12834.7571,-2.9172,-166.6077,-2.9172,-166.6077
12840.6151,-2.9199,-166.6886,-2.9199,-166.6886
12846.4730,-2.9226,-166.7696,-2.9226,-166.7696
12852.3310,-2.9253,-166.8505,-2.9253,-166.8505
12858.1889,-2.9281,-166.9315,-2.9281,-166.9315
12864.0469,-2.9308,-167.0124,-2.9308,-167.0124
12869.9048,-2.9335,-167.0934,-2.9335,-167.0934
12875.7628,-2.9362,-167.1744,-2.9362,-167.1744
12881.6207,-2.9389,-167.2554,-2.9389,-167.2554
12887.4786,-2.9417,-167.3364,-2.9417,-167.3364
12893.3366,-2.9444,-167.4174,-2.9444,-167.4174
12899.1945,-2.9471,-167.4985,-2.9471,-167.4985
12905.0525,-2.9499,-167.5795,-2.9499,-167.5795
12910.9104,-2.9526,-167.6606,-2.9526,-167.6606
12916.7684,-2.9553,-167.7417,-2.9553,-167.7417
12922.6263,-2.9581,-167.8227,-2.9581,-167.8227
12928.4843,-2.9608,-167.9038,-2.9608,-167.9038
12934.3422,-2.9635,-167.9849,-2.9635,-167.9849
12940.2001,-2.9663,-168.0660,-2.9663,-168.0660
12946.0581,-2.9690,-168.1472,-2.9690,-168.1472
12951.9160,-2.9717,-168.2283,-2.9717,-168.2283
12957.7740,-2.9745,-168.3094,-2.9745,-168.3094
12963.6319,-2.9772,-168.3906,-2.9772,-168.3906
12969.4899,-2.9800,-168.4718,-2.9800,-168.4718
12975.3478,-2.9827,-168.5529,-2.9827,-168.5529
12981.2058,-2.9855,-168.6342,-2.9855,-168.6342
12987.0637,-2.9882,-168.7153,-2.9882,-168.7153
12992.9216,-2.9910,-168.7966,-2.9910,-168.7966
12998.7796,-2.9937,-168.8778,-2.9937,-168.8778
13004.6375,-2.9965,-168.9590,-2.9965,-168.9590
13010.4955,-2.9993,-169.0403,-2.9993,-169.0403
13016.3534,-3.0020,-169.1215,-3.0020,-169.1215
13022.2114,-3.0048,-169.2028,-3.0048,-169.2028
13028.0693,-3.0075,-169.2841,-3.0075,-169.2841
13033.9273,-3.0103,-169.3654,-3.0103,-169.3654
13039.7852,-3.0131,-169.4467,-3.0131,-169.4467
13045.6432,-3.0158,-169.5280,-3.0158,-169.5280
13051.5011,-3.0186,-169.6093,-3.0186,-169.6093
13057.3590,-3.0214,-169.6907,-3.0214,-169.6907
13063.2170,-3.0241,-169.7720,-3.0241,-169.7720
13069.0749,-3.0269,-169.8534,-3.0269,-169.8534
13074.9329,-3.0297,-169.9348,-3.0297,-169.9348
13080.7908,-3.0325,-170.0161,-3.0325,-170.0161
13086.6488,-3.0352,-170.0975,-3.0352,-170.0975
13092.5067,-3.0380,-170.1789,-3.0380,-170.1789
13098.3647,-3.0408,-170.2604,-3.0408,-170.2604
13104.2226,-3.0436,-170.3418,-3.0436,-170.3418
13110.0805,-3.0464,-170.4232,-3.0464,-170.4232
13115.9385,-3.0492,-170.5047,-3.0492,-170.5047
13121.7964,-3.0519,-170.5862,-3.0519,-170.5862
13127.6544,-3.0547,-170.6676,-3.0547,-170.6676
13133.5123,-3.0575,-170.7491,-3.0575,-170.7491
13139.3703,-3.0603,-170.8306,-3.0603,-170.8306
13145.2282,-3.0631,-170.9121,-3.0631,-170.9121
13151.0862,-3.0659,-170.9937,-3.0659,-170.9937
13156.9441,-3.0687,-171.0752,-3.0687,-171.0752
13162.8021,-3.0715,-171.1567,-3.0715,-171.1567
13168.6600,-3.0743,-171.2383,-3.0743,-171.2383
13174.5179,-3.0771,-171.3199,-3.0771,-171.3199
13180.3759,-3.0799,-171.4014,-3.0799,-171.4014
13186.2338,-3.0827,-171.4830,-3.0827,-171.4830
13192.0918,-3.0855,-171.5646,-3.0855,-171.5646
13197.9497,-3.0883,-171.6463,-3.0883,-171.6463
13203.8077,-3.0911,-171.7279,-3.0911,-171.7279
13209.6656,-3.0939,-171.8095,-3.0939,-171.8095
13215.5236,-3.0968,-171.8912,-3.0968,-171.8912
13221.3815,-3.0996,-171.9728,-3.0996,-171.9728
13227.2394,-3.1024,-172.0545,-3.1024,-172.0545
13233.0974,-3.1052,-172.1362,-3.1052,-172.1362
13238.9553,-3.1080,-172.2179,-3.1080,-172.2179
13244.8133,-3.1108,-172.2996,-3.1108,-172.2996
13250.6712,-3.1137,-172.3813,-3.1137,-172.3813
13256.5292,-3.1165,-172.4630,-3.1165,-172.4630
13262.3871,-3.1193,-172.5448,-3.1193,-172.5448
13268.2451,-3.1221,-172.6265,-3.1221,-172.6265
13274.1030,-3.1250,-172.7083,-3.1250,-172.7083
13279.9609,-3.1278,-172.7901,-3.1278,-172.7901
13285.8189,-3.1306,-172.8719,-3.1306,-172.8719
13291.6768,-3.1334,-172.9537,-3.1334,-172.9537
13297.5348,-3.1363,-173.0355,-3.1363,-173.0355
13303.3927,-3.1391,-173.1173,-3.1391,-173.1173
13309.2507,-3.1420,-173.1992,-3.1420,-173.1992
13315.1086,-3.1448,-173.2810,-3.1448,-173.2810
13320.9666,-3.1476,-173.3629,-3.1476,-173.3629
13326.8245,-3.1505,-173.4447,-3.1505,-173.4447
13332.6825,-3.1533,-173.5266,-3.1533,-173.5266
13338.5404,-3.1562,-173.6085,-3.1562,-173.6085
13344.3983,-3.1590,-173.6904,-3.1590,-173.6904
13350.2563,-3.1618,-173.7724,-3.1618,-173.7724
13356.1142,-3.1647,-173.8543,-3.1647,-173.8543
13361.9722,-3.1675,-173.9362,-3.1675,-173.9362
13367.8301,-3.1704,-174.0182,-3.1704,-174.0182
13373.6881,-3.1733,-174.1002,-3.1733,-174.1002
13379.5460,-3.1761,-174.1821,-3.1761,-174.1821
13385.4040,-3.1790,-174.2641,-3.1790,-174.2641
13391.2619,-3.1818,-174.3462,-3.1818,-174.3462
13397.1198,-3.1847,-174.4282,-3.1847,-174.4282
13402.9778,-3.1875,-174.5102,-3.1875,-174.5102
13408.8357,-3.1904,-174.5922,-3.1904,-174.5922
13414.6937,-3.1933,-174.6743,-3.1933,-174.6743
13420.5516,-3.1961,-174.7564,-3.1961,-174.7564
13426.4096,-3.1990,-174.8384,-3.1990,-174.8384
13432.2675,-3.2019,-174.9205,-3.2019,-174.9205
13438.1255,-3.2047,-175.0026,-3.2047,-175.0026
13443.9834,-3.2076,-175.0848,-3.2076,-175.0848
13449.8413,-3.2105,-175.1669,-3.2105,-175.1669
13455.6993,-3.2134,-175.2490,-3.2134,-175.2490
13461.5572,-3.2162,-175.3312,-3.2162,-175.3312
13467.4152,-3.2191,-175.4133,-3.2191,-175.4133
13473.2731,-3.2220,-175.4955,-3.2220,-175.4955
13479.1311,-3.2249,-175.5777,-3.2249,-175.5777
13484.9890,-3.2278,-175.6599,-3.2278,-175.6599
13490.8470,-3.2307,-175.7421,-3.2307,-175.7421
13496.7049,-3.2335,-175.8243,-3.2335,-175.8243
13502.5629,-3.2364,-175.9066,-3.2364,-175.9066
13508.4208,-3.2393,-175.9888,-3.2393,-175.9888
13514.2787,-3.2422,-176.0711,-3.2422,-176.0711
13520.1367,-3.2451,-176.1534,-3.2451,-176.1534
13525.9946,-3.2480,-176.2356,-3.2480,-176.2356
13531.8526,-3.2509,-176.3179,-3.2509,-176.3179
13537.7105,-3.2538,-176.4002,-3.2538,-176.4002
13543.5685,-3.2567,-176.4826,-3.2567,-176.4826
13549.4264,-3.2596,-176.5649,-3.2596,-176.5649
13555.2844,-3.2625,-176.6472,-3.2625,-176.6472
13561.1423,-3.2654,-176.7296,-3.2654,-176.7296
13567.0002,-3.2683,-176.8120,-3.2683,-176.8120
13572.8582,-3.2712,-176.8944,-3.2712,-176.8944
13578.7161,-3.2741,-176.9768,-3.2741,-176.9768
13584.5741,-3.2770,-177.0592,-3.2770,-177.0592
13590.4320,-3.2799,-177.1416,-3.2799,-177.1416
13596.2900,-3.2829,-177.2240,-3.2829,-177.2240
13602.1479,-3.2858,-177.3065,-3.2858,-177.3065
13608.0059,-3.2887,-177.3889,-3.2887,-177.3889
13613.8638,-3.2916,-177.4714,-3.2916,-177.4714
13619.7217,-3.2945,-177.5539,-3.2945,-177.5539
13625.5797,-3.2974,-177.6364,-3.2974,-177.6364
13631.4376,-3.3004,-177.7189,-3.3004,-177.7189
13637.2956,-3.3033,-177.8014,-3.3033,-177.8014
13643.1535,-3.3062,-177.8840,-3.3062,-177.8840
13649.0115,-3.3091,-177.9665,-3.3091,-177.9665
13654.8694,-3.3121,-178.0491,-3.3121,-178.0491
13660.7274,-3.3150,-178.1316,-3.3150,-178.1316
13666.5853,-3.3179,-178.2142,-3.3179,-178.2142
13672.4433,-3.3209,-178.2968,-3.3209,-178.2968
13678.3012,-3.3238,-178.3794,-3.3238,-178.3794
13684.1591,-3.3267,-178.4621,-3.3267,-178.4621
13690.0171,-3.3297,-178.5447,-3.3297,-178.5447
13695.8750,-3.3326,-178.6273,-3.3326,-178.6273
13701.7330,-3.3356,-178.7100,-3.3356,-178.7100
13707.5909,-3.3385,-178.7927,-3.3385,-178.7927
13713.4489,-3.3414,-178.8754,-3.3414,-178.8754
13719.3068,-3.3444,-178.9581,-3.3444,-178.9581
13725.1648,-3.3473,-179.0408,-3.3473,-179.0408
13731.0227,-3.3503,-179.1235,-3.3503,-179.1235
13736.8806,-3.3532,-179.2062,-3.3532,-179.2062
13742.7386,-3.3562,-179.2890,-3.3562,-179.2890
13748.5965,-3.3591,-179.3717,-3.3591,-179.3717
13754.4545,-3.3621,-179.4545,-3.3621,-179.4545
13760.3124,-3.3651,-179.5373,-3.3651,-179.5373
13766.1704,-3.3680,-179.6201,-3.3680,-179.6201
13772.0283,-3.3710,-179.7029,-3.3710,-179.7029
13777.8863,-3.3739,-179.7858,-3.3739,-179.7858
13783.7442,-3.3769,-179.8686,-3.3769,-179.8686
13789.6021,-3.3799,-179.9514,-3.3799,-179.9514
13795.4601,-3.3828,179.9657,-3.3828,179.9657
13801.3180,-3.3858,179.8828,-3.3858,179.8828
13807.1760,-3.3888,179.7999,-3.3888,179.7999
13813.0339,-3.3917,179.7170,-3.3917,179.7170
13818.8919,-3.3947,179.6341,-3.3947,179.6341
13824.7498,-3.3977,179.5512,-3.3977,179.5512
13830.6078,-3.4007,179.4682,-3.4007,179.4682
13836.4657,-3.4037,179.3853,-3.4037,179.3853
13842.3237,-3.4066,179.3023,-3.4066,179.3023
13848.1816,-3.4096,179.2193,-3.4096,179.2193
13854.0395,-3.4126,179.1363,-3.4126,179.1363
13859.8975,-3.4156,179.0533,-3.4156,179.0533
13865.7554,-3.4186,178.9703,-3.4186,178.9703
13871.6134,-3.4216,178.8873,-3.4216,178.8873
13877.4713,-3.4245,178.8042,-3.4245,178.8042
13883.3293,-3.4275,178.7212,-3.4275,178.7212
13889.1872,-3.4305,178.6381,-3.4305,178.6381
13895.0452,-3.4335,178.5550,-3.4335,178.5550
13900.9031,-3.4365,178.4719,-3.4365,178.4719
13906.7610,-3.4395,178.3888,-3.4395,178.3888
13912.6190,-3.4425,178.3057,-3.4425,178.3057
13918.4769,-3.4455,178.2225,-3.4455,178.2225
13924.3349,-3.4485,178.1394,-3.4485,178.1394
13930.1928,-3.4515,178.0562,-3.4515,178.0562
13936.0508,-3.4545,177.9731,-3.4545,177.9731
13941.9087,-3.4575,177.8899,-3.4575,177.8899
13947.7667,-3.4605,177.8066,-3.4605,177.8066
13953.6246,-3.4635,177.7234,-3.4635,177.7234
13959.4825,-3.4666,177.6402,-3.4666,177.6402
13965.3405,-3.4696,177.5570,-3.4696,177.5570
13971.1984,-3.4726,177.4737,-3.4726,177.4737
13977.0564,-3.4756,177.3904,-3.4756,177.3904
13982.9143,-3.4786,177.3071,-3.4786,177.3071
13988.7723,-3.4816,177.2238,-3.4816,177.2238
13994.6302,-3.4847,177.1405,-3.4847,177.1405
14000.4882,-3.4877,177.0572,-3.4877,177.0572
14006.3461,-3.4907,176.9739,-3.4907,176.9739
14012.2041,-3.4937,176.8905,-3.4937,176.8905
14018.0620,-3.4968,176.8072,-3.4968,176.8072
14023.9199,-3.4998,176.7238,-3.4998,176.7238
14029.7779,-3.5028,176.6404,-3.5028,176.6404
14035.6358,-3.5058,176.5570,-3.5058,176.5570
14041.4938,-3.5089,176.4736,-3.5089,176.4736
14047.3517,-3.5119,176.3901,-3.5119,176.3901
14053.2097,-3.5149,176.3067,-3.5149,176.3067
14059.0676,-3.5180,176.2232,-3.5180,176.2232
14064.9256,-3.5210,176.1398,-3.5210,176.1398
14070.7835,-3.5241,176.0563,-3.5241,176.0563
14076.6414,-3.5271,175.9728,-3.5271,175.9728
14082.4994,-3.5302,175.8893,-3.5302,175.8893
14088.3573,-3.5332,175.8057,-3.5332,175.8057
14094.2153,-3.5362,175.7222,-3.5362,175.7222
14100.0732,-3.5393,175.6386,-3.5393,175.6386
14105.9312,-3.5423,175.5551,-3.5423,175.5551
14111.7891,-3.5454,175.4715,-3.5454,175.4715
14117.6471,-3.5485,175.3879,-3.5485,175.3879
14123.5050,-3.5515,175.3043,-3.5515,175.3043
14129.3629,-3.5546,175.2207,-3.5546,175.2207
14135.2209,-3.5576,175.1370,-3.5576,175.1370
14141.0788,-3.5607,175.0534,-3.5607,175.0534
14146.9368,-3.5637,174.9697,-3.5637,174.9697
14152.7947,-3.5668,174.8860,-3.5668,174.8860
14158.6527,-3.5699,174.8024,-3.5699,174.8024
14164.5106,-3.5729,174.7187,-3.5729,174.7187
14170.3686,-3.5760,174.6349,-3.5760,174.6349
14176.2265,-3.5791,174.5512,-3.5791,174.5512
14182.0845,-3.5822,174.4675,-3.5822,174.4675
14187.9424,-3.5852,174.3837,-3.5852,174.3837
14193.8003,-3.5883,174.2999,-3.5883,174.2999
14199.6583,-3.5914,174.2162,-3.5914,174.2162
14205.5162,-3.5945,174.1323,-3.5945,174.1323
14211.3742,-3.5975,174.0485,-3.5975,174.0485
14217.2321,-3.6006,173.9647,-3.6006,173.9647
14223.0901,-3.6037,173.8809,-3.6037,173.8809
14228.9480,-3.6068,173.7970,-3.6068,173.7970
14234.8060,-3.6099,173.7132,-3.6099,173.7132
14240.6639,-3.6130,173.6293,-3.6130,173.6293
14246.5218,-3.6160,173.5454,-3.6160,173.5454
14252.3798,-3.6191,173.4615,-3.6191,173.4615
14258.2377,-3.6222,173.3775,-3.6222,173.3775
14264.0957,-3.6253,173.2936,-3.6253,173.2936
14269.9536,-3.6284,173.2096,-3.6284,173.2096
14275.8116,-3.6315,173.1257,-3.6315,173.1257
14281.6695,-3.6346,173.0417,-3.6346,173.0417
14287.5275,-3.6377,172.9577,-3.6377,172.9577
14293.3854,-3.6408,172.8737,-3.6408,172.8737
14299.2433,-3.6439,172.7897,-3.6439,172.7897
14305.1013,-3.6470,172.7056,-3.6470,172.7056
14310.9592,-3.6501,172.6216,-3.6501,172.6216
14316.8172,-3.6532,172.5375,-3.6532,172.5375
14322.6751,-3.6563,172.4534,-3.6563,172.4534
14328.5331,-3.6595,172.3693,-3.6595,172.3693
14334.3910,-3.6626,172.2852,-3.6626,172.2852
14340.2490,-3.6657,172.2011,-3.6657,172.2011
14346.1069,-3.6688,172.1170,-3.6688,172.1170
14351.9649,-3.6719,172.0328,-3.6719,172.0328
14357.8228,-3.6750,171.9487,-3.6750,171.9487
14363.6807,-3.6782,171.8645,-3.6782,171.8645
14369.5387,-3.6813,171.7803,-3.6813,171.7803
14375.3966,-3.6844,171.6961,-3.6844,171.6961
14381.2546,-3.6875,171.6118,-3.6875,171.6118
14387.1125,-3.6907,171.5276,-3.6907,171.5276
14392.9705,-3.6938,171.4434,-3.6938,171.4434
14398.8284,-3.6969,171.3591,-3.6969,171.3591
14404.6864,-3.7001,171.2748,-3.7001,171.2748
14410.5443,-3.7032,171.1905,-3.7032,171.1905
14416.4022,-3.7063,171.1062,-3.7063,171.1062
14422.2602,-3.7095,171.0219,-3.7095,171.0219
14428.1181,-3.7126,170.9376,-3.7126,170.9376
14433.9761,-3.7157,170.8532,-3.7157,170.8532
14439.8340,-3.7189,170.7689,-3.7189,170.7689
14445.6920,-3.7220,170.6845,-3.7220,170.6845
14451.5499,-3.7252,170.6001,-3.7252,170.6001
14457.4079,-3.7283,170.5157,-3.7283,170.5157
14463.2658,-3.7315,170.4312,-3.7315,170.4312
14469.1237,-3.7346,170.3468,-3.7346,170.3468
14474.9817,-3.7378,170.2624,-3.7378,170.2624
14480.8396,-3.7409,170.1779,-3.7409,170.1779
14486.6976,-3.7441,170.0934,-3.7441,170.0934
14492.5555,-3.7472,170.0089,-3.7472,170.0089
14498.4135,-3.7504,169.9244,-3.7504,169.9244
14504.2714,-3.7535,169.8399,-3.7535,169.8399
14510.1294,-3.7567,169.7553,-3.7567,169.7553
14515.9873,-3.7599,169.6708,-3.7599,169.6708
14521.8453,-3.7630,169.5862,-3.7630,169.5862
14527.7032,-3.7662,169.5016,-3.7662,169.5016
14533.5611,-3.7694,169.4170,-3.7694,169.4170
14539.4191,-3.7725,169.3324,-3.7725,169.3324
14545.2770,-3.7757,169.2478,-3.7757,169.2478
14551.1350,-3.7789,169.1632,-3.7789,169.1632
14556.9929,-3.7820,169.0785,-3.7820,169.0785
14562.8509,-3.7852,168.9938,-3.7852,168.9938
14568.7088,-3.7884,168.9091,-3.7884,168.9091
14574.5668,-3.7916,168.8244,-3.7916,168.8244
14580.4247,-3.7948,168.7397,-3.7948,168.7397
14586.2826,-3.7979,168.6550,-3.7979,168.6550
14592.1406,-3.8011,168.5703,-3.8011,168.5703
14597.9985,-3.8043,168.4855,-3.8043,168.4855
14603.8565,-3.8075,168.4007,-3.8075,168.4007
14609.7144,-3.8107,168.3159,-3.8107,168.3159
14615.5724,-3.8139,168.2311,-3.8139,168.2311
14621.4303,-3.8171,168.1463,-3.8171,168.1463
14627.2883,-3.8202,168.0615,-3.8202,168.0615
14633.1462,-3.8234,167.9766,-3.8234,167.9766
14639.0041,-3.8266,167.8918,-3.8266,167.8918
14644.8621,-3.8298,167.8069,-3.8298,167.8069
14650.7200,-3.8330,167.7220,-3.8330,167.7220
14656.5780,-3.8362,167.6371,-3.8362,167.6371
14662.4359,-3.8394,167.5522,-3.8394,167.5522
14668.2939,-3.8426,167.4672,-3.8426,167.4672
14674.1518,-3.8458,167.3823,-3.8458,167.3823
14680.0098,-3.8490,167.2973,-3.8490,167.2973
14685.8677,-3.8523,167.2123,-3.8523,167.2123
14691.7257,-3.8555,167.1273,-3.8555,167.1273
14697.5836,-3.8587,167.0423,-3.8587,167.0423
14703.4415,-3.8619,166.9573,-3.8619,166.9573
14709.2995,-3.8651,166.8722,-3.8651,166.8722
14715.1574,-3.8683,166.7872,-3.8683,166.7872
14721.0154,-3.8715,166.7021,-3.8715,166.7021
14726.8733,-3.8748,166.6170,-3.8748,166.6170
14732.7313,-3.8780,166.5319,-3.8780,166.5319
14738.5892,-3.8812,166.4468,-3.8812,166.4468
14744.4472,-3.8844,166.3616,-3.8844,166.3616
14750.3051,-3.8877,166.2765,-3.8877,166.2765
14756.1630,-3.8909,166.1913,-3.8909,166.1913
14762.0210,-3.8941,166.1061,-3.8941,166.1061
14767.8789,-3.8973,166.0209,-3.8973,166.0209
14773.7369,-3.9006,165.9357,-3.9006,165.9357
14779.5948,-3.9038,165.8505,-3.9038,165.8505
14785.4528,-3.9070,165.7652,-3.9070,165.7652
14791.3107,-3.9103,165.6800,-3.9103,165.6800
14797.1687,-3.9135,165.5947,-3.9135,165.5947
14803.0266,-3.9168,165.5094,-3.9168,165.5094
14808.8845,-3.9200,165.4241,-3.9200,165.4241
14814.7425,-3.9232,165.3388,-3.9232,165.3388
14820.6004,-3.9265,165.2535,-3.9265,165.2535
14826.4584,-3.9297,165.1681,-3.9297,165.1681
14832.3163,-3.9330,165.0828,-3.9330,165.0828
14838.1743,-3.9362,164.9974,-3.9362,164.9974
14844.0322,-3.9395,164.9120,-3.9395,164.9120
14849.8902,-3.9427,164.8266,-3.9427,164.8266
14855.7481,-3.9460,164.7411,-3.9460,164.7411
14861.6061,-3.9492,164.6557,-3.9492,164.6557
14867.4640,-3.9525,164.5702,-3.9525,164.5702
14873.3219,-3.9558,164.4848,-3.9558,164.4848
14879.1799,-3.9590,164.3993,-3.9590,164.3993
14885.0378,-3.9623,164.3138,-3.9623,164.3138
14890.8958,-3.9655,164.2282,-3.9655,164.2282
14896.7537,-3.9688,164.1427,-3.9688,164.1427
14902.6117,-3.9721,164.0571,-3.9721,164.0571
14908.4696,-3.9753,163.9716,-3.9753,163.9716
14914.3276,-3.9786,163.8860,-3.9786,163.8860
14920.1855,-3.9819,163.8004,-3.9819,163.8004
14926.0434,-3.9852,163.7148,-3.9852,163.7148
14931.9014,-3.9884,163.6292,-3.9884,163.6292
14937.7593,-3.9917,163.5435,-3.9917,163.5435
14943.6173,-3.9950,163.4579,-3.9950,163.4579
14949.4752,-3.9983,163.3722,-3.9983,163.3722
14955.3332,-4.0015,163.2865,-4.0015,163.2865
14961.1911,-4.0048,163.2008,-4.0048,163.2008
14967.0491,-4.0081,163.1150,-4.0081,163.1150
14972.9070,-4.0114,163.0293,-4.0114,163.0293
14978.7649,-4.0147,162.9435,-4.0147,162.9435
14984.6229,-4.0180,162.8578,-4.0180,162.8578
14990.4808,-4.0213,162.7720,-4.0213,162.7720
14996.3388,-4.0246,162.6862,-4.0246,162.6862
15002.1967,-4.0279,162.6003,-4.0279,162.6003
15008.0547,-4.0311,162.5145,-4.0311,162.5145
15013.9126,-4.0344,162.4286,-4.0344,162.4286
15019.7706,-4.0377,162.3428,-4.0377,162.3428
15025.6285,-4.0410,162.2569,-4.0410,162.2569
15031.4865,-4.0443,162.1710,-4.0443,162.1710
15037.3444,-4.0476,162.0851,-4.0476,162.0851
15043.2023,-4.0510,161.9991,-4.0510,161.9991
15049.0603,-4.0543,161.9132,-4.0543,161.9132
15054.9182,-4.0576,161.8272,-4.0576,161.8272
15060.7762,-4.0609,161.7412,-4.0609,161.7412
15066.6341,-4.0642,161.6552,-4.0642,161.6552
15072.4921,-4.0675,161.5692,-4.0675,161.5692
15078.3500,-4.0708,161.4832,-4.0708,161.4832
15084.2080,-4.0741,161.3972,-4.0741,161.3972
15090.0659,-4.0774,161.3111,-4.0774,161.3111
15095.9238,-4.0808,161.2250,-4.0808,161.2250
15101.7818,-4.0841,161.1389,-4.0841,161.1389
15107.6397,-4.0874,161.0528,-4.0874,161.0528
15113.4977,-4.0907,160.9667,-4.0907,160.9667
15119.3556,-4.0941,160.8805,-4.0941,160.8805
15125.2136,-4.0974,160.7944,-4.0974,160.7944
15131.0715,-4.1007,160.7082,-4.1007,160.7082
15136.9295,-4.1040,160.6220,-4.1040,160.6220
15142.7874,-4.1074,160.5358,-4.1074,160.5358
15148.6454,-4.1107,160.4496,-4.1107,160.4496
15154.5033,-4.1140,160.3633,-4.1140,160.3633
15160.3612,-4.1174,160.2771,-4.1174,160.2771
15166.2192,-4.1207,160.1908,-4.1207,160.1908
15172.0771,-4.1240,160.1045,-4.1240,160.1045
15177.9351,-4.1274,160.0182,-4.1274,160.0182
15183.7930,-4.1307,159.9319,-4.1307,159.9319
15189.6510,-4.1341,159.8455,-4.1341,159.8455
15195.5089,-4.1374,159.7592,-4.1374,159.7592
15201.3669,-4.1408,159.6728,-4.1408,159.6728
15207.2248,-4.1441,159.5864,-4.1441,159.5864
15213.0827,-4.1475,159.5000,-4.1475,159.5000
15218.9407,-4.1508,159.4136,-4.1508,159.4136
15224.7986,-4.1542,159.3271,-4.1542,159.3271
15230.6566,-4.1575,159.2407,-4.1575,159.2407
15236.5145,-4.1609,159.1542,-4.1609,159.1542
15242.3725,-4.1642,159.0677,-4.1642,159.0677
15248.2304,-4.1676,158.9812,-4.1676,158.9812
15254.0884,-4.1710,158.8947,-4.1710,158.8947
15259.9463,-4.1743,158.8081,-4.1743,158.8081
15265.8042,-4.1777,158.7216,-4.1777,158.7216
15271.6622,-4.1810,158.6350,-4.1810,158.6350
15277.5201,-4.1844,158.5484,-4.1844,158.5484
15283.3781,-4.1878,158.4618,-4.1878,158.4618
15289.2360,-4.1912,158.3752,-4.1912,158.3752
15295.0940,-4.1945,158.2885,-4.1945,158.2885
15300.9519,-4.1979,158.2019,-4.1979,158.2019
15306.8099,-4.2013,158.1152,-4.2013,158.1152
15312.6678,-4.2046,158.0285,-4.2046,158.0285
15318.5258,-4.2080,157.9418,-4.2080,157.9418
15324.3837,-4.2114,157.8551,-4.2114,157.8551
15330.2416,-4.2148,157.7683,-4.2148,157.7683
15336.0996,-4.2182,157.6816,-4.2182,157.6816
15341.9575,-4.2216,157.5948,-4.2216,157.5948
15347.8155,-4.2249,157.5080,-4.2249,157.5080
15353.6734,-4.2283,157.4212,-4.2283,157.4212
15359.5314,-4.2317,157.3343,-4.2317,157.3343
15365.3893,-4.2351,157.2475,-4.2351,157.2475
15371.2473,-4.2385,157.1606,-4.2385,157.1606
15377.1052,-4.2419,157.0737,-4.2419,157.0737
15382.9631,-4.2453,156.9869,-4.2453,156.9869
15388.8211,-4.2487,156.8999,-4.2487,156.8999
15394.6790,-4.2521,156.8130,-4.2521,156.8130
15400.5370,-4.2555,156.7261,-4.2555,156.7261
15406.3949,-4.2589,156.6391,-4.2589,156.6391
15412.2529,-4.2623,156.5521,-4.2623,156.5521
15418.1108,-4.2657,156.4651,-4.2657,156.4651
15423.9688,-4.2691,156.3781,-4.2691,156.3781
15429.8267,-4.2725,156.2911,-4.2725,156.2911
15435.6846,-4.2759,156.2040,-4.2759,156.2040
15441.5426,-4.2793,156.1170,-4.2793,156.1170
15447.4005,-4.2827,156.0299,-4.2827,156.0299
15453.2585,-4.2861,155.9427,-4.2861,155.9427
15459.1164,-4.2896,155.8556,-4.2896,155.8556
15464.9744,-4.2930,155.7685,-4.2930,155.7685
15470.8323,-4.2964,155.6813,-4.2964,155.6813
15476.6903,-4.2998,155.5942,-4.2998,155.5942
15482.5482,-4.3032,155.5070,-4.3032,155.5070
15488.4062,-4.3067,155.4198,-4.3067,155.4198
15494.2641,-4.3101,155.3326,-4.3101,155.3326
15500.1220,-4.3135,155.2453,-4.3135,155.2453
15505.9800,-4.3169,155.1581,-4.3169,155.1581
15511.8379,-4.3204,155.0708,-4.3204,155.0708
15517.6959,-4.3238,154.9835,-4.3238,154.9835
15523.5538,-4.3272,154.8961,-4.3272,154.8961
15529.4118,-4.3306,154.8088,-4.3306,154.8088
15535.2697,-4.3341,154.7215,-4.3341,154.7215
15541.1277,-4.3375,154.6341,-4.3375,154.6341
15546.9856,-4.3410,154.5467,-4.3410,154.5467
15552.8435,-4.3444,154.4593,-4.3444,154.4593
15558.7015,-4.3478,154.3719,-4.3478,154.3719
15564.5594,-4.3513,154.2845,-4.3513,154.2845
15570.4174,-4.3547,154.1970,-4.3547,154.1970
15576.2753,-4.3582,154.1095,-4.3582,154.1095
15582.1333,-4.3616,154.0220,-4.3616,154.0220
15587.9912,-4.3651,153.9345,-4.3651,153.9345
15593.8492,-4.3685,153.8470,-4.3685,153.8470
15599.7071,-4.3720,153.7595,-4.3720,153.7595
15605.5650,-4.3754,153.6719,-4.3754,153.6719
15611.4230,-4.3789,153.5843,-4.3789,153.5843
15617.2809,-4.3823,153.4967,-4.3823,153.4967
15623.1389,-4.3858,153.4091,-4.3858,153.4091
15628.9968,-4.3892,153.3215,-4.3892,153.3215
15634.8548,-4.3927,153.2338,-4.3927,153.2338
15640.7127,-4.3962,153.1462,-4.3962,153.1462
15646.5707,-4.3996,153.0585,-4.3996,153.0585
15652.4286,-4.4031,152.9708,-4.4031,152.9708
15658.2866,-4.4066,152.8831,-4.4066,152.8831
15664.1445,-4.4100,152.7953,-4.4100,152.7953
15670.0024,-4.4135,152.7076,-4.4135,152.7076
15675.8604,-4.4170,152.6198,-4.4170,152.6198
15681.7183,-4.4204,152.5320,-4.4204,152.5320
15687.5763,-4.4239,152.4442,-4.4239,152.4442
15693.4342,-4.4274,152.3563,-4.4274,152.3563
15699.2922,-4.4309,152.2685,-4.4309,152.2685
15705.1501,-4.4343,152.1806,-4.4343,152.1806
15711.0081,-4.4378,152.0927,-4.4378,152.0927
15716.8660,-4.4413,152.0048,-4.4413,152.0048
15722.7239,-4.4448,151.9169,-4.4448,151.9169
15728.5819,-4.4483,151.8290,-4.4483,151.8290
15734.4398,-4.4518,151.7410,-4.4518,151.7410
15740.2978,-4.4552,151.6530,-4.4552,151.6530
15746.1557,-4.4587,151.5650,-4.4587,151.5650
15752.0137,-4.4622,151.4770,-4.4622,151.4770
15757.8716,-4.4657,151.3890,-4.4657,151.3890
15763.7296,-4.4692,151.3009,-4.4692,151.3009
15769.5875,-4.4727,151.2129,-4.4727,151.2129
15775.4454,-4.4762,151.1248,-4.4762,151.1248
15781.3034,-4.4797,151.0367,-4.4797,151.0367
15787.1613,-4.4832,150.9485,-4.4832,150.9485
15793.0193,-4.4867,150.8604,-4.4867,150.8604
15798.8772,-4.4902,150.7722,-4.4902,150.7722
15804.7352,-4.4937,150.6841,-4.4937,150.6841
15810.5931,-4.4972,150.5959,-4.4972,150.5959
15816.4511,-4.5007,150.5077,-4.5007,150.5077
15822.3090,-4.5042,150.4194,-4.5042,150.4194
15828.1670,-4.5077,150.3312,-4.5077,150.3312
15834.0249,-4.5112,150.2429,-4.5112,150.2429
15839.8828,-4.5148,150.1546,-4.5148,150.1546
15845.7408,-4.5183,150.0663,-4.5183,150.0663
15851.5987,-4.5218,149.9780,-4.5218,149.9780
15857.4567,-4.5253,149.8896,-4.5253,149.8896
15863.3146,-4.5288,149.8012,-4.5288,149.8012
15869.1726,-4.5323,149.7129,-4.5323,149.7129
15875.0305,-4.5359,149.6245,-4.5359,149.6245
15880.8885,-4.5394,149.5360,-4.5394,149.5360
15886.7464,-4.5429,149.4476,-4.5429,149.4476
15892.6043,-4.5464,149.3591,-4.5464,149.3591
15898.4623,-4.5500,149.2706,-4.5500,149.2706
15904.3202,-4.5535,149.1822,-4.5535,149.1822
15910.1782,-4.5570,149.0936,-4.5570,149.0936
15916.0361,-4.5606,149.0051,-4.5606,149.0051
15921.8941,-4.5641,148.9165,-4.5641,148.9165
15927.7520,-4.5676,148.8280,-4.5676,148.8280
15933.6100,-4.5712,148.7394,-4.5712,148.7394
15939.4679,-4.5747,148.6508,-4.5747,148.6508
15945.3258,-4.5782,148.5621,-4.5782,148.5621
15951.1838,-4.5818,148.4735,-4.5818,148.4735
15957.0417,-4.5853,148.3848,-4.5853,148.3848
15962.8997,-4.5889,148.2961,-4.5889,148.2961
15968.7576,-4.5924,148.2074,-4.5924,148.2074
15974.6156,-4.5960,148.1187,-4.5960,148.1187
15980.4735,-4.5995,148.0300,-4.5995,148.0300
15986.3315,-4.6031,147.9412,-4.6031,147.9412
15992.1894,-4.6066,147.8524,-4.6066,147.8524
15998.0474,-4.6102,147.7636,-4.6102,147.7636
16003.9053,-4.6137,147.6748,-4.6137,147.6748
16009.7632,-4.6173,147.5859,-4.6173,147.5859
16015.6212,-4.6208,147.4971,-4.6208,147.4971
16021.4791,-4.6244,147.4082,-4.6244,147.4082
16027.3371,-4.6279,147.3193,-4.6279,147.3193
16033.1950,-4.6315,147.2304,-4.6315,147.2304
16039.0530,-4.6351,147.1414,-4.6351,147.1414
16044.9109,-4.6386,147.0525,-4.6386,147.0525
16050.7689,-4.6422,146.9635,-4.6422,146.9635
16056.6268,-4.6458,146.8745,-4.6458,146.8745
16062.4847,-4.6493,146.7855,-4.6493,146.7855
16068.3427,-4.6529,146.6964,-4.6529,146.6964
16074.2006,-4.6565,146.6074,-4.6565,146.6074
16080.0586,-4.6600,146.5183,-4.6600,146.5183
16085.9165,-4.6636,146.4292,-4.6636,146.4292
16091.7745,-4.6672,146.3401,-4.6672,146.3401
16097.6324,-4.6708,146.2510,-4.6708,146.2510
16103.4904,-4.6743,146.1618,-4.6743,146.1618
16109.3483,-4.6779,146.0726,-4.6779,146.0726
16115.2062,-4.6815,145.9835,-4.6815,145.9835
16121.0642,-4.6851,145.8943,-4.6851,145.8943
16126.9221,-4.6887,145.8050,-4.6887,145.8050
16132.7801,-4.6922,145.7158,-4.6922,145.7158
16138.6380,-4.6958,145.6265,-4.6958,145.6265
16144.4960,-4.6994,145.5372,-4.6994,145.5372
16150.3539,-4.7030,145.4479,-4.7030,145.4479
16156.2119,-4.7066,145.3586,-4.7066,145.3586
16162.0698,-4.7102,145.2692,-4.7102,145.2692
16167.9278,-4.7138,145.1798,-4.7138,145.1798
16173.7857,-4.7174,145.0904,-4.7174,145.0904
16179.6436,-4.7210,145.0011,-4.7210,145.0011
16185.5016,-4.7246,144.9116,-4.7246,144.9116
16191.3595,-4.7282,144.8222,-4.7282,144.8222
16197.2175,-4.7318,144.7327,-4.7318,144.7327
16203.0754,-4.7354,144.6432,-4.7354,144.6432
16208.9334,-4.7390,144.5537,-4.7390,144.5537
16214.7913,-4.7426,144.4642,-4.7426,144.4642
16220.6493,-4.7462,144.3746,-4.7462,144.3746
16226.5072,-4.7498,144.2850,-4.7498,144.2850
16232.3651,-4.7534,144.1954,-4.7534,144.1954
16238.2231,-4.7570,144.1059,-4.7570,144.1059
16244.0810,-4.7606,144.0162,-4.7606,144.0162
16249.9390,-4.7642,143.9266,-4.7642,143.9266
16255.7969,-4.7679,143.8369,-4.7679,143.8369
16261.6549,-4.7715,143.7472,-4.7715,143.7472
16267.5128,-4.7751,143.6575,-4.7751,143.6575
16273.3708,-4.7787,143.5678,-4.7787,143.5678
16279.2287,-4.7823,143.4780,-4.7823,143.4780
16285.0866,-4.7860,143.3882,-4.7860,143.3882
16290.9446,-4.7896,143.2984,-4.7896,143.2984
16296.8025,-4.7932,143.2086,-4.7932,143.2086
16302.6605,-4.7968,143.1188,-4.7968,143.1188
16308.5184,-4.8005,143.0290,-4.8005,143.0290
16314.3764,-4.8041,142.9391,-4.8041,142.9391
16320.2343,-4.8077,142.8492,-4.8077,142.8492
16326.0923,-4.8113,142.7593,-4.8113,142.7593
16331.9502,-4.8150,142.6693,-4.8150,142.6693
16337.8082,-4.8186,142.5794,-4.8186,142.5794
16343.6661,-4.8222,142.4894,-4.8222,142.4894
16349.5240,-4.8259,142.3994,-4.8259,142.3994
16355.3820,-4.8295,142.3094,-4.8295,142.3094
16361.2399,-4.8332,142.2193,-4.8332,142.2193
16367.0979,-4.8368,142.1293,-4.8368,142.1293
16372.9558,-4.8404,142.0392,-4.8404,142.0392
16378.8138,-4.8441,141.9491,-4.8441,141.9491
16384.6717,-4.8477,141.8590,-4.8477,141.8590
16390.5297,-4.8514,141.7689,-4.8514,141.7689
16396.3876,-4.8550,141.6787,-4.8550,141.6787
16402.2455,-4.8587,141.5885,-4.8587,141.5885
16408.1035,-4.8623,141.4983,-4.8623,141.4983
16413.9614,-4.8660,141.4081,-4.8660,141.4081
16419.8194,-4.8696,141.3178,-4.8696,141.3178
16425.6773,-4.8733,141.2276,-4.8733,141.2276
16431.5353,-4.8769,141.1373,-4.8769,141.1373
16437.3932,-4.8806,141.0470,-4.8806,141.0470
16443.2512,-4.8843,140.9566,-4.8843,140.9566
16449.1091,-4.8879,140.8663,-4.8879,140.8663
16454.9670,-4.8916,140.7759,-4.8916,140.7759
16460.8250,-4.8952,140.6855,-4.8952,140.6855
16466.6829,-4.8989,140.5951,-4.8989,140.5951
16472.5409,-4.9026,140.5047,-4.9026,140.5047
16478.3988,-4.9062,140.4142,-4.9062,140.4142
16484.2568,-4.9099,140.3237,-4.9099,140.3237
16490.1147,-4.9136,140.2333,-4.9136,140.2333
16495.9727,-4.9172,140.1427,-4.9172,140.1427
16501.8306,-4.9209,140.0522,-4.9209,140.0522
16507.6886,-4.9246,139.9616,-4.9246,139.9616
16513.5465,-4.9283,139.8711,-4.9283,139.8711
16519.4044,-4.9319,139.7805,-4.9319,139.7805
16525.2624,-4.9356,139.6898,-4.9356,139.6898
16531.1203,-4.9393,139.5992,-4.9393,139.5992
16536.9783,-4.9430,139.5085,-4.9430,139.5085
16542.8362,-4.9466,139.4178,-4.9466,139.4178
16548.6942,-4.9503,139.3271,-4.9503,139.3271
16554.5521,-4.9540,139.2364,-4.9540,139.2364
16560.4101,-4.9577,139.1457,-4.9577,139.1457
16566.2680,-4.9614,139.0549,-4.9614,139.0549
16572.1259,-4.9651,138.9641,-4.9651,138.9641
16577.9839,-4.9688,138.8733,-4.9688,138.8733
16583.8418,-4.9725,138.7824,-4.9725,138.7824
16589.6998,-4.9761,138.6916,-4.9761,138.6916
16595.5577,-4.9798,138.6007,-4.9798,138.6007
16601.4157,-4.9835,138.5098,-4.9835,138.5098
16607.2736,-4.9872,138.4189,-4.9872,138.4189
16613.1316,-4.9909,138.3279,-4.9909,138.3279
16618.9895,-4.9946,138.2370,-4.9946,138.2370
16624.8474,-4.9983,138.1460,-4.9983,138.1460
16630.7054,-5.0020,138.0549,-5.0020,138.0549
16636.5633,-5.0057,137.9639,-5.0057,137.9639
16642.4213,-5.0094,137.8729,-5.0094,137.8729
16648.2792,-5.0131,137.7818,-5.0131,137.7818
16654.1372,-5.0168,137.6907,-5.0168,137.6907
16659.9951,-5.0205,137.5996,-5.0205,137.5996
16665.8531,-5.0242,137.5084,-5.0242,137.5084
16671.7110,-5.0280,137.4173,-5.0280,137.4173
16677.5690,-5.0317,137.3261,-5.0317,137.3261
16683.4269,-5.0354,137.2349,-5.0354,137.2349
16689.2848,-5.0391,137.1436,-5.0391,137.1436
16695.1428,-5.0428,137.0524,-5.0428,137.0524
16701.0007,-5.0465,136.9611,-5.0465,136.9611
16706.8587,-5.0502,136.8698,-5.0502,136.8698
16712.7166,-5.0540,136.7785,-5.0540,136.7785
16718.5746,-5.0577,136.6872,-5.0577,136.6872
16724.4325,-5.0614,136.5958,-5.0614,136.5958
16730.2905,-5.0651,136.5044,-5.0651,136.5044
16736.1484,-5.0688,136.4130,-5.0688,136.4130
16742.0063,-5.0726,136.3216,-5.0726,136.3216
16747.8643,-5.0763,136.2301,-5.0763,136.2301
16753.7222,-5.0800,136.1387,-5.0800,136.1387
16759.5802,-5.0838,136.0472,-5.0838,136.0472
16765.4381,-5.0875,135.9557,-5.0875,135.9557
16771.2961,-5.0912,135.8641,-5.0912,135.8641
16777.1540,-5.0949,135.7726,-5.0949,135.7726
16783.0120,-5.0987,135.6810,-5.0987,135.6810
16788.8699,-5.1024,135.5894,-5.1024,135.5894
16794.7278,-5.1061,135.4977,-5.1061,135.4977
16800.5858,-5.1099,135.4061,-5.1099,135.4061
16806.4437,-5.1136,135.3144,-5.1136,135.3144
16812.3017,-5.1174,135.2227,-5.1174,135.2227
16818.1596,-5.1211,135.1310,-5.1211,135.1310
16824.0176,-5.1248,135.0393,-5.1248,135.0393
16829.8755,-5.1286,134.9475,-5.1286,134.9475
16835.7335,-5.1323,134.8557,-5.1323,134.8557
16841.5914,-5.1361,134.7639,-5.1361,134.7639
16847.4494,-5.1398,134.6721,-5.1398,134.6721
16853.3073,-5.1436,134.5802,-5.1436,134.5802
16859.1652,-5.1473,134.4884,-5.1473,134.4884
16865.0232,-5.1511,134.3965,-5.1511,134.3965
16870.8811,-5.1548,134.3045,-5.1548,134.3045
16876.7391,-5.1586,134.2126,-5.1586,134.2126
16882.5970,-5.1623,134.1206,-5.1623,134.1206
16888.4550,-5.1661,134.0286,-5.1661,134.0286
16894.3129,-5.1698,133.9366,-5.1698,133.9366
16900.1709,-5.1736,133.8446,-5.1736,133.8446
16906.0288,-5.1774,133.7525,-5.1774,133.7525
16911.8867,-5.1811,133.6605,-5.1811,133.6605
16917.7447,-5.1849,133.5684,-5.1849,133.5684
16923.6026,-5.1886,133.4762,-5.1886,133.4762
16929.4606,-5.1924,133.3841,-5.1924,133.3841
16935.3185,-5.1962,133.2919,-5.1962,133.2919
16941.1765,-5.1999,133.1997,-5.1999,133.1997
16947.0344,-5.2037,133.1075,-5.2037,133.1075
16952.8924,-5.2075,133.0153,-5.2075,133.0153
16958.7503,-5.2112,132.9230,-5.2112,132.9230
16964.6082,-5.2150,132.8307,-5.2150,132.8307
16970.4662,-5.2188,132.7384,-5.2188,132.7384
16976.3241,-5.2226,132.6461,-5.2226,132.6461
16982.1821,-5.2263,132.5537,-5.2263,132.5537
16988.0400,-5.2301,132.4613,-5.2301,132.4613
16993.8980,-5.2339,132.3689,-5.2339,132.3689
16999.7559,-5.2377,132.2765,-5.2377,132.2765
17005.6139,-5.2414,132.1841,-5.2414,132.1841
17011.4718,-5.2452,132.0916,-5.2452,132.0916
17017.3298,-5.2490,131.9991,-5.2490,131.9991
17023.1877,-5.2528,131.9066,-5.2528,131.9066
17029.0456,-5.2566,131.8140,-5.2566,131.8140
17034.9036,-5.2604,131.7215,-5.2604,131.7215
17040.7615,-5.2641,131.6288,-5.2641,131.6288
17046.6195,-5.2679,131.5363,-5.2679,131.5363
17052.4774,-5.2717,131.4436,-5.2717,131.4436
17058.3354,-5.2755,131.3510,-5.2755,131.3510
17064.1933,-5.2793,131.2583,-5.2793,131.2583
17070.0513,-5.2831,131.1656,-5.2831,131.1656
17075.9092,-5.2869,131.0728,-5.2869,131.0728
17081.7671,-5.2907,130.9801,-5.2907,130.9801
17087.6251,-5.2945,130.8873,-5.2945,130.8873
17093.4830,-5.2983,130.7945,-5.2983,130.7945
17099.3410,-5.3021,130.7017,-5.3021,130.7017
17105.1989,-5.3059,130.6088,-5.3059,130.6088
17111.0569,-5.3097,130.5159,-5.3097,130.5159
17116.9148,-5.3135,130.4230,-5.3135,130.4230
17122.7728,-5.3173,130.3301,-5.3173,130.3301
17128.6307,-5.3211,130.2372,-5.3211,130.2372
17134.4887,-5.3249,130.1442,-5.3249,130.1442
17140.3466,-5.3287,130.0512,-5.3287,130.0512
17146.2045,-5.3325,129.9582,-5.3325,129.9582
17152.0625,-5.3363,129.8652,-5.3363,129.8652
17157.9204,-5.3401,129.7721,-5.3401,129.7721
17163.7784,-5.3439,129.6790,-5.3439,129.6790
17169.6363,-5.3477,129.5859,-5.3477,129.5859
17175.4943,-5.3515,129.4928,-5.3515,129.4928
17181.3522,-5.3553,129.3996,-5.3553,129.3996
17187.2102,-5.3591,129.3064,-5.3591,129.3064
17193.0681,-5.3630,129.2132,-5.3630,129.2132
17198.9260,-5.3668,129.1200,-5.3668,129.1200
17204.7840,-5.3706,129.0267,-5.3706,129.0267
17210.6419,-5.3744,128.9335,-5.3744,128.9335
17216.4999,-5.3782,128.8401,-5.3782,128.8401
17222.3578,-5.3821,128.7468,-5.3821,128.7468
17228.2158,-5.3859,128.6535,-5.3859,128.6535
17234.0737,-5.3897,128.5601,-5.3897,128.5601
17239.9317,-5.3935,128.4667,-5.3935,128.4667
17245.7896,-5.3973,128.3733,-5.3973,128.3733
17251.6475,-5.4012,128.2798,-5.4012,128.2798
17257.5055,-5.4050,128.1863,-5.4050,128.1863
17263.3634,-5.4088,128.0928,-5.4088,128.0928
17269.2214,-5.4127,127.9993,-5.4127,127.9993
17275.0793,-5.4165,127.9058,-5.4165,127.9058
17280.9373,-5.4203,127.8122,-5.4203,127.8122
17286.7952,-5.4241,127.7186,-5.4241,127.7186
17292.6532,-5.4280,127.6250,-5.4280,127.6250
17298.5111,-5.4318,127.5313,-5.4318,127.5313
17304.3691,-5.4356,127.4376,-5.4356,127.4376
17310.2270,-5.4395,127.3440,-5.4395,127.3440
17316.0849,-5.4433,127.2502,-5.4433,127.2502
17321.9429,-5.4471,127.1565,-5.4471,127.1565
17327.8008,-5.4510,127.0627,-5.4510,127.0627
17333.6588,-5.4548,126.9689,-5.4548,126.9689
17339.5167,-5.4587,126.8751,-5.4587,126.8751
17345.3747,-5.4625,126.7813,-5.4625,126.7813
17351.2326,-5.4664,126.6874,-5.4664,126.6874
17357.0906,-5.4702,126.5935,-5.4702,126.5935
17362.9485,-5.4740,126.4996,-5.4740,126.4996
17368.8064,-5.4779,126.4056,-5.4779,126.4056
17374.6644,-5.4817,126.3117,-5.4817,126.3117
17380.5223,-5.4856,126.2177,-5.4856,126.2177
17386.3803,-5.4894,126.1236,-5.4894,126.1236
17392.2382,-5.4933,126.0296,-5.4933,126.0296
17398.0962,-5.4971,125.9355,-5.4971,125.9355
17403.9541,-5.5010,125.8414,-5.5010,125.8414
17409.8121,-5.5048,125.7473,-5.5048,125.7473
17415.6700,-5.5087,125.6532,-5.5087,125.6532
17421.5279,-5.5125,125.5590,-5.5125,125.5590
17427.3859,-5.5164,125.4648,-5.5164,125.4648
17433.2438,-5.5203,125.3706,-5.5203,125.3706
17439.1018,-5.5241,125.2764,-5.5241,125.2764
17444.9597,-5.5280,125.1821,-5.5280,125.1821
17450.8177,-5.5318,125.0878,-5.5318,125.0878
17456.6756,-5.5357,124.9935,-5.5357,124.9935
17462.5336,-5.5395,124.8991,-5.5395,124.8991
17468.3915,-5.5434,124.8048,-5.5434,124.8048
17474.2495,-5.5473,124.7104,-5.5473,124.7104
17480.1074,-5.5511,124.6159,-5.5511,124.6159
17485.9653,-5.5550,124.5215,-5.5550,124.5215
17491.8233,-5.5589,124.4270,-5.5589,124.4270
17497.6812,-5.5627,124.3325,-5.5627,124.3325
17503.5392,-5.5666,124.2380,-5.5666,124.2380
17509.3971,-5.5705,124.1434,-5.5705,124.1434
17515.2551,-5.5743,124.0489,-5.5743,124.0489
17521.1130,-5.5782,123.9542,-5.5782,123.9542
17526.9710,-5.5821,123.8596,-5.5821,123.8596
17532.8289,-5.5860,123.7650,-5.5860,123.7650
17538.6868,-5.5898,123.6703,-5.5898,123.6703
17544.5448,-5.5937,123.5756,-5.5937,123.5756
17550.4027,-5.5976,123.4809,-5.5976,123.4809
17556.2607,-5.6015,123.3861,-5.6015,123.3861
17562.1186,-5.6053,123.2913,-5.6053,123.2913
17567.9766,-5.6092,123.1965,-5.6092,123.1965
17573.8345,-5.6131,123.1017,-5.6131,123.1017
17579.6925,-5.6170,123.0068,-5.6170,123.0068
17585.5504,-5.6208,122.9119,-5.6208,122.9119
17591.4083,-5.6247,122.8170,-5.6247,122.8170
17597.2663,-5.6286,122.7221,-5.6286,122.7221
17603.1242,-5.6325,122.6271,-5.6325,122.6271
17608.9822,-5.6364,122.5321,-5.6364,122.5321
17614.8401,-5.6403,122.4371,-5.6403,122.4371
17620.6981,-5.6441,122.3421,-5.6441,122.3421
17626.5560,-5.6480,122.2470,-5.6480,122.2470
17632.4140,-5.6519,122.1519,-5.6519,122.1519
17638.2719,-5.6558,122.0568,-5.6558,122.0568
17644.1299,-5.6597,121.9617,-5.6597,121.9617
17649.9878,-5.6636,121.8665,-5.6636,121.8665
17655.8457,-5.6675,121.7713,-5.6675,121.7713
17661.7037,-5.6714,121.6761,-5.6714,121.6761
17667.5616,-5.6753,121.5808,-5.6753,121.5808
17673.4196,-5.6791,121.4855,-5.6791,121.4855
17679.2775,-5.6830,121.3902,-5.6830,121.3902
17685.1355,-5.6869,121.2949,-5.6869,121.2949
17690.9934,-5.6908,121.1995,-5.6908,121.1995
17696.8514,-5.6947,121.1042,-5.6947,121.1042
17702.7093,-5.6986,121.0088,-5.6986,121.0088
17708.5672,-5.7025,120.9133,-5.7025,120.9133
17714.4252,-5.7064,120.8178,-5.7064,120.8178
17720.2831,-5.7103,120.7224,-5.7103,120.7224
17726.1411,-5.7142,120.6269,-5.7142,120.6269
17731.9990,-5.7181,120.5313,-5.7181,120.5313
17737.8570,-5.7220,120.4357,-5.7220,120.4357
17743.7149,-5.7259,120.3401,-5.7259,120.3401
17749.5729,-5.7298,120.2445,-5.7298,120.2445
17755.4308,-5.7337,120.1489,-5.7337,120.1489
17761.2887,-5.7376,120.0532,-5.7376,120.0532
17767.1467,-5.7415,119.9575,-5.7415,119.9575
17773.0046,-5.7455,119.8618,-5.7455,119.8618
17778.8626,-5.7494,119.7660,-5.7494,119.7660
17784.7205,-5.7533,119.6702,-5.7533,119.6702
17790.5785,-5.7572,119.5744,-5.7572,119.5744
17796.4364,-5.7611,119.4786,-5.7611,119.4786
17802.2944,-5.7650,119.3827,-5.7650,119.3827
17808.1523,-5.7689,119.2868,-5.7689,119.2868
17814.0103,-5.7728,119.1909,-5.7728,119.1909
17819.8682,-5.7767,119.0950,-5.7767,119.0950
17825.7261,-5.7806,118.9990,-5.7806,118.9990
17831.5841,-5.7846,118.9030,-5.7846,118.9030
17837.4420,-5.7885,118.8070,-5.7885,118.8070
17843.3000,-5.7924,118.7109,-5.7924,118.7109
17849.1579,-5.7963,118.6148,-5.7963,118.6148
17855.0159,-5.8002,118.5187,-5.8002,118.5187
17860.8738,-5.8041,118.4226,-5.8041,118.4226
17866.7318,-5.8081,118.3264,-5.8081,118.3264
17872.5897,-5.8120,118.2302,-5.8120,118.2302
17878.4476,-5.8159,118.1340,-5.8159,118.1340
17884.3056,-5.8198,118.0378,-5.8198,118.0378
17890.1635,-5.8237,117.9415,-5.8237,117.9415
17896.0215,-5.8277,117.8452,-5.8277,117.8452
17901.8794,-5.8316,117.7489,-5.8316,117.7489
17907.7374,-5.8355,117.6525,-5.8355,117.6525
17913.5953,-5.8394,117.5561,-5.8394,117.5561
17919.4533,-5.8434,117.4597,-5.8434,117.4597
17925.3112,-5.8473,117.3633,-5.8473,117.3633
17931.1691,-5.8512,117.2668,-5.8512,117.2668
17937.0271,-5.8551,117.1703,-5.8551,117.1703
17942.8850,-5.8591,117.0738,-5.8591,117.0738
17948.7430,-5.8630,116.9773,-5.8630,116.9773
17954.6009,-5.8669,116.8807,-5.8669,116.8807
17960.4589,-5.8708,116.7841,-5.8708,116.7841
17966.3168,-5.8748,116.6875,-5.8748,116.6875
17972.1748,-5.8787,116.5908,-5.8787,116.5908
17978.0327,-5.8826,116.4941,-5.8826,116.4941
17983.8907,-5.8866,116.3974,-5.8866,116.3974
17989.7486,-5.8905,116.3007,-5.8905,116.3007
17995.6065,-5.8944,116.2039,-5.8944,116.2039
18001.4645,-5.8984,116.1071,-5.8984,116.1071
18007.3224,-5.9023,116.0103,-5.9023,116.0103
18013.1804,-5.9062,115.9134,-5.9062,115.9134
18019.0383,-5.9102,115.8165,-5.9102,115.8165
18024.8963,-5.9141,115.7196,-5.9141,115.7196
18030.7542,-5.9180,115.6227,-5.9180,115.6227
18036.6122,-5.9220,115.5257,-5.9220,115.5257
18042.4701,-5.9259,115.4287,-5.9259,115.4287
18048.3280,-5.9299,115.3317,-5.9299,115.3317
18054.1860,-5.9338,115.2346,-5.9338,115.2346
18060.0439,-5.9377,115.1376,-5.9377,115.1376
18065.9019,-5.9417,115.0405,-5.9417,115.0405
18071.7598,-5.9456,114.9433,-5.9456,114.9433
18077.6178,-5.9496,114.8462,-5.9496,114.8462
18083.4757,-5.9535,114.7490,-5.9535,114.7490
18089.3337,-5.9574,114.6518,-5.9574,114.6518
18095.1916,-5.9614,114.5545,-5.9614,114.5545
18101.0495,-5.9653,114.4572,-5.9653,114.4572
18106.9075,-5.9693,114.3599,-5.9693,114.3599
18112.7654,-5.9732,114.2626,-5.9732,114.2626
18118.6234,-5.9772,114.1652,-5.9772,114.1652
18124.4813,-5.9811,114.0679,-5.9811,114.0679
18130.3393,-5.9850,113.9704,-5.9850,113.9704
18136.1972,-5.9890,113.8730,-5.9890,113.8730
18142.0552,-5.9929,113.7755,-5.9929,113.7755
18147.9131,-5.9969,113.6780,-5.9969,113.6780
18153.7711,-6.0008,113.5805,-6.0008,113.5805
18159.6290,-6.0048,113.4829,-6.0048,113.4829
18165.4869,-6.0087,113.3853,-6.0087,113.3853
18171.3449,-6.0127,113.2877,-6.0127,113.2877
18177.2028,-6.0166,113.1900,-6.0166,113.1900
18183.0608,-6.0206,113.0924,-6.0206,113.0924
18188.9187,-6.0245,112.9947,-6.0245,112.9947
18194.7767,-6.0285,112.8969,-6.0285,112.8969
18200.6346,-6.0324,112.7992,-6.0324,112.7992
18206.4926,-6.0364,112.7014,-6.0364,112.7014
18212.3505,-6.0403,112.6036,-6.0403,112.6036
18218.2084,-6.0443,112.5057,-6.0443,112.5057
18224.0664,-6.0482,112.4078,-6.0482,112.4078
18229.9243,-6.0522,112.3099,-6.0522,112.3099
18235.7823,-6.0562,112.2120,-6.0562,112.2120
18241.6402,-6.0601,112.1140,-6.0601,112.1140
18247.4982,-6.0641,112.0160,-6.0641,112.0160
18253.3561,-6.0680,111.9180,-6.0680,111.9180
18259.2141,-6.0720,111.8199,-6.0720,111.8199
18265.0720,-6.0759,111.7218,-6.0759,111.7218
18270.9299,-6.0799,111.6237,-6.0799,111.6237
18276.7879,-6.0838,111.5256,-6.0838,111.5256
18282.6458,-6.0878,111.4274,-6.0878,111.4274
18288.5038,-6.0918,111.3292,-6.0918,111.3292
18294.3617,-6.0957,111.2310,-6.0957,111.2310
18300.2197,-6.0997,111.1327,-6.0997,111.1327
18306.0776,-6.1036,111.0344,-6.1036,111.0344
18311.9356,-6.1076,110.9361,-6.1076,110.9361
18317.7935,-6.1116,110.8378,-6.1116,110.8378
18323.6515,-6.1155,110.7394,-6.1155,110.7394
18329.5094,-6.1195,110.6410,-6.1195,110.6410
18335.3673,-6.1234,110.5425,-6.1234,110.5425
18341.2253,-6.1274,110.4441,-6.1274,110.4441
18347.0832,-6.1314,110.3456,-6.1314,110.3456
18352.9412,-6.1353,110.2471,-6.1353,110.2471
18358.7991,-6.1393,110.1485,-6.1393,110.1485
18364.6571,-6.1433,110.0499,-6.1433,110.0499
18370.5150,-6.1472,109.9513,-6.1472,109.9513
18376.3730,-6.1512,109.8527,-6.1512,109.8527
18382.2309,-6.1551,109.7540,-6.1551,109.7540
18388.0888,-6.1591,109.6553,-6.1591,109.6553
18393.9468,-6.1631,109.5566,-6.1631,109.5566
18399.8047,-6.1670,109.4578,-6.1670,109.4578
18405.6627,-6.1710,109.3590,-6.1710,109.3590
18411.5206,-6.1750,109.2602,-6.1750,109.2602
18417.3786,-6.1789,109.1613,-6.1789,109.1613
18423.2365,-6.1829,109.0624,-6.1829,109.0624
18429.0945,-6.1869,108.9635,-6.1869,108.9635
18434.9524,-6.1908,108.8646,-6.1908,108.8646
18440.8103,-6.1948,108.7656,-6.1948,108.7656
18446.6683,-6.1988,108.6666,-6.1988,108.6666
18452.5262,-6.2027,108.5676,-6.2027,108.5676
18458.3842,-6.2067,108.4685,-6.2067,108.4685
18464.2421,-6.2107,108.3694,-6.2107,108.3694
18470.1001,-6.2146,108.2703,-6.2146,108.2703
18475.9580,-6.2186,108.1711,-6.2186,108.1711
18481.8160,-6.2226,108.0719,-6.2226,108.0719
18487.6739,-6.2265,107.9727,-6.2265,107.9727
18493.5319,-6.2305,107.8735,-6.2305,107.8735
18499.3898,-6.2345,107.7742,-6.2345,107.7742
18505.2477,-6.2385,107.6749,-6.2385,107.6749
18511.1057,-6.2424,107.5756,-6.2424,107.5756
18516.9636,-6.2464,107.4762,-6.2464,107.4762
18522.8216,-6.2504,107.3768,-6.2504,107.3768
18528.6795,-6.2543,107.2774,-6.2543,107.2774
18534.5375,-6.2583,107.1779,-6.2583,107.1779
18540.3954,-6.2623,107.0784,-6.2623,107.0784
18546.2534,-6.2662,106.9789,-6.2662,106.9789
18552.1113,-6.2702,106.8794,-6.2702,106.8794
18557.9692,-6.2742,106.7798,-6.2742,106.7798
18563.8272,-6.2782,106.6802,-6.2782,106.6802
18569.6851,-6.2821,106.5805,-6.2821,106.5805
18575.5431,-6.2861,106.4809,-6.2861,106.4809
18581.4010,-6.2901,106.3811,-6.2901,106.3811
18587.2590,-6.2940,106.2814,-6.2940,106.2814
18593.1169,-6.2980,106.1816,-6.2980,106.1816
18598.9749,-6.3020,106.0818,-6.3020,106.0818
18604.8328,-6.3060,105.9820,-6.3060,105.9820
18610.6907,-6.3099,105.8822,-6.3099,105.8822
18616.5487,-6.3139,105.7823,-6.3139,105.7823
18622.4066,-6.3179,105.6824,-6.3179,105.6824
18628.2646,-6.3218,105.5824,-6.3218,105.5824
18634.1225,-6.3258,105.4824,-6.3258,105.4824
18639.9805,-6.3298,105.3824,-6.3298,105.3824
18645.8384,-6.3338,105.2824,-6.3338,105.2824
18651.6964,-6.3377,105.1823,-6.3377,105.1823
18657.5543,-6.3417,105.0822,-6.3417,105.0822
18663.4123,-6.3457,104.9820,-6.3457,104.9820
18669.2702,-6.3497,104.8819,-6.3497,104.8819
18675.1281,-6.3536,104.7817,-6.3536,104.7817
18680.9861,-6.3576,104.6814,-6.3576,104.6814
18686.8440,-6.3616,104.5812,-6.3616,104.5812
18692.7020,-6.3655,104.4809,-6.3655,104.4809
18698.5599,-6.3695,104.3806,-6.3695,104.3806
18704.4179,-6.3735,104.2802,-6.3735,104.2802
18710.2758,-6.3775,104.1798,-6.3775,104.1798
18716.1338,-6.3814,104.0794,-6.3814,104.0794
18721.9917,-6.3854,103.9790,-6.3854,103.9790
18727.8496,-6.3894,103.8785,-6.3894,103.8785
18733.7076,-6.3934,103.7780,-6.3934,103.7780
18739.5655,-6.3973,103.6774,-6.3973,103.6774
18745.4235,-6.4013,103.5768,-6.4013,103.5768
18751.2814,-6.4053,103.4762,-6.4053,103.4762
18757.1394,-6.4092,103.3756,-6.4092,103.3756
18762.9973,-6.4132,103.2749,-6.4132,103.2749
18768.8553,-6.4172,103.1742,-6.4172,103.1742
18774.7132,-6.4212,103.0735,-6.4212,103.0735
18780.5711,-6.4251,102.9727,-6.4251,102.9727
18786.4291,-6.4291,102.8719,-6.4291,102.8719
18792.2870,-6.4331,102.7711,-6.4331,102.7711
18798.1450,-6.4371,102.6702,-6.4371,102.6702
18804.0029,-6.4410,102.5693,-6.4410,102.5693
18809.8609,-6.4450,102.4684,-6.4450,102.4684
18815.7188,-6.4490,102.3675,-6.4490,102.3675
18821.5768,-6.4529,102.2665,-6.4529,102.2665
18827.4347,-6.4569,102.1654,-6.4569,102.1654
18833.2927,-6.4609,102.0644,-6.4609,102.0644
18839.1506,-6.4649,101.9633,-6.4649,101.9633
18845.0085,-6.4688,101.8622,-6.4688,101.8622
18850.8665,-6.4728,101.7610,-6.4728,101.7610
18856.7244,-6.4768,101.6598,-6.4768,101.6598
18862.5824,-6.4807,101.5586,-6.4807,101.5586
18868.4403,-6.4847,101.4574,-6.4847,101.4574
18874.2983,-6.4887,101.3561,-6.4887,101.3561
18880.1562,-6.4927,101.2548,-6.4927,101.2548
18886.0142,-6.4966,101.1535,-6.4966,101.1535
18891.8721,-6.5006,101.0521,-6.5006,101.0521
18897.7300,-6.5046,100.9507,-6.5046,100.9507
18903.5880,-6.5085,100.8492,-6.5085,100.8492
18909.4459,-6.5125,100.7478,-6.5125,100.7478
18915.3039,-6.5165,100.6463,-6.5165,100.6463
18921.1618,-6.5204,100.5447,-6.5204,100.5447
18927.0198,-6.5244,100.4432,-6.5244,100.4432
18932.8777,-6.5284,100.3416,-6.5284,100.3416
18938.7357,-6.5324,100.2399,-6.5324,100.2399
18944.5936,-6.5363,100.1383,-6.5363,100.1383
18950.4515,-6.5403,100.0366,-6.5403,100.0366
18956.3095,-6.5443,99.9348,-6.5443,99.9348
18962.1674,-6.5482,99.8331,-6.5482,99.8331
18968.0254,-6.5522,99.7313,-6.5522,99.7313
18973.8833,-6.5562,99.6295,-6.5562,99.6295
18979.7413,-6.5601,99.5276,-6.5601,99.5276
18985.5992,-6.5641,99.4257,-6.5641,99.4257
18991.4572,-6.5681,99.3238,-6.5681,99.3238
18997.3151,-6.5720,99.2218,-6.5720,99.2218
19003.1731,-6.5760,99.1198,-6.5760,99.1198
19009.0310,-6.5800,99.0178,-6.5800,99.0178
19014.8889,-6.5839,98.9157,-6.5839,98.9157
19020.7469,-6.5879,98.8136,-6.5879,98.8136
19026.6048,-6.5919,98.7115,-6.5919,98.7115
19032.4628,-6.5958,98.6094,-6.5958,98.6094
19038.3207,-6.5998,98.5072,-6.5998,98.5072
19044.1787,-6.6037,98.4050,-6.6037,98.4050
19050.0366,-6.6077,98.3027,-6.6077,98.3027
19055.8946,-6.6117,98.2004,-6.6117,98.2004
19061.7525,-6.6156,98.0981,-6.6156,98.0981
19067.6104,-6.6196,97.9957,-6.6196,97.9957
19073.4684,-6.6236,97.8934,-6.6236,97.8934
19079.3263,-6.6275,97.7909,-6.6275,97.7909
19085.1843,-6.6315,97.6885,-6.6315,97.6885
19091.0422,-6.6354,97.5860,-6.6354,97.5860
19096.9002,-6.6394,97.4835,-6.6394,97.4835
19102.7581,-6.6434,97.3809,-6.6434,97.3809
19108.6161,-6.6473,97.2784,-6.6473,97.2784
19114.4740,-6.6513,97.1757,-6.6513,97.1757
19120.3320,-6.6552,97.0731,-6.6552,97.0731
19126.1899,-6.6592,96.9704,-6.6592,96.9704
19132.0478,-6.6632,96.8677,-6.6632,96.8677
19137.9058,-6.6671,96.7649,-6.6671,96.7649
19143.7637,-6.6711,96.6621,-6.6711,96.6621
19149.6217,-6.6750,96.5593,-6.6750,96.5593
19155.4796,-6.6790,96.4565,-6.6790,96.4565
19161.3376,-6.6829,96.3536,-6.6829,96.3536
19167.1955,-6.6869,96.2507,-6.6869,96.2507
19173.0535,-6.6908,96.1477,-6.6908,96.1477
19178.9114,-6.6948,96.0447,-6.6948,96.0447
19184.7693,-6.6987,95.9417,-6.6987,95.9417
19190.6273,-6.7027,95.8386,-6.7027,95.8386
19196.4852,-6.7067,95.7356,-6.7067,95.7356
19202.3432,-6.7106,95.6324,-6.7106,95.6324
19208.2011,-6.7146,95.5293,-6.7146,95.5293
19214.0591,-6.7185,95.4261,-6.7185,95.4261
19219.9170,-6.7225,95.3229,-6.7225,95.3229
19225.7750,-6.7264,95.2196,-6.7264,95.2196
19231.6329,-6.7304,95.1163,-6.7304,95.1163
19237.4908,-6.7343,95.0130,-6.7343,95.0130
19243.3488,-6.7382,94.9096,-6.7382,94.9096
19249.2067,-6.7422,94.8063,-6.7422,94.8063
19255.0647,-6.7461,94.7028,-6.7461,94.7028
19260.9226,-6.7501,94.5994,-6.7501,94.5994
19266.7806,-6.7540,94.4959,-6.7540,94.4959
19272.6385,-6.7580,94.3924,-6.7580,94.3924
19278.4965,-6.7619,94.2888,-6.7619,94.2888
19284.3544,-6.7659,94.1852,-6.7659,94.1852
19290.2124,-6.7698,94.0816,-6.7698,94.0816
19296.0703,-6.7737,93.9779,-6.7737,93.9779
19301.9282,-6.7777,93.8742,-6.7777,93.8742
19307.7862,-6.7816,93.7705,-6.7816,93.7705
19313.6441,-6.7856,93.6667,-6.7856,93.6667
19319.5021,-6.7895,93.5629,-6.7895,93.5629
19325.3600,-6.7934,93.4591,-6.7934,93.4591
19331.2180,-6.7974,93.3552,-6.7974,93.3552
19337.0759,-6.8013,93.2513,-6.8013,93.2513
19342.9339,-6.8053,93.1474,-6.8053,93.1474
19348.7918,-6.8092,93.0434,-6.8092,93.0434
19354.6497,-6.8131,92.9394,-6.8131,92.9394
19360.5077,-6.8171,92.8354,-6.8171,92.8354
19366.3656,-6.8210,92.7313,-6.8210,92.7313
19372.2236,-6.8249,92.6272,-6.8249,92.6272
19378.0815,-6.8289,92.5231,-6.8289,92.5231
19383.9395,-6.8328,92.4189,-6.8328,92.4189
19389.7974,-6.8367,92.3147,-6.8367,92.3147
19395.6554,-6.8407,92.2104,-6.8407,92.2104
19401.5133,-6.8446,92.1061,-6.8446,92.1061
19407.3712,-6.8485,92.0018,-6.8485,92.0018
19413.2292,-6.8524,91.8975,-6.8524,91.8975
19419.0871,-6.8564,91.7931,-6.8564,91.7931
19424.9451,-6.8603,91.6887,-6.8603,91.6887
19430.8030,-6.8642,91.5842,-6.8642,91.5842
19436.6610,-6.8681,91.4798,-6.8681,91.4798
19442.5189,-6.8721,91.3752,-6.8721,91.3752
19448.3769,-6.8760,91.2707,-6.8760,91.2707
19454.2348,-6.8799,91.1661,-6.8799,91.1661
19460.0928,-6.8838,91.0614,-6.8838,91.0614
19465.9507,-6.8877,90.9568,-6.8877,90.9568
19471.8086,-6.8917,90.8521,-6.8917,90.8521
19477.6666,-6.8956,90.7474,-6.8956,90.7474
19483.5245,-6.8995,90.6426,-6.8995,90.6426
19489.3825,-6.9034,90.5378,-6.9034,90.5378
19495.2404,-6.9073,90.4330,-6.9073,90.4330
19501.0984,-6.9112,90.3281,-6.9112,90.3281
19506.9563,-6.9151,90.2232,-6.9151,90.2232
19512.8143,-6.9191,90.1183,-6.9191,90.1183
19518.6722,-6.9230,90.0133,-6.9230,90.0133
19524.5301,-6.9269,89.9083,-6.9269,89.9083
19530.3881,-6.9308,89.8032,-6.9308,89.8032
19536.2460,-6.9347,89.6982,-6.9347,89.6982
19542.1040,-6.9386,89.5930,-6.9386,89.5930
19547.9619,-6.9425,89.4879,-6.9425,89.4879
19553.8199,-6.9464,89.3827,-6.9464,89.3827
19559.6778,-6.9503,89.2775,-6.9503,89.2775
19565.5358,-6.9542,89.1722,-6.9542,89.1722
19571.3937,-6.9581,89.0670,-6.9581,89.0670
19577.2516,-6.9620,88.9616,-6.9620,88.9616
19583.1096,-6.9659,88.8563,-6.9659,88.8563
19588.9675,-6.9698,88.7509,-6.9698,88.7509
19594.8255,-6.9737,88.6454,-6.9737,88.6454
19600.6834,-6.9776,88.5400,-6.9776,88.5400
19606.5414,-6.9815,88.4345,-6.9815,88.4345
19612.3993,-6.9854,88.3289,-6.9854,88.3289
19618.2573,-6.9893,88.2234,-6.9893,88.2234
19624.1152,-6.9932,88.1178,-6.9932,88.1178
19629.9732,-6.9971,88.0121,-6.9971,88.0121
19635.8311,-7.0010,87.9064,-7.0010,87.9064
19641.6890,-7.0049,87.8007,-7.0049,87.8007
19647.5470,-7.0088,87.6950,-7.0088,87.6950
19653.4049,-7.0126,87.5892,-7.0126,87.5892
19659.2629,-7.0165,87.4834,-7.0165,87.4834
19665.1208,-7.0204,87.3775,-7.0204,87.3775
19670.9788,-7.0243,87.2716,-7.0243,87.2716
19676.8367,-7.0282,87.1657,-7.0282,87.1657
19682.6947,-7.0321,87.0598,-7.0321,87.0598
19688.5526,-7.0359,86.9538,-7.0359,86.9538
19694.4105,-7.0398,86.8477,-7.0398,86.8477
19700.2685,-7.0437,86.7417,-7.0437,86.7417
19706.1264,-7.0476,86.6356,-7.0476,86.6356
19711.9844,-7.0514,86.5294,-7.0514,86.5294
19717.8423,-7.0553,86.4232,-7.0553,86.4232
19723.7003,-7.0592,86.3170,-7.0592,86.3170
19729.5582,-7.0631,86.2108,-7.0631,86.2108
19735.4162,-7.0669,86.1045,-7.0669,86.1045
19741.2741,-7.0708,85.9982,-7.0708,85.9982
19747.1320,-7.0747,85.8919,-7.0747,85.8919
19752.9900,-7.0785,85.7855,-7.0785,85.7855
19758.8479,-7.0824,85.6790,-7.0824,85.6790
19764.7059,-7.0863,85.5726,-7.0863,85.5726
19770.5638,-7.0901,85.4661,-7.0901,85.4661
19776.4218,-7.0940,85.3595,-7.0940,85.3595
19782.2797,-7.0978,85.2530,-7.0978,85.2530
19788.1377,-7.1017,85.1464,-7.1017,85.1464
19793.9956,-7.1055,85.0397,-7.1055,85.0397
19799.8536,-7.1094,84.9331,-7.1094,84.9331
19805.7115,-7.1133,84.8263,-7.1133,84.8263
19811.5694,-7.1171,84.7196,-7.1171,84.7196
19817.4274,-7.1210,84.6128,-7.1210,84.6128
19823.2853,-7.1248,84.5060,-7.1248,84.5060
19829.1433,-7.1287,84.3991,-7.1287,84.3991
19835.0012,-7.1325,84.2923,-7.1325,84.2923
19840.8592,-7.1363,84.1853,-7.1363,84.1853
19846.7171,-7.1402,84.0784,-7.1402,84.0784
19852.5751,-7.1440,83.9714,-7.1440,83.9714
19858.4330,-7.1479,83.8643,-7.1479,83.8643
19864.2909,-7.1517,83.7573,-7.1517,83.7573
19870.1489,-7.1556,83.6501,-7.1556,83.6501
19876.0068,-7.1594,83.5430,-7.1594,83.5430
19881.8648,-7.1632,83.4358,-7.1632,83.4358
19887.7227,-7.1671,83.3286,-7.1671,83.3286
19893.5807,-7.1709,83.2214,-7.1709,83.2214
19899.4386,-7.1747,83.1141,-7.1747,83.1141
19905.2966,-7.1785,83.0067,-7.1785,83.0067
19911.1545,-7.1824,82.8994,-7.1824,82.8994
19917.0124,-7.1862,82.7920,-7.1862,82.7920
19922.8704,-7.1900,82.6845,-7.1900,82.6845
19928.7283,-7.1938,82.5771,-7.1938,82.5771
19934.5863,-7.1977,82.4696,-7.1977,82.4696
19940.4442,-7.2015,82.3620,-7.2015,82.3620
19946.3022,-7.2053,82.2545,-7.2053,82.2545
19952.1601,-7.2091,82.1468,-7.2091,82.1468
19958.0181,-7.2129,82.0392,-7.2129,82.0392
19963.8760,-7.2167,81.9315,-7.2167,81.9315
19969.7340,-7.2206,81.8238,-7.2206,81.8238
19975.5919,-7.2244,81.7160,-7.2244,81.7160
19981.4498,-7.2282,81.6082,-7.2282,81.6082
19987.3078,-7.2320,81.5004,-7.2320,81.5004
19993.1657,-7.2358,81.3925,-7.2358,81.3925
19999.0237,-7.2396,81.2846,-7.2396,81.2846
20004.8816,-7.2434,81.1767,-7.2434,81.1767
20010.7396,-7.2472,81.0687,-7.2472,81.0687
20016.5975,-7.2510,80.9607,-7.2510,80.9607
20022.4555,-7.2548,80.8526,-7.2548,80.8526
20028.3134,-7.2586,80.7445,-7.2586,80.7445
20034.1713,-7.2624,80.6364,-7.2624,80.6364
20040.0293,-7.2662,80.5282,-7.2662,80.5282
20045.8872,-7.2699,80.4200,-7.2699,80.4200
20051.7452,-7.2737,80.3118,-7.2737,80.3118
20057.6031,-7.2775,80.2035,-7.2775,80.2035
20063.4611,-7.2813,80.0952,-7.2813,80.0952
20069.3190,-7.2851,79.9869,-7.2851,79.9869
20075.1770,-7.2889,79.8785,-7.2889,79.8785
20081.0349,-7.2926,79.7701,-7.2926,79.7701
20086.8928,-7.2964,79.6616,-7.2964,79.6616
20092.7508,-7.3002,79.5531,-7.3002,79.5531
20098.6087,-7.3040,79.4446,-7.3040,79.4446
20104.4667,-7.3077,79.3360,-7.3077,79.3360
20110.3246,-7.3115,79.2274,-7.3115,79.2274
20116.1826,-7.3153,79.1188,-7.3153,79.1188
20122.0405,-7.3190,79.0101,-7.3190,79.0101
20127.8985,-7.3228,78.9014,-7.3228,78.9014
20133.7564,-7.3265,78.7926,-7.3265,78.7926
20139.6144,-7.3303,78.6838,-7.3303,78.6838
20145.4723,-7.3341,78.5750,-7.3341,78.5750
20151.3302,-7.3378,78.4662,-7.3378,78.4662
20157.1882,-7.3416,78.3573,-7.3416,78.3573
20163.0461,-7.3453,78.2483,-7.3453,78.2483
20168.9041,-7.3491,78.1394,-7.3491,78.1394
20174.7620,-7.3528,78.0304,-7.3528,78.0304
20180.6200,-7.3566,77.9213,-7.3566,77.9213
20186.4779,-7.3603,77.8122,-7.3603,77.8122
20192.3359,-7.3640,77.7031,-7.3640,77.7031
20198.1938,-7.3678,77.5939,-7.3678,77.5939
20204.0517,-7.3715,77.4848,-7.3715,77.4848
20209.9097,-7.3753,77.3755,-7.3753,77.3755
20215.7676,-7.3790,77.2663,-7.3790,77.2663
20221.6256,-7.3827,77.1570,-7.3827,77.1570
20227.4835,-7.3864,77.0476,-7.3864,77.0476
20233.3415,-7.3902,76.9382,-7.3902,76.9382
20239.1994,-7.3939,76.8288,-7.3939,76.8288
20245.0574,-7.3976,76.7194,-7.3976,76.7194
20250.9153,-7.4013,76.6099,-7.4013,76.6099
20256.7732,-7.4051,76.5004,-7.4051,76.5004
20262.6312,-7.4088,76.3908,-7.4088,76.3908
20268.4891,-7.4125,76.2812,-7.4125,76.2812
20274.3471,-7.4162,76.1715,-7.4162,76.1715
20280.2050,-7.4199,76.0619,-7.4199,76.0619
20286.0630,-7.4236,75.9522,-7.4236,75.9522
20291.9209,-7.4273,75.8424,-7.4273,75.8424
20297.7789,-7.4310,75.7326,-7.4310,75.7326
20303.6368,-7.4347,75.6228,-7.4347,75.6228
20309.4948,-7.4384,75.5129,-7.4384,75.5129
20315.3527,-7.4421,75.4030,-7.4421,75.4030
20321.2106,-7.4458,75.2931,-7.4458,75.2931
20327.0686,-7.4495,75.1831,-7.4495,75.1831
20332.9265,-7.4532,75.0731,-7.4532,75.0731
20338.7845,-7.4569,74.9631,-7.4569,74.9631
20344.6424,-7.4606,74.8530,-7.4606,74.8530
20350.5004,-7.4642,74.7429,-7.4642,74.7429
20356.3583,-7.4679,74.6327,-7.4679,74.6327
20362.2163,-7.4716,74.5225,-7.4716,74.5225
20368.0742,-7.4753,74.4123,-7.4753,74.4123
20373.9321,-7.4789,74.3020,-7.4789,74.3020
20379.7901,-7.4826,74.1917,-7.4826,74.1917
20385.6480,-7.4863,74.0814,-7.4863,74.0814
20391.5060,-7.4900,73.9710,-7.4900,73.9710
20397.3639,-7.4936,73.8606,-7.4936,73.8606
20403.2219,-7.4973,73.7501,-7.4973,73.7501
20409.0798,-7.5009,73.6396,-7.5009,73.6396
20414.9378,-7.5046,73.5291,-7.5046,73.5291
20420.7957,-7.5082,73.4185,-7.5082,73.4185
20426.6536,-7.5119,73.3079,-7.5119,73.3079
20432.5116,-7.5155,73.1973,-7.5155,73.1973
20438.3695,-7.5192,73.0866,-7.5192,73.0866
20444.2275,-7.5228,72.9759,-7.5228,72.9759
20450.0854,-7.5265,72.8651,-7.5265,72.8651
20455.9434,-7.5301,72.7543,-7.5301,72.7543
20461.8013,-7.5337,72.6435,-7.5337,72.6435
20467.6593,-7.5374,72.5326,-7.5374,72.5326
20473.5172,-7.5410,72.4217,-7.5410,72.4217
20479.3752,-7.5446,72.3108,-7.5446,72.3108
20485.2331,-7.5483,72.1998,-7.5483,72.1998
20491.0910,-7.5519,72.0888,-7.5519,72.0888
20496.9490,-7.5555,71.9778,-7.5555,71.9778
20502.8069,-7.5591,71.8667,-7.5591,71.8667
20508.6649,-7.5627,71.7555,-7.5627,71.7555
20514.5228,-7.5664,71.6444,-7.5664,71.6444
20520.3808,-7.5700,71.5332,-7.5700,71.5332
20526.2387,-7.5736,71.4219,-7.5736,71.4219
20532.0967,-7.5772,71.3106,-7.5772,71.3106
20537.9546,-7.5808,71.1993,-7.5808,71.1993
20543.8125,-7.5844,71.0880,-7.5844,71.0880
20549.6705,-7.5880,70.9766,-7.5880,70.9766
20555.5284,-7.5916,70.8652,-7.5916,70.8652
20561.3864,-7.5952,70.7537,-7.5952,70.7537
20567.2443,-7.5987,70.6422,-7.5987,70.6422
20573.1023,-7.6023,70.5307,-7.6023,70.5307
20578.9602,-7.6059,70.4191,-7.6059,70.4191
20584.8182,-7.6095,70.3075,-7.6095,70.3075
20590.6761,-7.6131,70.1958,-7.6131,70.1958
20596.5340,-7.6167,70.0841,-7.6167,70.0841
20602.3920,-7.6202,69.9724,-7.6202,69.9724
20608.2499,-7.6238,69.8606,-7.6238,69.8606
20614.1079,-7.6274,69.7488,-7.6274,69.7488
20619.9658,-7.6309,69.6370,-7.6309,69.6370
20625.8238,-7.6345,69.5251,-7.6345,69.5251
20631.6817,-7.6380,69.4132,-7.6380,69.4132
20637.5397,-7.6416,69.3012,-7.6416,69.3012
20643.3976,-7.6451,69.1893,-7.6451,69.1893
20649.2556,-7.6487,69.0772,-7.6487,69.0772
20655.1135,-7.6522,68.9652,-7.6522,68.9652
20660.9714,-7.6558,68.8531,-7.6558,68.8531
20666.8294,-7.6593,68.7409,-7.6593,68.7409
20672.6873,-7.6629,68.6288,-7.6629,68.6288
20678.5453,-7.6664,68.5165,-7.6664,68.5165
20684.4032,-7.6699,68.4043,-7.6699,68.4043
20690.2612,-7.6735,68.2920,-7.6735,68.2920
20696.1191,-7.6770,68.1797,-7.6770,68.1797
20701.9771,-7.6805,68.0673,-7.6805,68.0673
20707.8350,-7.6840,67.9549,-7.6840,67.9549
20713.6929,-7.6875,67.8425,-7.6875,67.8425
20719.5509,-7.6911,67.7300,-7.6911,67.7300
20725.4088,-7.6946,67.6175,-7.6946,67.6175
20731.2668,-7.6981,67.5050,-7.6981,67.5050
20737.1247,-7.7016,67.3924,-7.7016,67.3924
20742.9827,-7.7051,67.2797,-7.7051,67.2797
20748.8406,-7.7086,67.1671,-7.7086,67.1671
20754.6986,-7.7121,67.0544,-7.7121,67.0544
20760.5565,-7.7156,66.9416,-7.7156,66.9416
20766.4144,-7.7191,66.8289,-7.7191,66.8289
20772.2724,-7.7225,66.7161,-7.7225,66.7161
20778.1303,-7.7260,66.6032,-7.7260,66.6032
20783.9883,-7.7295,66.4903,-7.7295,66.4903
20789.8462,-7.7330,66.3774,-7.7330,66.3774
20795.7042,-7.7364,66.2644,-7.7364,66.2644
20801.5621,-7.7399,66.1514,-7.7399,66.1514
20807.4201,-7.7434,66.0384,-7.7434,66.0384
20813.2780,-7.7469,65.9253,-7.7469,65.9253
20819.1360,-7.7503,65.8122,-7.7503,65.8122
20824.9939,-7.7538,65.6991,-7.7538,65.6991
20830.8518,-7.7572,65.5859,-7.7572,65.5859
20836.7098,-7.7607,65.4727,-7.7607,65.4727
20842.5677,-7.7641,65.3594,-7.7641,65.3594
20848.4257,-7.7676,65.2461,-7.7676,65.2461
20854.2836,-7.7710,65.1328,-7.7710,65.1328
20860.1416,-7.7744,65.0194,-7.7744,65.0194
20865.9995,-7.7779,64.9060,-7.7779,64.9060
20871.8575,-7.7813,64.7926,-7.7813,64.7926
20877.7154,-7.7847,64.6791,-7.7847,64.6791
20883.5733,-7.7882,64.5655,-7.7882,64.5655
20889.4313,-7.7916,64.4520,-7.7916,64.4520
20895.2892,-7.7950,64.3384,-7.7950,64.3384
20901.1472,-7.7984,64.2248,-7.7984,64.2248
20907.0051,-7.8018,64.1111,-7.8018,64.1111
20912.8631,-7.8052,63.9974,-7.8052,63.9974
20918.7210,-7.8086,63.8836,-7.8086,63.8836
20924.5790,-7.8120,63.7699,-7.8120,63.7699
20930.4369,-7.8154,63.6561,-7.8154,63.6561
20936.2948,-7.8188,63.5422,-7.8188,63.5422
20942.1528,-7.8222,63.4283,-7.8222,63.4283
20948.0107,-7.8256,63.3144,-7.8256,63.3144
20953.8687,-7.8290,63.2004,-7.8290,63.2004
20959.7266,-7.8324,63.0864,-7.8324,63.0864
20965.5846,-7.8357,62.9724,-7.8357,62.9724
20971.4425,-7.8391,62.8583,-7.8391,62.8583
20977.3005,-7.8425,62.7442,-7.8425,62.7442
20983.1584,-7.8458,62.6300,-7.8458,62.6300
20989.0164,-7.8492,62.5158,-7.8492,62.5158
20994.8743,-7.8526,62.4016,-7.8526,62.4016
21000.7322,-7.8559,62.2873,-7.8559,62.2873
21006.5902,-7.8593,62.1730,-7.8593,62.1730
21012.4481,-7.8626,62.0587,-7.8626,62.0587
21018.3061,-7.8659,61.9443,-7.8659,61.9443
21024.1640,-7.8693,61.8299,-7.8693,61.8299
21030.0220,-7.8726,61.7155,-7.8726,61.7155
21035.8799,-7.8760,61.6010,-7.8760,61.6010
21041.7379,-7.8793,61.4865,-7.8793,61.4865
21047.5958,-7.8826,61.3719,-7.8826,61.3719
21053.4537,-7.8859,61.2573,-7.8859,61.2573
21059.3117,-7.8892,61.1427,-7.8892,61.1427
21065.1696,-7.8926,61.0280,-7.8926,61.0280
21071.0276,-7.8959,60.9133,-7.8959,60.9133
21076.8855,-7.8992,60.7985,-7.8992,60.7985
21082.7435,-7.9025,60.6838,-7.9025,60.6838
21088.6014,-7.9058,60.5689,-7.9058,60.5689
21094.4594,-7.9091,60.4541,-7.9091,60.4541
21100.3173,-7.9124,60.3392,-7.9124,60.3392
21106.1753,-7.9156,60.2243,-7.9156,60.2243
21112.0332,-7.9189,60.1093,-7.9189,60.1093
21117.8911,-7.9222,59.9943,-7.9222,59.9943
21123.7491,-7.9255,59.8792,-7.9255,59.8792
21129.6070,-7.9288,59.7642,-7.9288,59.7642
21135.4650,-7.9320,59.6491,-7.9320,59.6491
21141.3229,-7.9353,59.5339,-7.9353,59.5339
21147.1809,-7.9385,59.4187,-7.9385,59.4187
21153.0388,-7.9418,59.3035,-7.9418,59.3035
21158.8968,-7.9451,59.1882,-7.9451,59.1882
21164.7547,-7.9483,59.0729,-7.9483,59.0729
21170.6126,-7.9515,58.9576,-7.9515,58.9576
21176.4706,-7.9548,58.8422,-7.9548,58.8422
21182.3285,-7.9580,58.7268,-7.9580,58.7268
21188.1865,-7.9612,58.6114,-7.9612,58.6114
21194.0444,-7.9645,58.4959,-7.9645,58.4959
21199.9024,-7.9677,58.3804,-7.9677,58.3804
21205.7603,-7.9709,58.2648,-7.9709,58.2648
21211.6183,-7.9741,58.1492,-7.9741,58.1492
21217.4762,-7.9773,58.0336,-7.9773,58.0336
21223.3341,-7.9806,57.9180,-7.9806,57.9180
21229.1921,-7.9838,57.8023,-7.9838,57.8023
21235.0500,-7.9870,57.6865,-7.9870,57.6865
21240.9080,-7.9901,57.5708,-7.9901,57.5708
21246.7659,-7.9933,57.4549,-7.9933,57.4549
21252.6239,-7.9965,57.3391,-7.9965,57.3391
21258.4818,-7.9997,57.2232,-7.9997,57.2232
21264.3398,-8.0029,57.1073,-8.0029,57.1073
21270.1977,-8.0061,56.9914,-8.0061,56.9914
21276.0557,-8.0092,56.8754,-8.0092,56.8754
21281.9136,-8.0124,56.7593,-8.0124,56.7593
21287.7715,-8.0156,56.6433,-8.0156,56.6433
21293.6295,-8.0187,56.5272,-8.0187,56.5272
21299.4874,-8.0219,56.4110,-8.0219,56.4110
21305.3454,-8.0250,56.2949,-8.0250,56.2949
21311.2033,-8.0282,56.1786,-8.0282,56.1786
21317.0613,-8.0313,56.0624,-8.0313,56.0624
21322.9192,-8.0344,55.9461,-8.0344,55.9461
21328.7772,-8.0376,55.8298,-8.0376,55.8298
21334.6351,-8.0407,55.7135,-8.0407,55.7135
21340.4930,-8.0438,55.5971,-8.0438,55.5971
21346.3510,-8.0469,55.4807,-8.0469,55.4807
21352.2089,-8.0500,55.3642,-8.0500,55.3642
21358.0669,-8.0532,55.2477,-8.0532,55.2477
21363.9248,-8.0563,55.1312,-8.0563,55.1312
21369.7828,-8.0594,55.0146,-8.0594,55.0146
21375.6407,-8.0625,54.8980,-8.0625,54.8980
21381.4987,-8.0656,54.7814,-8.0656,54.7814
21387.3566,-8.0686,54.6647,-8.0686,54.6647
21393.2145,-8.0717,54.5480,-8.0717,54.5480
21399.0725,-8.0748,54.4312,-8.0748,54.4312
21404.9304,-8.0779,54.3144,-8.0779,54.3144
21410.7884,-8.0809,54.1976,-8.0809,54.1976
21416.6463,-8.0840,54.0808,-8.0840,54.0808
21422.5043,-8.0871,53.9639,-8.0871,53.9639
21428.3622,-8.0901,53.8469,-8.0901,53.8469
21434.2202,-8.0932,53.7300,-8.0932,53.7300
21440.0781,-8.0962,53.6130,-8.0962,53.6130
21445.9361,-8.0993,53.4959,-8.0993,53.4959
21451.7940,-8.1023,53.3789,-8.1023,53.3789
21457.6519,-8.1053,53.2618,-8.1053,53.2618
21463.5099,-8.1084,53.1446,-8.1084,53.1446
21469.3678,-8.1114,53.0275,-8.1114,53.0275
21475.2258,-8.1144,52.9103,-8.1144,52.9103
21481.0837,-8.1174,52.7930,-8.1174,52.7930
21486.9417,-8.1204,52.6757,-8.1204,52.6757
21492.7996,-8.1234,52.5584,-8.1234,52.5584
21498.6576,-8.1264,52.4411,-8.1264,52.4411
21504.5155,-8.1294,52.3237,-8.1294,52.3237
21510.3734,-8.1324,52.2063,-8.1324,52.2063
21516.2314,-8.1354,52.0888,-8.1354,52.0888
21522.0893,-8.1384,51.9713,-8.1384,51.9713
21527.9473,-8.1414,51.8538,-8.1414,51.8538
21533.8052,-8.1443,51.7362,-8.1443,51.7362
21539.6632,-8.1473,51.6186,-8.1473,51.6186
21545.5211,-8.1503,51.5010,-8.1503,51.5010
21551.3791,-8.1532,51.3833,-8.1532,51.3833
21557.2370,-8.1562,51.2656,-8.1562,51.2656
21563.0949,-8.1591,51.1479,-8.1591,51.1479
21568.9529,-8.1621,51.0301,-8.1621,51.0301
21574.8108,-8.1650,50.9123,-8.1650,50.9123
21580.6688,-8.1679,50.7944,-8.1679,50.7944
21586.5267,-8.1709,50.6766,-8.1709,50.6766
21592.3847,-8.1738,50.5587,-8.1738,50.5587
21598.2426,-8.1767,50.4407,-8.1767,50.4407
21604.1006,-8.1796,50.3227,-8.1796,50.3227
21609.9585,-8.1825,50.2047,-8.1825,50.2047
21615.8165,-8.1854,50.0867,-8.1854,50.0867
21621.6744,-8.1883,49.9686,-8.1883,49.9686
21627.5323,-8.1912,49.8505,-8.1912,49.8505
21633.3903,-8.1941,49.7323,-8.1941,49.7323
21639.2482,-8.1970,49.6141,-8.1970,49.6141
21645.1062,-8.1999,49.4959,-8.1999,49.4959
21650.9641,-8.2028,49.3776,-8.2028,49.3776
21656.8221,-8.2056,49.2593,-8.2056,49.2593
21662.6800,-8.2085,49.1410,-8.2085,49.1410
21668.5380,-8.2113,49.0227,-8.2113,49.0227
21674.3959,-8.2142,48.9043,-8.2142,48.9043
21680.2538,-8.2170,48.7858,-8.2170,48.7858
21686.1118,-8.2199,48.6674,-8.2199,48.6674
21691.9697,-8.2227,48.5489,-8.2227,48.5489
21697.8277,-8.2256,48.4303,-8.2256,48.4303
21703.6856,-8.2284,48.3118,-8.2284,48.3118
21709.5436,-8.2312,48.1932,-8.2312,48.1932
21715.4015,-8.2340,48.0745,-8.2340,48.0745
21721.2595,-8.2368,47.9559,-8.2368,47.9559
21727.1174,-8.2396,47.8372,-8.2396,47.8372
21732.9753,-8.2424,47.7184,-8.2424,47.7184
21738.8333,-8.2452,47.5997,-8.2452,47.5997
21744.6912,-8.2480,47.4809,-8.2480,47.4809
21750.5492,-8.2508,47.3620,-8.2508,47.3620
21756.4071,-8.2536,47.2431,-8.2536,47.2431
21762.2651,-8.2564,47.1242,-8.2564,47.1242
21768.1230,-8.2591,47.0053,-8.2591,47.0053
21773.9810,-8.2619,46.8863,-8.2619,46.8863
21779.8389,-8.2647,46.7673,-8.2647,46.7673
21785.6969,-8.2674,46.6483,-8.2674,46.6483
21791.5548,-8.2702,46.5292,-8.2702,46.5292
21797.4127,-8.2729,46.4101,-8.2729,46.4101
21803.2707,-8.2757,46.2910,-8.2757,46.2910
21809.1286,-8.2784,46.1718,-8.2784,46.1718
21814.9866,-8.2811,46.0526,-8.2811,46.0526
21820.8445,-8.2838,45.9334,-8.2838,45.9334
21826.7025,-8.2866,45.8141,-8.2866,45.8141
21832.5604,-8.2893,45.6948,-8.2893,45.6948
21838.4184,-8.2920,45.5754,-8.2920,45.5754
21844.2763,-8.2947,45.4561,-8.2947,45.4561
21850.1342,-8.2974,45.3367,-8.2974,45.3367
21855.9922,-8.3000,45.2172,-8.3000,45.2172
21861.8501,-8.3027,45.0977,-8.3027,45.0977
21867.7081,-8.3054,44.9783,-8.3054,44.9783
21873.5660,-8.3081,44.8587,-8.3081,44.8587
21879.4240,-8.3108,44.7391,-8.3108,44.7391
21885.2819,-8.3134,44.6195,-8.3134,44.6195
21891.1399,-8.3161,44.4999,-8.3161,44.4999
21896.9978,-8.3187,44.3802,-8.3187,44.3802
21902.8557,-8.3214,44.2605,-8.3214,44.2605
21908.7137,-8.3240,44.1408,-8.3240,44.1408
21914.5716,-8.3266,44.0211,-8.3266,44.0211
21920.4296,-8.3293,43.9013,-8.3293,43.9013
21926.2875,-8.3319,43.7814,-8.3319,43.7814
21932.1455,-8.3345,43.6616,-8.3345,43.6616
21938.0034,-8.3371,43.5417,-8.3371,43.5417
21943.8614,-8.3397,43.4217,-8.3397,43.4217
21949.7193,-8.3423,43.3018,-8.3423,43.3018
21955.5773,-8.3449,43.1818,-8.3449,43.1818
21961.4352,-8.3475,43.0618,-8.3475,43.0618
21967.2931,-8.3501,42.9417,-8.3501,42.9417
21973.1511,-8.3527,42.8216,-8.3527,42.8216
21979.0090,-8.3552,42.7015,-8.3552,42.7015
21984.8670,-8.3578,42.5814,-8.3578,42.5814
21990.7249,-8.3604,42.4612,-8.3604,42.4612
21996.5829,-8.3629,42.3410,-8.3629,42.3410
22002.4408,-8.3655,42.2207,-8.3655,42.2207
22008.2988,-8.3680,42.1004,-8.3680,42.1004
22014.1567,-8.3705,41.9801,-8.3705,41.9801
22020.0146,-8.3731,41.8598,-8.3731,41.8598
22025.8726,-8.3756,41.7394,-8.3756,41.7394
22031.7305,-8.3781,41.6190,-8.3781,41.6190
22037.5885,-8.3806,41.4986,-8.3806,41.4986
22043.4464,-8.3831,41.3781,-8.3831,41.3781
22049.3044,-8.3856,41.2576,-8.3856,41.2576
22055.1623,-8.3881,41.1371,-8.3881,41.1371
22061.0203,-8.3906,41.0165,-8.3906,41.0165
22066.8782,-8.3931,40.8960,-8.3931,40.8960
22072.7361,-8.3956,40.7753,-8.3956,40.7753
22078.5941,-8.3980,40.6547,-8.3980,40.6547
22084.4520,-8.4005,40.5340,-8.4005,40.5340
22090.3100,-8.4030,40.4133,-8.4030,40.4133
22096.1679,-8.4054,40.2925,-8.4054,40.2925
22102.0259,-8.4079,40.1718,-8.4079,40.1718
22107.8838,-8.4103,40.0510,-8.4103,40.0510
22113.7418,-8.4127,39.9301,-8.4127,39.9301
22119.5997,-8.4152,39.8093,-8.4152,39.8093
22125.4577,-8.4176,39.6884,-8.4176,39.6884
22131.3156,-8.4200,39.5674,-8.4200,39.5674
22137.1735,-8.4224,39.4465,-8.4224,39.4465
22143.0315,-8.4248,39.3255,-8.4248,39.3255
22148.8894,-8.4272,39.2045,-8.4272,39.2045
22154.7474,-8.4296,39.0834,-8.4296,39.0834
22160.6053,-8.4320,38.9623,-8.4320,38.9623
22166.4633,-8.4344,38.8412,-8.4344,38.8412
22172.3212,-8.4367,38.7201,-8.4367,38.7201
22178.1792,-8.4391,38.5989,-8.4391,38.5989
22184.0371,-8.4415,38.4777,-8.4415,38.4777
22189.8950,-8.4438,38.3565,-8.4438,38.3565
22195.7530,-8.4462,38.2352,-8.4462,38.2352
22201.6109,-8.4485,38.1139,-8.4485,38.1139
22207.4689,-8.4509,37.9926,-8.4509,37.9926
22213.3268,-8.4532,37.8713,-8.4532,37.8713
22219.1848,-8.4555,37.7499,-8.4555,37.7499
22225.0427,-8.4578,37.6285,-8.4578,37.6285
22230.9007,-8.4601,37.5070,-8.4601,37.5070
22236.7586,-8.4625,37.3856,-8.4625,37.3856
22242.6165,-8.4647,37.2641,-8.4647,37.2641
22248.4745,-8.4670,37.1426,-8.4670,37.1426
22254.3324,-8.4693,37.0210,-8.4693,37.0210
22260.1904,-8.4716,36.8994,-8.4716,36.8994
22266.0483,-8.4739,36.7778,-8.4739,36.7778
22271.9063,-8.4761,36.6562,-8.4761,36.6562
22277.7642,-8.4784,36.5345,-8.4784,36.5345
22283.6222,-8.4807,36.4128,-8.4807,36.4128
22289.4801,-8.4829,36.2911,-8.4829,36.2911
22295.3381,-8.4851,36.1693,-8.4851,36.1693
22301.1960,-8.4874,36.0475,-8.4874,36.0475
22307.0539,-8.4896,35.9257,-8.4896,35.9257
22312.9119,-8.4918,35.8039,-8.4918,35.8039
22318.7698,-8.4941,35.6820,-8.4941,35.6820
22324.6278,-8.4963,35.5601,-8.4963,35.5601
22330.4857,-8.4985,35.4382,-8.4985,35.4382
22336.3437,-8.5007,35.3162,-8.5007,35.3162
22342.2016,-8.5028,35.1943,-8.5028,35.1943
22348.0596,-8.5050,35.0723,-8.5050,35.0723
22353.9175,-8.5072,34.9502,-8.5072,34.9502
22359.7754,-8.5094,34.8281,-8.5094,34.8281
22365.6334,-8.5115,34.7061,-8.5115,34.7061
22371.4913,-8.5137,34.5839,-8.5137,34.5839
22377.3493,-8.5158,34.4618,-8.5158,34.4618
22383.2072,-8.5180,34.3396,-8.5180,34.3396
22389.0652,-8.5201,34.2174,-8.5201,34.2174
22394.9231,-8.5223,34.0952,-8.5223,34.0952
22400.7811,-8.5244,33.9729,-8.5244,33.9729
22406.6390,-8.5265,33.8506,-8.5265,33.8506
22412.4969,-8.5286,33.7283,-8.5286,33.7283
22418.3549,-8.5307,33.6060,-8.5307,33.6060
22424.2128,-8.5328,33.4836,-8.5328,33.4836
22430.0708,-8.5349,33.3612,-8.5349,33.3612
22435.9287,-8.5370,33.2388,-8.5370,33.2388
22441.7867,-8.5391,33.1163,-8.5391,33.1163
22447.6446,-8.5411,32.9938,-8.5411,32.9938
22453.5026,-8.5432,32.8714,-8.5432,32.8714
22459.3605,-8.5452,32.7488,-8.5452,32.7488
22465.2185,-8.5473,32.6263,-8.5473,32.6263
22471.0764,-8.5493,32.5037,-8.5493,32.5037
22476.9343,-8.5514,32.3811,-8.5514,32.3811
22482.7923,-8.5534,32.2584,-8.5534,32.2584
22488.6502,-8.5554,32.1358,-8.5554,32.1358
22494.5082,-8.5574,32.0131,-8.5574,32.0131
22500.3661,-8.5595,31.8904,-8.5595,31.8904
22506.2241,-8.5615,31.7676,-8.5615,31.7676
22512.0820,-8.5635,31.6449,-8.5635,31.6449
22517.9400,-8.5654,31.5221,-8.5654,31.5221
22523.7979,-8.5674,31.3992,-8.5674,31.3992
22529.6558,-8.5694,31.2764,-8.5694,31.2764
22535.5138,-8.5714,31.1535,-8.5714,31.1535
22541.3717,-8.5733,31.0306,-8.5733,31.0306
22547.2297,-8.5753,30.9077,-8.5753,30.9077
22553.0876,-8.5772,30.7848,-8.5772,30.7848
22558.9456,-8.5792,30.6618,-8.5792,30.6618
22564.8035,-8.5811,30.5388,-8.5811,30.5388
22570.6615,-8.5830,30.4158,-8.5830,30.4158
22576.5194,-8.5849,30.2927,-8.5849,30.2927
22582.3773,-8.5869,30.1697,-8.5869,30.1697
22588.2353,-8.5888,30.0466,-8.5888,30.0466
22594.0932,-8.5907,29.9234,-8.5907,29.9234
22599.9512,-8.5926,29.8003,-8.5926,29.8003
22605.8091,-8.5944,29.6771,-8.5944,29.6771
22611.6671,-8.5963,29.5539,-8.5963,29.5539
22617.5250,-8.5982,29.4307,-8.5982,29.4307
22623.3830,-8.6001,29.3075,-8.6001,29.3075
22629.2409,-8.6019,29.1842,-8.6019,29.1842
22635.0989,-8.6038,29.0609,-8.6038,29.0609
22640.9568,-8.6056,28.9376,-8.6056,28.9376
22646.8147,-8.6074,28.8142,-8.6074,28.8142
22652.6727,-8.6093,28.6909,-8.6093,28.6909
22658.5306,-8.6111,28.5675,-8.6111,28.5675
22664.3886,-8.6129,28.4441,-8.6129,28.4441
22670.2465,-8.6147,28.3206,-8.6147,28.3206
22676.1045,-8.6165,28.1972,-8.6165,28.1972
22681.9624,-8.6183,28.0737,-8.6183,28.0737
22687.8204,-8.6201,27.9502,-8.6201,27.9502
22693.6783,-8.6219,27.8266,-8.6219,27.8266
22699.5362,-8.6236,27.7031,-8.6236,27.7031
22705.3942,-8.6254,27.5795,-8.6254,27.5795
22711.2521,-8.6271,27.4559,-8.6271,27.4559
22717.1101,-8.6289,27.3323,-8.6289,27.3323
22722.9680,-8.6306,27.2086,-8.6306,27.2086
22728.8260,-8.6324,27.0849,-8.6324,27.0849
22734.6839,-8.6341,26.9613,-8.6341,26.9613
22740.5419,-8.6358,26.8375,-8.6358,26.8375
22746.3998,-8.6375,26.7138,-8.6375,26.7138
22752.2577,-8.6392,26.5900,-8.6392,26.5900
22758.1157,-8.6409,26.4662,-8.6409,26.4662
22763.9736,-8.6426,26.3424,-8.6426,26.3424
22769.8316,-8.6443,26.2186,-8.6443,26.2186
22775.6895,-8.6460,26.0948,-8.6460,26.0948
22781.5475,-8.6477,25.9709,-8.6477,25.9709
22787.4054,-8.6493,25.8470,-8.6493,25.8470
22793.2634,-8.6510,25.7231,-8.6510,25.7231
22799.1213,-8.6526,25.5991,-8.6526,25.5991
22804.9793,-8.6543,25.4752,-8.6543,25.4752
22810.8372,-8.6559,25.3512,-8.6559,25.3512
22816.6951,-8.6575,25.2272,-8.6575,25.2272
22822.5531,-8.6591,25.1031,-8.6591,25.1031
22828.4110,-8.6607,24.9791,-8.6607,24.9791
22834.2690,-8.6623,24.8550,-8.6623,24.8550
22840.1269,-8.6639,24.7309,-8.6639,24.7309
22845.9849,-8.6655,24.6068,-8.6655,24.6068
22851.8428,-8.6671,24.4827,-8.6671,24.4827
22857.7008,-8.6687,24.3585,-8.6687,24.3585
22863.5587,-8.6702,24.2343,-8.6702,24.2343
22869.4166,-8.6718,24.1101,-8.6718,24.1101
22875.2746,-8.6734,23.9859,-8.6734,23.9859
22881.1325,-8.6749,23.8617,-8.6749,23.8617
22886.9905,-8.6764,23.7374,-8.6764,23.7374
22892.8484,-8.6780,23.6132,-8.6780,23.6132
22898.7064,-8.6795,23.4889,-8.6795,23.4889
22904.5643,-8.6810,23.3645,-8.6810,23.3645
22910.4223,-8.6825,23.2402,-8.6825,23.2402
22916.2802,-8.6840,23.1158,-8.6840,23.1158
22922.1381,-8.6855,22.9915,-8.6855,22.9915
22927.9961,-8.6870,22.8671,-8.6870,22.8671
22933.8540,-8.6884,22.7426,-8.6884,22.7426
22939.7120,-8.6899,22.6182,-8.6899,22.6182
22945.5699,-8.6914,22.4937,-8.6914,22.4937
22951.4279,-8.6928,22.3693,-8.6928,22.3693
22957.2858,-8.6943,22.2448,-8.6943,22.2448
22963.1438,-8.6957,22.1203,-8.6957,22.1203
22969.0017,-8.6971,21.9957,-8.6971,21.9957
22974.8597,-8.6986,21.8712,-8.6986,21.8712
22980.7176,-8.7000,21.7466,-8.7000,21.7466
22986.5755,-8.7014,21.6220,-8.7014,21.6220
22992.4335,-8.7028,21.4974,-8.7028,21.4974
22998.2914,-8.7042,21.3727,-8.7042,21.3727
23004.1494,-8.7055,21.2481,-8.7055,21.2481
23010.0073,-8.7069,21.1234,-8.7069,21.1234
23015.8653,-8.7083,20.9987,-8.7083,20.9987
23021.7232,-8.7097,20.8740,-8.7097,20.8740
23027.5812,-8.7110,20.7493,-8.7110,20.7493
23033.4391,-8.7123,20.6246,-8.7123,20.6246
23039.2970,-8.7137,20.4998,-8.7137,20.4998
23045.1550,-8.7150,20.3750,-8.7150,20.3750
23051.0129,-8.7163,20.2502,-8.7163,20.2502
23056.8709,-8.7176,20.1254,-8.7176,20.1254
23062.7288,-8.7190,20.0006,-8.7190,20.0006
23068.5868,-8.7203,19.8757,-8.7203,19.8757
23074.4447,-8.7215,19.7509,-8.7215,19.7509
23080.3027,-8.7228,19.6260,-8.7228,19.6260
23086.1606,-8.7241,19.5011,-8.7241,19.5011
23092.0186,-8.7254,19.3762,-8.7254,19.3762
23097.8765,-8.7266,19.2512,-8.7266,19.2512
23103.7344,-8.7279,19.1263,-8.7279,19.1263
23109.5924,-8.7291,19.0013,-8.7291,19.0013
23115.4503,-8.7304,18.8763,-8.7304,18.8763
23121.3083,-8.7316,18.7513,-8.7316,18.7513
23127.1662,-8.7328,18.6263,-8.7328,18.6263
23133.0242,-8.7340,18.5013,-8.7340,18.5013
23138.8821,-8.7352,18.3762,-8.7352,18.3762
23144.7401,-8.7364,18.2512,-8.7364,18.2512
23150.5980,-8.7376,18.1261,-8.7376,18.1261
23156.4559,-8.7388,18.0010,-8.7388,18.0010
23162.3139,-8.7400,17.8759,-8.7400,17.8759
23168.1718,-8.7411,17.7507,-8.7411,17.7507
23174.0298,-8.7423,17.6256,-8.7423,17.6256
23179.8877,-8.7434,17.5004,-8.7434,17.5004
23185.7457,-8.7446,17.3752,-8.7446,17.3752
23191.6036,-8.7457,17.2500,-8.7457,17.2500
23197.4616,-8.7468,17.1248,-8.7468,17.1248
23203.3195,-8.7480,16.9996,-8.7480,16.9996
23209.1774,-8.7491,16.8744,-8.7491,16.8744
23215.0354,-8.7502,16.7491,-8.7502,16.7491
23220.8933,-8.7513,16.6238,-8.7513,16.6238
23226.7513,-8.7524,16.4986,-8.7524,16.4986
23232.6092,-8.7534,16.3733,-8.7534,16.3733
23238.4672,-8.7545,16.2479,-8.7545,16.2479
23244.3251,-8.7556,16.1226,-8.7556,16.1226
23250.1831,-8.7566,15.9973,-8.7566,15.9973
23256.0410,-8.7577,15.8719,-8.7577,15.8719
23261.8990,-8.7587,15.7465,-8.7587,15.7465
23267.7569,-8.7597,15.6212,-8.7597,15.6212
23273.6148,-8.7608,15.4958,-8.7608,15.4958
23279.4728,-8.7618,15.3703,-8.7618,15.3703
23285.3307,-8.7628,15.2449,-8.7628,15.2449
23291.1887,-8.7638,15.1195,-8.7638,15.1195
23297.0466,-8.7648,14.9940,-8.7648,14.9940
23302.9046,-8.7657,14.8686,-8.7657,14.8686
23308.7625,-8.7667,14.7431,-8.7667,14.7431
23314.6205,-8.7677,14.6176,-8.7677,14.6176
23320.4784,-8.7686,14.4921,-8.7686,14.4921
23326.3363,-8.7696,14.3666,-8.7696,14.3666
23332.1943,-8.7705,14.2410,-8.7705,14.2410
23338.0522,-8.7715,14.1155,-8.7715,14.1155
23343.9102,-8.7724,13.9899,-8.7724,13.9899
23349.7681,-8.7733,13.8643,-8.7733,13.8643
23355.6261,-8.7742,13.7388,-8.7742,13.7388
23361.4840,-8.7751,13.6132,-8.7751,13.6132
23367.3420,-8.7760,13.4876,-8.7760,13.4876
23373.1999,-8.7769,13.3619,-8.7769,13.3619
23379.0578,-8.7778,13.2363,-8.7778,13.2363
23384.9158,-8.7787,13.1107,-8.7787,13.1107
23390.7737,-8.7795,12.9850,-8.7795,12.9850
23396.6317,-8.7804,12.8593,-8.7804,12.8593
23402.4896,-8.7812,12.7337,-8.7812,12.7337
23408.3476,-8.7820,12.6080,-8.7820,12.6080
23414.2055,-8.7829,12.4823,-8.7829,12.4823
23420.0635,-8.7837,12.3565,-8.7837,12.3565
23425.9214,-8.7845,12.2308,-8.7845,12.2308
23431.7794,-8.7853,12.1051,-8.7853,12.1051
23437.6373,-8.7861,11.9793,-8.7861,11.9793
23443.4952,-8.7869,11.8536,-8.7869,11.8536
23449.3532,-8.7877,11.7278,-8.7877,11.7278
23455.2111,-8.7884,11.6020,-8.7884,11.6020
23461.0691,-8.7892,11.4762,-8.7892,11.4762
23466.9270,-8.7900,11.3504,-8.7900,11.3504
23472.7850,-8.7907,11.2246,-8.7907,11.2246
23478.6429,-8.7914,11.0988,-8.7914,11.0988
23484.5009,-8.7922,10.9730,-8.7922,10.9730
23490.3588,-8.7929,10.8471,-8.7929,10.8471
23496.2167,-8.7936,10.7213,-8.7936,10.7213
23502.0747,-8.7943,10.5954,-8.7943,10.5954
23507.9326,-8.7950,10.4696,-8.7950,10.4696
23513.7906,-8.7957,10.3437,-8.7957,10.3437
23519.6485,-8.7964,10.2178,-8.7964,10.2178
23525.5065,-8.7971,10.0919,-8.7971,10.0919
23531.3644,-8.7977,9.9660,-8.7977,9.9660
23537.2224,-8.7984,9.8401,-8.7984,9.8401
23543.0803,-8.7990,9.7141,-8.7990,9.7141
23548.9382,-8.7997,9.5882,-8.7997,9.5882
23554.7962,-8.8003,9.4623,-8.8003,9.4623
23560.6541,-8.8009,9.3363,-8.8009,9.3363
23566.5121,-8.8015,9.2104,-8.8015,9.2104
23572.3700,-8.8021,9.0844,-8.8021,9.0844
23578.2280,-8.8027,8.9584,-8.8027,8.9584
23584.0859,-8.8033,8.8324,-8.8033,8.8324
23589.9439,-8.8039,8.7064,-8.8039,8.7064
23595.8018,-8.8045,8.5804,-8.8045,8.5804
23601.6598,-8.8050,8.4544,-8.8050,8.4544
23607.5177,-8.8056,8.3284,-8.8056,8.3284
23613.3756,-8.8062,8.2024,-8.8062,8.2024
23619.2336,-8.8067,8.0764,-8.8067,8.0764
23625.0915,-8.8072,7.9503,-8.8072,7.9503
23630.9495,-8.8077,7.8243,-8.8077,7.8243
23636.8074,-8.8083,7.6982,-8.8083,7.6982
23642.6654,-8.8088,7.5722,-8.8088,7.5722
23648.5233,-8.8093,7.4461,-8.8093,7.4461
23654.3813,-8.8098,7.3200,-8.8098,7.3200
23660.2392,-8.8102,7.1939,-8.8102,7.1939
23666.0971,-8.8107,7.0678,-8.8107,7.0678
23671.9551,-8.8112,6.9418,-8.8112,6.9418
23677.8130,-8.8116,6.8157,-8.8116,6.8157
23683.6710,-8.8121,6.6895,-8.8121,6.6895
23689.5289,-8.8125,6.5634,-8.8125,6.5634
23695.3869,-8.8130,6.4373,-8.8130,6.4373
23701.2448,-8.8134,6.3112,-8.8134,6.3112
23707.1028,-8.8138,6.1851,-8.8138,6.1851
23712.9607,-8.8142,6.0589,-8.8142,6.0589
23718.8186,-8.8146,5.9328,-8.8146,5.9328
23724.6766,-8.8150,5.8066,-8.8150,5.8066
23730.5345,-8.8154,5.6805,-8.8154,5.6805
23736.3925,-8.8158,5.5543,-8.8158,5.5543
23742.2504,-8.8161,5.4282,-8.8161,5.4282
23748.1084,-8.8165,5.3020,-8.8165,5.3020
23753.9663,-8.8168,5.1758,-8.8168,5.1758
23759.8243,-8.8172,5.0496,-8.8172,5.0496
23765.6822,-8.8175,4.9235,-8.8175,4.9235
23771.5402,-8.8178,4.7973,-8.8178,4.7973
23777.3981,-8.8181,4.6711,-8.8181,4.6711
23783.2560,-8.8184,4.5449,-8.8184,4.5449
23789.1140,-8.8187,4.4187,-8.8187,4.4187
23794.9719,-8.8190,4.2925,-8.8190,4.2925
23800.8299,-8.8193,4.1663,-8.8193,4.1663
23806.6878,-8.8196,4.0401,-8.8196,4.0401
23812.5458,-8.8198,3.9139,-8.8198,3.9139
23818.4037,-8.8201,3.7876,-8.8201,3.7876
23824.2617,-8.8203,3.6614,-8.8203,3.6614
23830.1196,-8.8206,3.5352,-8.8206,3.5352
23835.9775,-8.8208,3.4090,-8.8208,3.4090
23841.8355,-8.8210,3.2827,-8.8210,3.2827
23847.6934,-8.8213,3.1565,-8.8213,3.1565
23853.5514,-8.8215,3.0303,-8.8215,3.0303
23859.4093,-8.8217,2.9040,-8.8217,2.9040
23865.2673,-8.8218,2.7778,-8.8218,2.7778
23871.1252,-8.8220,2.6515,-8.8220,2.6515
23876.9832,-8.8222,2.5253,-8.8222,2.5253
23882.8411,-8.8224,2.3990,-8.8224,2.3990
23888.6990,-8.8225,2.2728,-8.8225,2.2728
23894.5570,-8.8227,2.1465,-8.8227,2.1465
23900.4149,-8.8228,2.0203,-8.8228,2.0203
23906.2729,-8.8229,1.8940,-8.8229,1.8940
23912.1308,-8.8231,1.7678,-8.8231,1.7678
23917.9888,-8.8232,1.6415,-8.8232,1.6415
23923.8467,-8.8233,1.5152,-8.8233,1.5152
23929.7047,-8.8234,1.3890,-8.8234,1.3890
23935.5626,-8.8235,1.2627,-8.8235,1.2627
23941.4206,-8.8235,1.1364,-8.8235,1.1364
23947.2785,-8.8236,1.0102,-8.8236,1.0102
23953.1364,-8.8237,0.8839,-8.8237,0.8839
23958.9944,-8.8237,0.7576,-8.8237,0.7576
23964.8523,-8.8238,0.6314,-8.8238,0.6314
23970.7103,-8.8238,0.5051,-8.8238,0.5051
23976.5682,-8.8238,0.3788,-8.8238,0.3788
23982.4262,-8.8239,0.2525,-8.8239,0.2525
23988.2841,-8.8239,0.1263,-8.8239,0.1263
23994.1421,-8.8239,0.0000,-8.8239,0.0000