frequency (Hz),magnitude L (dB),phase L (deg),magnitude R (dB),phase R (deg)
0.0000,6.3972,0.0000,6.0224,0.0000
5.8579,5.3316,-3.1421,5.0370,-1.9042
11.7159,5.2840,1.1349,5.1228,2.8880
17.5738,5.9800,2.9124,5.9296,4.7082
23.4318,6.8257,1.0580,6.8509,2.7076
29.2897,7.5480,-3.5128,7.6219,-2.0539
35.1477,8.0433,-9.8657,8.1490,-8.5884
41.0056,8.2753,-17.2749,8.4026,-16.1600
46.8636,8.2356,-25.1853,8.3780,-24.2091
52.7215,7.9301,-33.1412,8.0831,-32.2840
58.5794,7.3732,-40.7646,7.5342,-40.0119
64.4374,6.5856,-47.7361,6.7525,-47.0737
70.2953,5.5916,-53.7826,5.7630,-53.1988
76.1533,4.4175,-58.6576,4.5926,-58.1426
82.0112,3.0922,-62.1249,3.2703,-61.6690
87.8692,1.6501,-63.9326,1.8307,-63.5280
93.7271,0.1361,-63.7998,0.3198,-63.4385
99.5851,-1.3799,-61.4406,-1.1932,-61.1202
105.4430,-2.7934,-56.6712,-2.6027,-56.3875
111.3010,-3.9638,-49.6358,-3.7682,-49.3919
117.1589,-4.7548,-41.0531,-4.5541,-40.8576
123.0168,-5.1104,-32.1382,-4.9053,-31.9985
128.8748,-5.0916,-24.0560,-4.8833,-23.9782
134.7327,-4.8272,-17.4300,-4.6174,-17.4113
140.5907,-4.4407,-12.3324,-4.2304,-12.3675
146.4486,-4.0160,-8.5429,-3.8060,-8.6283
152.3066,-3.5995,-5.7761,-3.3896,-5.9042
158.1645,-3.2128,-3.7694,-3.0032,-3.9392
164.0225,-2.8638,-2.3219,-2.6545,-2.5299
169.8804,-2.5536,-1.2816,-2.3445,-1.5248
175.7383,-2.2797,-0.5392,-2.0710,-0.8163
181.5963,-2.0390,-0.0148,-1.8306,-0.3249
187.4542,-1.8276,0.3496,-1.6194,0.0075
193.3122,-1.6417,0.5948,-1.4335,0.2219
199.1701,-1.4782,0.7519,-1.2702,0.3494
205.0281,-1.3341,0.8443,-1.1261,0.4108
210.8860,-1.2066,0.8886,-0.9989,0.4272
216.7440,-1.0940,0.8970,-0.8862,0.4070
222.6019,-0.9940,0.8790,-0.7862,0.3615
228.4598,-0.9049,0.8421,-0.6971,0.2973
234.3178,-0.8255,0.7921,-0.6179,0.2186
240.1757,-0.7545,0.7307,-0.5468,0.1321
246.0337,-0.6908,0.6648,-0.4832,0.0388
251.8916,-0.6338,0.5934,-0.4263,-0.0573
257.7496,-0.5825,0.5200,-0.3749,-0.1571
263.6075,-0.5360,0.4468,-0.3286,-0.2562
269.4655,-0.4943,0.3725,-0.2867,-0.3562
275.3234,-0.4564,0.2990,-0.2490,-0.4535
281.1814,-0.4222,0.2277,-0.2146,-0.5504
287.0393,-0.3909,0.1572,-0.1834,-0.6470
292.8972,-0.3626,0.0893,-0.1551,-0.7385
298.7552,-0.3368,0.0240,-0.1294,-0.8295
304.6131,-0.3131,-0.0404,-0.1057,-0.9160
310.4711,-0.2916,-0.1010,-0.0842,-1.0012
316.3290,-0.2717,-0.1590,-0.0644,-1.0842
322.1870,-0.2537,-0.2158,-0.0462,-1.1643
328.0449,-0.2370,-0.2702,-0.0296,-1.2424
333.9029,-0.2217,-0.3216,-0.0144,-1.3185
339.7608,-0.2077,-0.3710,-0.0002,-1.3905
345.6187,-0.1946,-0.4178,0.0127,-1.4614
351.4767,-0.1826,-0.4625,0.0246,-1.5294
357.3346,-0.1716,-0.5064,0.0357,-1.5966
363.1926,-0.1613,-0.5478,0.0459,-1.6609
369.0505,-0.1519,-0.5869,0.0554,-1.7238
374.9085,-0.1430,-0.6249,0.0642,-1.7846
380.7664,-0.1349,-0.6603,0.0724,-1.8434
386.6244,-0.1273,-0.6956,0.0799,-1.9001
392.4823,-0.1202,-0.7293,0.0869,-1.9568
398.3402,-0.1137,-0.7605,0.0935,-2.0106
404.1982,-0.1075,-0.7903,0.0997,-2.0647
410.0561,-0.1018,-0.8202,0.1052,-2.1154
415.9141,-0.0964,-0.8478,0.1105,-2.1662
421.7720,-0.0915,-0.8740,0.1156,-2.2157
427.6300,-0.0869,-0.9004,0.1201,-2.2637
433.4879,-0.0826,-0.9250,0.1243,-2.3121
439.3459,-0.0786,-0.9485,0.1284,-2.3572
445.2038,-0.0746,-0.9718,0.1322,-2.4032
451.0618,-0.0711,-0.9935,0.1357,-2.4470
456.9197,-0.0677,-1.0144,0.1391,-2.4904
462.7776,-0.0645,-1.0347,0.1423,-2.5338
468.6356,-0.0617,-1.0554,0.1451,-2.5743
474.4935,-0.0589,-1.0746,0.1480,-2.6157
480.3515,-0.0563,-1.0926,0.1505,-2.6565
486.2094,-0.0539,-1.1111,0.1529,-2.6960
492.0674,-0.0516,-1.1284,0.1552,-2.7362
497.9253,-0.0493,-1.1445,0.1574,-2.7744
503.7833,-0.0474,-1.1609,0.1594,-2.8118
509.6412,-0.0454,-1.1769,0.1613,-2.8499
515.4991,-0.0436,-1.1912,0.1631,-2.8874
521.3571,-0.0419,-1.2072,0.1647,-2.9245
527.2150,-0.0403,-1.2211,0.1664,-2.9604
533.0730,-0.0387,-1.2353,0.1678,-2.9966
538.9309,-0.0373,-1.2497,0.1693,-3.0314
544.7889,-0.0358,-1.2622,0.1707,-3.0675
550.6468,-0.0346,-1.2759,0.1718,-3.1013
556.5048,-0.0335,-1.2884,0.1728,-3.1368
562.3627,-0.0322,-1.3014,0.1741,-3.1708
568.2206,-0.0310,-1.3134,0.1751,-3.2052
574.0786,-0.0301,-1.3256,0.1761,-3.2386
579.9365,-0.0291,-1.3369,0.1770,-3.2718
585.7945,-0.0282,-1.3477,0.1780,-3.3054
591.6524,-0.0273,-1.3590,0.1786,-3.3379
597.5104,-0.0265,-1.3708,0.1794,-3.3701
603.3683,-0.0257,-1.3814,0.1802,-3.4026
609.2263,-0.0250,-1.3914,0.1810,-3.4345
615.0842,-0.0241,-1.4030,0.1816,-3.4667
620.9422,-0.0236,-1.4126,0.1822,-3.4989
626.8001,-0.0229,-1.4235,0.1828,-3.5298
632.6580,-0.0223,-1.4333,0.1834,-3.5623
638.5160,-0.0217,-1.4432,0.1838,-3.5925
644.3739,-0.0212,-1.4521,0.1843,-3.6240
650.2319,-0.0208,-1.4621,0.1848,-3.6554
656.0898,-0.0203,-1.4723,0.1853,-3.6862
661.9478,-0.0199,-1.4810,0.1857,-3.7171
667.8057,-0.0194,-1.4904,0.1859,-3.7475
673.6637,-0.0190,-1.4995,0.1863,-3.7777
679.5216,-0.0186,-1.5086,0.1868,-3.8082
685.3795,-0.0183,-1.5177,0.1872,-3.8386
691.2375,-0.0180,-1.5271,0.1873,-3.8691
697.0954,-0.0177,-1.5363,0.1876,-3.8989
702.9534,-0.0174,-1.5445,0.1877,-3.9292
708.8113,-0.0172,-1.5535,0.1879,-3.9593
714.6693,-0.0168,-1.5612,0.1882,-3.9896
720.5272,-0.0165,-1.5699,0.1885,-4.0190
726.3852,-0.0163,-1.5786,0.1886,-4.0489
732.2431,-0.0161,-1.5869,0.1888,-4.0785
738.1010,-0.0158,-1.5953,0.1889,-4.1084
743.9590,-0.0158,-1.6041,0.1890,-4.1375
749.8169,-0.0155,-1.6131,0.1891,-4.1670
755.6749,-0.0154,-1.6206,0.1892,-4.1961
761.5328,-0.0152,-1.6284,0.1894,-4.2266
767.3908,-0.0151,-1.6368,0.1893,-4.2562
773.2487,-0.0150,-1.6459,0.1894,-4.2842
779.1067,-0.0148,-1.6527,0.1895,-4.3142
784.9646,-0.0146,-1.6598,0.1896,-4.3426
790.8226,-0.0147,-1.6682,0.1895,-4.3717
796.6805,-0.0144,-1.6770,0.1895,-4.4018
802.5384,-0.0144,-1.6844,0.1896,-4.4295
808.3964,-0.0144,-1.6920,0.1896,-4.4599
814.2543,-0.0144,-1.7016,0.1895,-4.4886
820.1123,-0.0143,-1.7080,0.1896,-4.5176
825.9702,-0.0143,-1.7166,0.1896,-4.5456
831.8282,-0.0142,-1.7250,0.1895,-4.5758
837.6861,-0.0142,-1.7312,0.1895,-4.6043
843.5441,-0.0142,-1.7403,0.1894,-4.6332
849.4020,-0.0142,-1.7477,0.1895,-4.6629
855.2599,-0.0142,-1.7553,0.1893,-4.6911
861.1179,-0.0142,-1.7633,0.1893,-4.7195
866.9758,-0.0142,-1.7712,0.1891,-4.7485
872.8338,-0.0142,-1.7786,0.1891,-4.7777
878.6917,-0.0142,-1.7864,0.1890,-4.8061
884.5497,-0.0142,-1.7939,0.1888,-4.8348
890.4076,-0.0142,-1.8020,0.1888,-4.8634
896.2656,-0.0142,-1.8099,0.1888,-4.8926
902.1235,-0.0143,-1.8167,0.1886,-4.9207
907.9814,-0.0144,-1.8246,0.1885,-4.9494
913.8394,-0.0144,-1.8326,0.1884,-4.9797
919.6973,-0.0143,-1.8403,0.1881,-5.0073
925.5553,-0.0146,-1.8478,0.1881,-5.0361
931.4132,-0.0145,-1.8550,0.1880,-5.0649
937.2712,-0.0145,-1.8638,0.1878,-5.0938
943.1291,-0.0146,-1.8706,0.1877,-5.1219
948.9871,-0.0148,-1.8792,0.1874,-5.1507
954.8450,-0.0147,-1.8860,0.1873,-5.1790
960.7030,-0.0150,-1.8935,0.1873,-5.2081
966.5609,-0.0150,-1.9013,0.1870,-5.2365
972.4188,-0.0151,-1.9090,0.1869,-5.2649
978.2768,-0.0154,-1.9171,0.1868,-5.2938
984.1347,-0.0153,-1.9245,0.1866,-5.3222
989.9927,-0.0154,-1.9311,0.1863,-5.3509
995.8506,-0.0155,-1.9394,0.1862,-5.3802
1001.7086,-0.0156,-1.9470,0.1859,-5.4080
1007.5665,-0.0156,-1.9544,0.1858,-5.4369
1013.4245,-0.0159,-1.9623,0.1857,-5.4653
1019.2824,-0.0159,-1.9703,0.1854,-5.4939
1025.1403,-0.0160,-1.9772,0.1851,-5.5221
1030.9983,-0.0162,-1.9855,0.1850,-5.5513
1036.8562,-0.0163,-1.9935,0.1848,-5.5794
1042.7142,-0.0165,-2.0001,0.1844,-5.6081
1048.5721,-0.0165,-2.0084,0.1843,-5.6365
1054.4301,-0.0167,-2.0159,0.1841,-5.6659
1060.2880,-0.0168,-2.0234,0.1839,-5.6941
1066.1460,-0.0169,-2.0308,0.1837,-5.7226
1072.0039,-0.0170,-2.0387,0.1835,-5.7505
1077.8619,-0.0173,-2.0457,0.1832,-5.7792
1083.7198,-0.0174,-2.0537,0.1830,-5.8087
1089.5777,-0.0175,-2.0613,0.1828,-5.8369
1095.4357,-0.0176,-2.0696,0.1824,-5.8655
1101.2936,-0.0178,-2.0776,0.1821,-5.8942
1107.1516,-0.0181,-2.0846,0.1820,-5.9226
1113.0095,-0.0182,-2.0914,0.1817,-5.9508
1118.8675,-0.0183,-2.1003,0.1816,-5.9800
1124.7254,-0.0184,-2.1075,0.1814,-6.0080
1130.5834,-0.0186,-2.1156,0.1810,-6.0380
1136.4413,-0.0187,-2.1229,0.1808,-6.0659
1142.2992,-0.0189,-2.1312,0.1805,-6.0943
1148.1572,-0.0191,-2.1387,0.1802,-6.1235
1154.0151,-0.0193,-2.1464,0.1799,-6.1514
1159.8731,-0.0194,-2.1541,0.1798,-6.1806
1165.7310,-0.0195,-2.1624,0.1794,-6.2093
1171.5890,-0.0198,-2.1708,0.1791,-6.2370
1177.4469,-0.0200,-2.1775,0.1788,-6.2660
1183.3049,-0.0201,-2.1849,0.1786,-6.2946
1189.1628,-0.0204,-2.1933,0.1783,-6.3243
1195.0207,-0.0205,-2.2011,0.1779,-6.3515
1200.8787,-0.0207,-2.2084,0.1776,-6.3803
1206.7366,-0.0209,-2.2162,0.1775,-6.4089
1212.5946,-0.0212,-2.2233,0.1771,-6.4378
1218.4525,-0.0213,-2.2314,0.1768,-6.4660
1224.3105,-0.0214,-2.2393,0.1765,-6.4955
1230.1684,-0.0218,-2.2472,0.1762,-6.5240
1236.0264,-0.0219,-2.2559,0.1760,-6.5532
1241.8843,-0.0220,-2.2627,0.1757,-6.5814
1247.7423,-0.0223,-2.2708,0.1754,-6.6101
1253.6002,-0.0225,-2.2790,0.1750,-6.6388
1259.4581,-0.0227,-2.2857,0.1748,-6.6675
1265.3161,-0.0228,-2.2943,0.1744,-6.6965
1271.1740,-0.0231,-2.3019,0.1740,-6.7245
1277.0320,-0.0234,-2.3098,0.1738,-6.7527
1282.8899,-0.0234,-2.3179,0.1735,-6.7832
1288.7479,-0.0237,-2.3258,0.1731,-6.8110
1294.6058,-0.0239,-2.3333,0.1730,-6.8394
1300.4638,-0.0241,-2.3404,0.1724,-6.8678
1306.3217,-0.0242,-2.3493,0.1722,-6.8972
1312.1796,-0.0245,-2.3579,0.1720,-6.9263
1318.0376,-0.0248,-2.3646,0.1715,-6.9544
1323.8955,-0.0250,-2.3720,0.1712,-6.9837
1329.7535,-0.0252,-2.3803,0.1707,-7.0121
1335.6114,-0.0255,-2.3881,0.1706,-7.0402
1341.4694,-0.0258,-2.3959,0.1701,-7.0690
1347.3273,-0.0259,-2.4043,0.1697,-7.0983
1353.1853,-0.0262,-2.4122,0.1695,-7.1270
1359.0432,-0.0264,-2.4199,0.1692,-7.1557
1364.9011,-0.0265,-2.4280,0.1688,-7.1849
1370.7591,-0.0269,-2.4347,0.1685,-7.2130
1376.6170,-0.0272,-2.4450,0.1681,-7.2418
1382.4750,-0.0273,-2.4515,0.1678,-7.2707
1388.3329,-0.0276,-2.4598,0.1675,-7.2997
1394.1909,-0.0278,-2.4669,0.1671,-7.3282
1400.0488,-0.0281,-2.4755,0.1667,-7.3575
1405.9068,-0.0283,-2.4834,0.1664,-7.3858
1411.7647,-0.0285,-2.4914,0.1660,-7.4144
1417.6227,-0.0287,-2.4994,0.1656,-7.4442
1423.4806,-0.0290,-2.5075,0.1653,-7.4722
1429.3385,-0.0293,-2.5152,0.1648,-7.5015
1435.1965,-0.0296,-2.5232,0.1645,-7.5300
1441.0544,-0.0298,-2.5317,0.1641,-7.5580
1446.9124,-0.0300,-2.5393,0.1638,-7.5866
1452.7703,-0.0302,-2.5468,0.1634,-7.6169
1458.6283,-0.0305,-2.5555,0.1631,-7.6445
1464.4862,-0.0309,-2.5626,0.1628,-7.6744
1470.3442,-0.0311,-2.5707,0.1623,-7.7036
1476.2021,-0.0313,-2.5801,0.1619,-7.7317
1482.0600,-0.0315,-2.5874,0.1615,-7.7595
1487.9180,-0.0319,-2.5951,0.1612,-7.7893
1493.7759,-0.0321,-2.6032,0.1608,-7.8185
1499.6339,-0.0324,-2.6110,0.1603,-7.8469
1505.4918,-0.0325,-2.6195,0.1599,-7.8761
1511.3498,-0.0330,-2.6280,0.1595,-7.9045
1517.2077,-0.0332,-2.6351,0.1592,-7.9340
1523.0657,-0.0335,-2.6435,0.1588,-7.9627
1528.9236,-0.0338,-2.6510,0.1583,-7.9911
1534.7815,-0.0340,-2.6595,0.1580,-8.0200
1540.6395,-0.0341,-2.6680,0.1575,-8.0495
1546.4974,-0.0344,-2.6767,0.1571,-8.0781
1552.3554,-0.0347,-2.6845,0.1568,-8.1070
1558.2133,-0.0349,-2.6914,0.1564,-8.1360
1564.0713,-0.0355,-2.7003,0.1559,-8.1653
1569.9292,-0.0357,-2.7087,0.1555,-8.1941
1575.7872,-0.0359,-2.7163,0.1551,-8.2229
1581.6451,-0.0362,-2.7244,0.1547,-8.2512
1587.5031,-0.0366,-2.7322,0.1543,-8.2810
1593.3610,-0.0368,-2.7399,0.1538,-8.3096
1599.2189,-0.0371,-2.7479,0.1533,-8.3390
1605.0769,-0.0374,-2.7559,0.1530,-8.3678
1610.9348,-0.0377,-2.7656,0.1527,-8.3967
1616.7928,-0.0379,-2.7724,0.1521,-8.4250
1622.6507,-0.0381,-2.7807,0.1517,-8.4543
1628.5087,-0.0385,-2.7888,0.1513,-8.4829
1634.3666,-0.0388,-2.7969,0.1508,-8.5124
1640.2246,-0.0392,-2.8054,0.1504,-8.5414
1646.0825,-0.0394,-2.8132,0.1500,-8.5699
1651.9404,-0.0397,-2.8214,0.1495,-8.5990
1657.7984,-0.0400,-2.8291,0.1490,-8.6280
1663.6563,-0.0403,-2.8371,0.1487,-8.6564
1669.5143,-0.0406,-2.8452,0.1481,-8.6855
1675.3722,-0.0409,-2.8552,0.1478,-8.7143
1681.2302,-0.0412,-2.8614,0.1474,-8.7425
1687.0881,-0.0416,-2.8701,0.1469,-8.7727
1692.9461,-0.0418,-2.8786,0.1464,-8.8007
1698.8040,-0.0422,-2.8863,0.1460,-8.8305
1704.6619,-0.0424,-2.8944,0.1455,-8.8587
1710.5199,-0.0427,-2.9026,0.1452,-8.8884
1716.3778,-0.0431,-2.9110,0.1447,-8.9182
1722.2358,-0.0435,-2.9186,0.1440,-8.9463
1728.0937,-0.0436,-2.9271,0.1437,-8.9751
1733.9517,-0.0440,-2.9357,0.1432,-9.0047
1739.8096,-0.0443,-2.9434,0.1428,-9.0339
1745.6676,-0.0445,-2.9519,0.1423,-9.0626
1751.5255,-0.0451,-2.9597,0.1417,-9.0916
1757.3835,-0.0454,-2.9686,0.1413,-9.1211
1763.2414,-0.0456,-2.9762,0.1410,-9.1500
1769.0993,-0.0460,-2.9842,0.1403,-9.1787
1774.9573,-0.0464,-2.9923,0.1400,-9.2074
1780.8152,-0.0465,-3.0009,0.1396,-9.2371
1786.6732,-0.0469,-3.0087,0.1391,-9.2658
1792.5311,-0.0473,-3.0170,0.1386,-9.2943
1798.3891,-0.0476,-3.0244,0.1380,-9.3237
1804.2470,-0.0480,-3.0339,0.1376,-9.3531
1810.1050,-0.0483,-3.0420,0.1370,-9.3819
1815.9629,-0.0485,-3.0497,0.1367,-9.4110
1821.8208,-0.0490,-3.0579,0.1361,-9.4396
1827.6788,-0.0492,-3.0672,0.1357,-9.4695
1833.5367,-0.0496,-3.0746,0.1352,-9.4979
1839.3947,-0.0499,-3.0833,0.1347,-9.5274
1845.2526,-0.0502,-3.0909,0.1342,-9.5561
1851.1106,-0.0505,-3.0998,0.1337,-9.5843
1856.9685,-0.0509,-3.1074,0.1333,-9.6144
1862.8265,-0.0512,-3.1161,0.1327,-9.6439
1868.6844,-0.0516,-3.1241,0.1321,-9.6727
1874.5423,-0.0519,-3.1327,0.1319,-9.7010
1880.4003,-0.0524,-3.1405,0.1311,-9.7307
1886.2582,-0.0526,-3.1490,0.1307,-9.7597
1892.1162,-0.0531,-3.1567,0.1301,-9.7887
1897.9741,-0.0533,-3.1645,0.1296,-9.8177
1903.8321,-0.0536,-3.1723,0.1291,-9.8465
1909.6900,-0.0541,-3.1813,0.1286,-9.8755
1915.5480,-0.0545,-3.1898,0.1281,-9.9056
1921.4059,-0.0547,-3.1982,0.1276,-9.9339
1927.2639,-0.0551,-3.2055,0.1269,-9.9628
1933.1218,-0.0555,-3.2140,0.1265,-9.9917
1938.9797,-0.0559,-3.2233,0.1260,-10.0209
1944.8377,-0.0562,-3.2315,0.1255,-10.0500
1950.6956,-0.0565,-3.2391,0.1250,-10.0789
1956.5536,-0.0569,-3.2468,0.1245,-10.1083
1962.4115,-0.0573,-3.2559,0.1239,-10.1382
1968.2695,-0.0576,-3.2640,0.1234,-10.1667
1974.1274,-0.0580,-3.2724,0.1229,-10.1953
1979.9854,-0.0583,-3.2805,0.1223,-10.2243
1985.8433,-0.0588,-3.2891,0.1218,-10.2540
1991.7012,-0.0592,-3.2971,0.1213,-10.2832
1997.5592,-0.0595,-3.3056,0.1207,-10.3124
2003.4171,-0.0599,-3.3134,0.1201,-10.3414
2009.2751,-0.0603,-3.3204,0.1198,-10.3709
2015.1330,-0.0605,-3.3295,0.1192,-10.3989
2020.9910,-0.0611,-3.3382,0.1185,-10.4286
2026.8489,-0.0614,-3.3462,0.1180,-10.4581
2032.7069,-0.0617,-3.3544,0.1176,-10.4870
2038.5648,-0.0621,-3.3629,0.1170,-10.5160
2044.4227,-0.0625,-3.3710,0.1163,-10.5459
2050.2807,-0.0628,-3.3797,0.1158,-10.5746
2056.1386,-0.0632,-3.3883,0.1153,-10.6039
2061.9966,-0.0636,-3.3971,0.1146,-10.6324
2067.8545,-0.0641,-3.4039,0.1142,-10.6617
2073.7125,-0.0644,-3.4128,0.1135,-10.6907
2079.5704,-0.0648,-3.4211,0.1131,-10.7201
2085.4284,-0.0653,-3.4293,0.1125,-10.7487
2091.2863,-0.0655,-3.4365,0.1119,-10.7781
2097.1443,-0.0661,-3.4448,0.1113,-10.8074
2103.0022,-0.0663,-3.4540,0.1107,-10.8363
2108.8601,-0.0669,-3.4618,0.1103,-10.8654
2114.7181,-0.0672,-3.4704,0.1095,-10.8946
2120.5760,-0.0676,-3.4785,0.1091,-10.9239
2126.4340,-0.0679,-3.4871,0.1086,-10.9524
2132.2919,-0.0683,-3.4953,0.1079,-10.9823
2138.1499,-0.0689,-3.5032,0.1072,-11.0116
2144.0078,-0.0692,-3.5110,0.1068,-11.0406
2149.8658,-0.0695,-3.5195,0.1062,-11.0695
2155.7237,-0.0700,-3.5281,0.1055,-11.1000
2161.5816,-0.0704,-3.5365,0.1050,-11.1282
2167.4396,-0.0708,-3.5449,0.1044,-11.1570
2173.2975,-0.0710,-3.5521,0.1037,-11.1865
2179.1555,-0.0718,-3.5614,0.1033,-11.2155
2185.0134,-0.0720,-3.5696,0.1027,-11.2447
2190.8714,-0.0724,-3.5783,0.1021,-11.2730
2196.7293,-0.0729,-3.5864,0.1013,-11.3029
2202.5873,-0.0732,-3.5949,0.1008,-11.3318
2208.4452,-0.0736,-3.6032,0.1002,-11.3613
2214.3031,-0.0740,-3.6105,0.0996,-11.3897
2220.1611,-0.0745,-3.6194,0.0990,-11.4192
2226.0190,-0.0749,-3.6277,0.0984,-11.4490
2231.8770,-0.0754,-3.6354,0.0978,-11.4775
2237.7349,-0.0759,-3.6443,0.0972,-11.5067
2243.5929,-0.0762,-3.6527,0.0966,-11.5365
2249.4508,-0.0767,-3.6611,0.0960,-11.5650
2255.3088,-0.0770,-3.6686,0.0954,-11.5950
2261.1667,-0.0775,-3.6775,0.0946,-11.6239
2267.0247,-0.0778,-3.6852,0.0942,-11.6529
2272.8826,-0.0782,-3.6940,0.0936,-11.6821
2278.7405,-0.0788,-3.7021,0.0929,-11.7112
2284.5985,-0.0790,-3.7102,0.0923,-11.7407
2290.4564,-0.0796,-3.7184,0.0917,-11.7695
2296.3144,-0.0800,-3.7272,0.0910,-11.7992
2302.1723,-0.0804,-3.7356,0.0905,-11.8284
2308.0303,-0.0809,-3.7431,0.0899,-11.8570
2313.8882,-0.0814,-3.7519,0.0892,-11.8876
2319.7462,-0.0818,-3.7599,0.0886,-11.9157
2325.6041,-0.0822,-3.7686,0.0880,-11.9450
2331.4620,-0.0826,-3.7766,0.0873,-11.9742
2337.3200,-0.0832,-3.7854,0.0867,-12.0045
2343.1779,-0.0835,-3.7930,0.0860,-12.0318
2349.0359,-0.0840,-3.8007,0.0853,-12.0614
2354.8938,-0.0844,-3.8098,0.0846,-12.0901
2360.7518,-0.0848,-3.8181,0.0840,-12.1199
2366.6097,-0.0853,-3.8257,0.0835,-12.1489
2372.4677,-0.0857,-3.8340,0.0828,-12.1783
2378.3256,-0.0862,-3.8432,0.0821,-12.2072
2384.1835,-0.0868,-3.8511,0.0814,-12.2371
2390.0415,-0.0872,-3.8597,0.0808,-12.2662
2395.8994,-0.0876,-3.8675,0.0802,-12.2955
2401.7574,-0.0880,-3.8752,0.0796,-12.3236
2407.6153,-0.0884,-3.8841,0.0790,-12.3534
2413.4733,-0.0889,-3.8928,0.0782,-12.3826
2419.3312,-0.0893,-3.9000,0.0775,-12.4111
2425.1892,-0.0898,-3.9092,0.0769,-12.4411
2431.0471,-0.0903,-3.9169,0.0762,-12.4703
2436.9051,-0.0907,-3.9256,0.0755,-12.4994
2442.7630,-0.0911,-3.9340,0.0748,-12.5288
2448.6209,-0.0916,-3.9407,0.0742,-12.5583
2454.4789,-0.0922,-3.9499,0.0736,-12.5862
2460.3368,-0.0926,-3.9584,0.0730,-12.6167
2466.1948,-0.0930,-3.9669,0.0723,-12.6452
2472.0527,-0.0935,-3.9749,0.0716,-12.6742
2477.9107,-0.0940,-3.9836,0.0709,-12.7038
2483.7686,-0.0945,-3.9912,0.0702,-12.7323
2489.6266,-0.0949,-3.9999,0.0695,-12.7623
2495.4845,-0.0954,-4.0085,0.0689,-12.7915
2501.3424,-0.0961,-4.0160,0.0681,-12.8208
2507.2004,-0.0963,-4.0242,0.0675,-12.8493
2513.0583,-0.0969,-4.0328,0.0668,-12.8784
2518.9163,-0.0973,-4.0409,0.0661,-12.9083
2524.7742,-0.0978,-4.0500,0.0654,-12.9374
2530.6322,-0.0982,-4.0576,0.0647,-12.9675
2536.4901,-0.0987,-4.0659,0.0640,-12.9961
2542.3481,-0.0992,-4.0740,0.0634,-13.0246
2548.2060,-0.0998,-4.0824,0.0627,-13.0549
2554.0639,-0.1002,-4.0899,0.0620,-13.0831
2559.9219,-0.1007,-4.0993,0.0612,-13.1121
2565.7798,-0.1011,-4.1079,0.0605,-13.1416
2571.6378,-0.1018,-4.1150,0.0600,-13.1711
2577.4957,-0.1020,-4.1238,0.0590,-13.2006
2583.3537,-0.1026,-4.1314,0.0583,-13.2302
2589.2116,-0.1031,-4.1401,0.0578,-13.2591
2595.0696,-0.1035,-4.1476,0.0571,-13.2886
2600.9275,-0.1041,-4.1562,0.0563,-13.3175
2606.7855,-0.1047,-4.1645,0.0556,-13.3458
2612.6434,-0.1052,-4.1727,0.0550,-13.3754
2618.5013,-0.1056,-4.1817,0.0542,-13.4047
2624.3593,-0.1062,-4.1889,0.0534,-13.4345
2630.2172,-0.1066,-4.1971,0.0527,-13.4630
2636.0752,-0.1071,-4.2054,0.0521,-13.4920
2641.9331,-0.1076,-4.2135,0.0513,-13.5215
2647.7911,-0.1080,-4.2216,0.0505,-13.5509
2653.6490,-0.1087,-4.2310,0.0497,-13.5791
2659.5070,-0.1091,-4.2391,0.0491,-13.6090
2665.3649,-0.1095,-4.2465,0.0485,-13.6381
2671.2228,-0.1101,-4.2545,0.0475,-13.6677
2677.0808,-0.1107,-4.2635,0.0469,-13.6975
2682.9387,-0.1111,-4.2711,0.0463,-13.7269
2688.7967,-0.1116,-4.2793,0.0454,-13.7553
2694.6546,-0.1121,-4.2875,0.0447,-13.7842
2700.5126,-0.1126,-4.2963,0.0440,-13.8128
2706.3705,-0.1132,-4.3046,0.0433,-13.8427
2712.2285,-0.1138,-4.3124,0.0425,-13.8709
2718.0864,-0.1143,-4.3205,0.0418,-13.9011
2723.9443,-0.1148,-4.3290,0.0410,-13.9309
2729.8023,-0.1153,-4.3371,0.0403,-13.9599
2735.6602,-0.1156,-4.3454,0.0395,-13.9891
2741.5182,-0.1163,-4.3538,0.0388,-14.0180
2747.3761,-0.1169,-4.3617,0.0380,-14.0475
2753.2341,-0.1173,-4.3703,0.0372,-14.0758
2759.0920,-0.1179,-4.3782,0.0365,-14.1045
2764.9500,-0.1184,-4.3862,0.0358,-14.1353
2770.8079,-0.1188,-4.3943,0.0350,-14.1633
2776.6659,-0.1195,-4.4020,0.0341,-14.1935
2782.5238,-0.1200,-4.4107,0.0335,-14.2218
2788.3817,-0.1206,-4.4194,0.0327,-14.2514
2794.2397,-0.1211,-4.4269,0.0318,-14.2802
2800.0976,-0.1216,-4.4361,0.0311,-14.3100
2805.9556,-0.1220,-4.4436,0.0303,-14.3385
2811.8135,-0.1226,-4.4515,0.0296,-14.3689
2817.6715,-0.1231,-4.4599,0.0289,-14.3967
2823.5294,-0.1237,-4.4678,0.0280,-14.4260
2829.3874,-0.1243,-4.4760,0.0273,-14.4557
2835.2453,-0.1247,-4.4844,0.0266,-14.4847
2841.1032,-0.1253,-4.4922,0.0257,-14.5140
2846.9612,-0.1260,-4.5009,0.0251,-14.5435
2852.8191,-0.1266,-4.5081,0.0242,-14.5725
2858.6771,-0.1270,-4.5169,0.0234,-14.6011
2864.5350,-0.1275,-4.5249,0.0225,-14.6308
2870.3930,-0.1281,-4.5331,0.0218,-14.6606
2876.2509,-0.1286,-4.5398,0.0211,-14.6900
2882.1089,-0.1292,-4.5494,0.0203,-14.7189
2887.9668,-0.1297,-4.5570,0.0195,-14.7484
2893.8247,-0.1302,-4.5652,0.0186,-14.7766
2899.6827,-0.1309,-4.5738,0.0179,-14.8059
2905.5406,-0.1315,-4.5811,0.0170,-14.8348
2911.3986,-0.1319,-4.5897,0.0162,-14.8643
2917.2565,-0.1324,-4.5986,0.0155,-14.8932
2923.1145,-0.1329,-4.6059,0.0147,-14.9220
2928.9724,-0.1337,-4.6143,0.0139,-14.9523
2934.8304,-0.1341,-4.6224,0.0132,-14.9815
2940.6883,-0.1347,-4.6311,0.0123,-15.0105
2946.5463,-0.1352,-4.6393,0.0115,-15.0394
2952.4042,-0.1358,-4.6457,0.0106,-15.0682
2958.2621,-0.1363,-4.6544,0.0098,-15.0978
2964.1201,-0.1369,-4.6633,0.0091,-15.1276
2969.9780,-0.1376,-4.6711,0.0082,-15.1562
2975.8360,-0.1381,-4.6789,0.0074,-15.1859
2981.6939,-0.1387,-4.6863,0.0066,-15.2153
2987.5519,-0.1391,-4.6949,0.0058,-15.2450
2993.4098,-0.1398,-4.7031,0.0051,-15.2729
2999.2678,-0.1404,-4.7114,0.0042,-15.3017
3005.1257,-0.1408,-4.7195,0.0034,-15.3310
3010.9836,-0.1414,-4.7283,0.0025,-15.3608
3016.8416,-0.1421,-4.7358,0.0016,-15.3901
3022.6995,-0.1427,-4.7436,0.0009,-15.4187
3028.5575,-0.1433,-4.7519,-0.0001,-15.4483
3034.4154,-0.1438,-4.7600,-0.0009,-15.4768
3040.2734,-0.1444,-4.7684,-0.0015,-15.5065
3046.1313,-0.1450,-4.7764,-0.0024,-15.5355
3051.9893,-0.1456,-4.7840,-0.0034,-15.5645
3057.8472,-0.1461,-4.7928,-0.0042,-15.5938
3063.7052,-0.1467,-4.8003,-0.0051,-15.6233
3069.5631,-0.1473,-4.8077,-0.0059,-15.6521
3075.4210,-0.1479,-4.8165,-0.0067,-15.6818
3081.2790,-0.1485,-4.8237,-0.0076,-15.7105
3087.1369,-0.1491,-4.8323,-0.0083,-15.7393
3092.9949,-0.1496,-4.8402,-0.0091,-15.7688
3098.8528,-0.1502,-4.8480,-0.0100,-15.7983
3104.7108,-0.1508,-4.8568,-0.0109,-15.8270
3110.5687,-0.1514,-4.8646,-0.0118,-15.8562
3116.4267,-0.1520,-4.8730,-0.0126,-15.8853
3122.2846,-0.1526,-4.8805,-0.0136,-15.9148
3128.1425,-0.1532,-4.8886,-0.0143,-15.9431
3134.0005,-0.1538,-4.8963,-0.0152,-15.9728
3139.8584,-0.1542,-4.9054,-0.0161,-16.0019
3145.7164,-0.1549,-4.9131,-0.0169,-16.0317
3151.5743,-0.1557,-4.9217,-0.0179,-16.0598
3157.4323,-0.1562,-4.9292,-0.0187,-16.0895
3163.2902,-0.1568,-4.9376,-0.0196,-16.1185
3169.1482,-0.1574,-4.9447,-0.0204,-16.1473
3175.0061,-0.1581,-4.9531,-0.0213,-16.1770
3180.8640,-0.1586,-4.9601,-0.0222,-16.2062
3186.7220,-0.1592,-4.9683,-0.0231,-16.2353
3192.5799,-0.1598,-4.9767,-0.0237,-16.2643
3198.4379,-0.1605,-4.9846,-0.0248,-16.2926
3204.2958,-0.1610,-4.9933,-0.0256,-16.3224
3210.1538,-0.1617,-5.0008,-0.0265,-16.3513
3216.0117,-0.1623,-5.0088,-0.0273,-16.3804
3221.8697,-0.1629,-5.0171,-0.0283,-16.4098
3227.7276,-0.1635,-5.0250,-0.0292,-16.4389
3233.5856,-0.1640,-5.0320,-0.0300,-16.4675
3239.4435,-0.1648,-5.0404,-0.0309,-16.4969
3245.3014,-0.1652,-5.0483,-0.0318,-16.5265
3251.1594,-0.1658,-5.0563,-0.0327,-16.5555
3257.0173,-0.1665,-5.0641,-0.0337,-16.5851
3262.8753,-0.1673,-5.0726,-0.0345,-16.6136
3268.7332,-0.1679,-5.0802,-0.0355,-16.6430
3274.5912,-0.1684,-5.0886,-0.0363,-16.6726
3280.4491,-0.1692,-5.0964,-0.0371,-16.7009
3286.3071,-0.1696,-5.1044,-0.0380,-16.7310
3292.1650,-0.1702,-5.1118,-0.0389,-16.7600
3298.0229,-0.1708,-5.1202,-0.0399,-16.7892
3303.8809,-0.1714,-5.1281,-0.0408,-16.8178
3309.7388,-0.1722,-5.1362,-0.0417,-16.8460
3315.5968,-0.1727,-5.1439,-0.0426,-16.8761
3321.4547,-0.1733,-5.1521,-0.0435,-16.9043
3327.3127,-0.1741,-5.1599,-0.0444,-16.9338
3333.1706,-0.1745,-5.1678,-0.0453,-16.9632
3339.0286,-0.1753,-5.1753,-0.0463,-16.9935
3344.8865,-0.1759,-5.1838,-0.0471,-17.0212
3350.7444,-0.1766,-5.1910,-0.0481,-17.0507
3356.6024,-0.1772,-5.1997,-0.0490,-17.0794
3362.4603,-0.1778,-5.2078,-0.0500,-17.1087
3368.3183,-0.1785,-5.2148,-0.0507,-17.1374
3374.1762,-0.1791,-5.2224,-0.0517,-17.1667
3380.0342,-0.1798,-5.2314,-0.0527,-17.1952
3385.8921,-0.1804,-5.2393,-0.0535,-17.2252
3391.7501,-0.1810,-5.2471,-0.0546,-17.2543
3397.6080,-0.1818,-5.2541,-0.0555,-17.2829
3403.4660,-0.1823,-5.2623,-0.0565,-17.3126
3409.3239,-0.1830,-5.2703,-0.0573,-17.3414
3415.1818,-0.1837,-5.2775,-0.0583,-17.3711
3421.0398,-0.1844,-5.2861,-0.0593,-17.3995
3426.8977,-0.1851,-5.2939,-0.0602,-17.4287
3432.7557,-0.1856,-5.3017,-0.0610,-17.4578
3438.6136,-0.1863,-5.3094,-0.0621,-17.4865
3444.4716,-0.1869,-5.3174,-0.0630,-17.5156
3450.3295,-0.1876,-5.3257,-0.0638,-17.5452
3456.1875,-0.1882,-5.3335,-0.0648,-17.5743
3462.0454,-0.1888,-5.3408,-0.0658,-17.6039
3467.9033,-0.1896,-5.3488,-0.0668,-17.6323
3473.7613,-0.1901,-5.3562,-0.0677,-17.6613
3479.6192,-0.1907,-5.3643,-0.0687,-17.6894
3485.4772,-0.1915,-5.3726,-0.0696,-17.7190
3491.3351,-0.1923,-5.3799,-0.0707,-17.7475
3497.1931,-0.1928,-5.3862,-0.0715,-17.7783
3503.0510,-0.1936,-5.3956,-0.0723,-17.8072
3508.9090,-0.1940,-5.4032,-0.0734,-17.8359
3514.7669,-0.1948,-5.4116,-0.0744,-17.8653
3520.6248,-0.1954,-5.4189,-0.0753,-17.8941
3526.4828,-0.1962,-5.4267,-0.0764,-17.9233
3532.3407,-0.1968,-5.4341,-0.0773,-17.9518
3538.1987,-0.1975,-5.4426,-0.0783,-17.9817
3544.0566,-0.1981,-5.4504,-0.0792,-18.0097
3549.9146,-0.1988,-5.4575,-0.0801,-18.0394
3555.7725,-0.1994,-5.4653,-0.0812,-18.0683
3561.6305,-0.2001,-5.4728,-0.0821,-18.0967
3567.4884,-0.2009,-5.4810,-0.0832,-18.1258
3573.3464,-0.2014,-5.4897,-0.0841,-18.1551
3579.2043,-0.2023,-5.4964,-0.0850,-18.1850
3585.0622,-0.2028,-5.5048,-0.0859,-18.2131
3590.9202,-0.2034,-5.5116,-0.0870,-18.2422
3596.7781,-0.2043,-5.5188,-0.0881,-18.2715
3602.6361,-0.2049,-5.5277,-0.0891,-18.3008
3608.4940,-0.2055,-5.5353,-0.0901,-18.3292
3614.3520,-0.2063,-5.5426,-0.0910,-18.3585
3620.2099,-0.2069,-5.5514,-0.0920,-18.3877
3626.0679,-0.2077,-5.5578,-0.0930,-18.4172
3631.9258,-0.2083,-5.5665,-0.0941,-18.4450
3637.7837,-0.2090,-5.5739,-0.0949,-18.4746
3643.6417,-0.2095,-5.5817,-0.0960,-18.5034
3649.4996,-0.2104,-5.5894,-0.0969,-18.5328
3655.3576,-0.2111,-5.5962,-0.0978,-18.5613
3661.2155,-0.2117,-5.6046,-0.0989,-18.5900
3667.0735,-0.2124,-5.6127,-0.0999,-18.6193
3672.9314,-0.2132,-5.6198,-0.1009,-18.6493
3678.7894,-0.2139,-5.6278,-0.1018,-18.6773
3684.6473,-0.2144,-5.6356,-0.1029,-18.7071
3690.5052,-0.2151,-5.6427,-0.1040,-18.7354
3696.3632,-0.2160,-5.6506,-0.1049,-18.7660
3702.2211,-0.2165,-5.6589,-0.1059,-18.7938
3708.0791,-0.2174,-5.6659,-0.1070,-18.8229
3713.9370,-0.2180,-5.6746,-0.1080,-18.8520
3719.7950,-0.2188,-5.6811,-0.1089,-18.8812
3725.6529,-0.2193,-5.6897,-0.1099,-18.9096
3731.5109,-0.2200,-5.6965,-0.1110,-18.9395
3737.3688,-0.2207,-5.7041,-0.1120,-18.9677
3743.2268,-0.2215,-5.7122,-0.1130,-18.9972
3749.0847,-0.2223,-5.7189,-0.1140,-19.0263
3754.9426,-0.2229,-5.7269,-0.1150,-19.0544
3760.8006,-0.2236,-5.7348,-0.1162,-19.0845
3766.6585,-0.2244,-5.7422,-0.1172,-19.1134
3772.5165,-0.2251,-5.7500,-0.1181,-19.1419
3778.3744,-0.2258,-5.7576,-0.1191,-19.1706
3784.2324,-0.2266,-5.7652,-0.1202,-19.2001
3790.0903,-0.2272,-5.7729,-0.1212,-19.2289
3795.9483,-0.2279,-5.7803,-0.1222,-19.2577
3801.8062,-0.2286,-5.7879,-0.1232,-19.2871
3807.6641,-0.2294,-5.7955,-0.1243,-19.3152
3813.5221,-0.2300,-5.8024,-0.1254,-19.3443
3819.3800,-0.2308,-5.8109,-0.1264,-19.3731
3825.2380,-0.2314,-5.8188,-0.1273,-19.4025
3831.0959,-0.2322,-5.8254,-0.1284,-19.4314
3836.9539,-0.2329,-5.8331,-0.1296,-19.4597
3842.8118,-0.2336,-5.8405,-0.1306,-19.4890
3848.6698,-0.2342,-5.8491,-0.1316,-19.5185
3854.5277,-0.2350,-5.8566,-0.1326,-19.5468
3860.3856,-0.2358,-5.8648,-0.1337,-19.5764
3866.2436,-0.2364,-5.8707,-0.1347,-19.6052
3872.1015,-0.2372,-5.8780,-0.1358,-19.6344
3877.9595,-0.2379,-5.8855,-0.1369,-19.6639
3883.8174,-0.2387,-5.8941,-0.1379,-19.6924
3889.6754,-0.2393,-5.9014,-0.1389,-19.7208
3895.5333,-0.2400,-5.9093,-0.1400,-19.7501
3901.3913,-0.2409,-5.9164,-0.1410,-19.7790
3907.2492,-0.2416,-5.9234,-0.1421,-19.8080
3913.1072,-0.2424,-5.9317,-0.1432,-19.8371
3918.9651,-0.2430,-5.9387,-0.1442,-19.8663
3924.8230,-0.2436,-5.9462,-0.1453,-19.8944
3930.6810,-0.2445,-5.9533,-0.1465,-19.9233
3936.5389,-0.2451,-5.9622,-0.1474,-19.9532
3942.3969,-0.2460,-5.9693,-0.1485,-19.9816
3948.2548,-0.2467,-5.9755,-0.1497,-20.0110
3954.1128,-0.2474,-5.9843,-0.1507,-20.0402
3959.9707,-0.2481,-5.9911,-0.1516,-20.0679
3965.8287,-0.2490,-5.9985,-0.1528,-20.0972
3971.6866,-0.2496,-6.0061,-0.1539,-20.1261
3977.5445,-0.2503,-6.0133,-0.1550,-20.1555
3983.4025,-0.2512,-6.0206,-0.1560,-20.1840
3989.2604,-0.2519,-6.0282,-0.1572,-20.2132
3995.1184,-0.2525,-6.0360,-0.1583,-20.2417
4000.9763,-0.2535,-6.0425,-0.1593,-20.2703
4006.8343,-0.2541,-6.0501,-0.1605,-20.3003
4012.6922,-0.2549,-6.0581,-0.1614,-20.3278
4018.5502,-0.2556,-6.0663,-0.1624,-20.3576
4024.4081,-0.2564,-6.0730,-0.1636,-20.3867
4030.2660,-0.2571,-6.0807,-0.1648,-20.4155
4036.1240,-0.2579,-6.0875,-0.1658,-20.4441
4041.9819,-0.2586,-6.0956,-0.1670,-20.4735
4047.8399,-0.2595,-6.1020,-0.1679,-20.5020
4053.6978,-0.2601,-6.1105,-0.1691,-20.5318
4059.5558,-0.2609,-6.1167,-0.1703,-20.5604
4065.4137,-0.2617,-6.1250,-0.1713,-20.5895
4071.2717,-0.2623,-6.1319,-0.1724,-20.6182
4077.1296,-0.2630,-6.1396,-0.1735,-20.6473
4082.9876,-0.2637,-6.1463,-0.1746,-20.6754
4088.8455,-0.2646,-6.1547,-0.1757,-20.7044
4094.7034,-0.2653,-6.1617,-0.1769,-20.7327
4100.5614,-0.2661,-6.1682,-0.1780,-20.7620
4106.4193,-0.2669,-6.1761,-0.1790,-20.7919
4112.2773,-0.2678,-6.1842,-0.1802,-20.8204
4118.1352,-0.2684,-6.1906,-0.1813,-20.8494
4123.9932,-0.2693,-6.1981,-0.1824,-20.8771
4129.8511,-0.2700,-6.2051,-0.1834,-20.9066
4135.7091,-0.2707,-6.2125,-0.1845,-20.9359
4141.5670,-0.2715,-6.2199,-0.1857,-20.9650
4147.4249,-0.2723,-6.2272,-0.1868,-20.9926
4153.2829,-0.2731,-6.2345,-0.1880,-21.0220
4159.1408,-0.2738,-6.2426,-0.1890,-21.0513
4164.9988,-0.2746,-6.2490,-0.1902,-21.0800
4170.8567,-0.2754,-6.2572,-0.1913,-21.1096
4176.7147,-0.2761,-6.2633,-0.1924,-21.1371
4182.5726,-0.2770,-6.2713,-0.1935,-21.1665
4188.4306,-0.2777,-6.2794,-0.1948,-21.1949
4194.2885,-0.2784,-6.2856,-0.1959,-21.2237
4200.1464,-0.2793,-6.2931,-0.1969,-21.2532
4206.0044,-0.2799,-6.3007,-0.1981,-21.2811
4211.8623,-0.2808,-6.3069,-0.1992,-21.3100
4217.7203,-0.2815,-6.3148,-0.2004,-21.3395
4223.5782,-0.2823,-6.3217,-0.2014,-21.3677
4229.4362,-0.2830,-6.3295,-0.2027,-21.3974
4235.2941,-0.2839,-6.3360,-0.2038,-21.4266
4241.1521,-0.2847,-6.3441,-0.2050,-21.4552
4247.0100,-0.2855,-6.3515,-0.2061,-21.4831
4252.8680,-0.2862,-6.3581,-0.2071,-21.5125
4258.7259,-0.2871,-6.3657,-0.2084,-21.5415
4264.5838,-0.2878,-6.3725,-0.2094,-21.5694
4270.4418,-0.2886,-6.3801,-0.2107,-21.5993
4276.2997,-0.2893,-6.3875,-0.2118,-21.6285
4282.1577,-0.2901,-6.3944,-0.2128,-21.6551
4288.0156,-0.2909,-6.4020,-0.2141,-21.6857
4293.8736,-0.2916,-6.4087,-0.2153,-21.7138
4299.7315,-0.2925,-6.4158,-0.2165,-21.7438
4305.5895,-0.2933,-6.4232,-0.2176,-21.7713
4311.4474,-0.2942,-6.4306,-0.2188,-21.8005
4317.3053,-0.2949,-6.4364,-0.2198,-21.8295
4323.1633,-0.2956,-6.4447,-0.2211,-21.8581
4329.0212,-0.2964,-6.4524,-0.2223,-21.8872
4334.8792,-0.2973,-6.4588,-0.2233,-21.9163
4340.7371,-0.2980,-6.4657,-0.2245,-21.9449
4346.5951,-0.2988,-6.4732,-0.2257,-21.9737
4352.4530,-0.2997,-6.4798,-0.2269,-22.0022
4358.3110,-0.3003,-6.4885,-0.2280,-22.0305
4364.1689,-0.3012,-6.4945,-0.2291,-22.0597
4370.0268,-0.3020,-6.5014,-0.2303,-22.0875
4375.8848,-0.3028,-6.5088,-0.2315,-22.1177
4381.7427,-0.3037,-6.5161,-0.2328,-22.1460
4387.6007,-0.3044,-6.5228,-0.2339,-22.1752
4393.4586,-0.3051,-6.5305,-0.2350,-22.2044
4399.3166,-0.3061,-6.5368,-0.2362,-22.2327
4405.1745,-0.3068,-6.5435,-0.2374,-22.2614
4411.0325,-0.3077,-6.5509,-0.2386,-22.2900
4416.8904,-0.3085,-6.5587,-0.2398,-22.3184
4422.7484,-0.3092,-6.5660,-0.2409,-22.3473
4428.6063,-0.3101,-6.5727,-0.2422,-22.3766
4434.4642,-0.3109,-6.5793,-0.2434,-22.4051
4440.3222,-0.3117,-6.5868,-0.2444,-22.4329
4446.1801,-0.3124,-6.5939,-0.2456,-22.4622
4452.0381,-0.3133,-6.6013,-0.2470,-22.4913
4457.8960,-0.3142,-6.6079,-0.2481,-22.5198
4463.7540,-0.3150,-6.6149,-0.2493,-22.5486
4469.6119,-0.3157,-6.6214,-0.2505,-22.5772
4475.4699,-0.3166,-6.6290,-0.2517,-22.6060
4481.3278,-0.3174,-6.6357,-0.2529,-22.6353
4487.1857,-0.3181,-6.6433,-0.2541,-22.6632
4493.0437,-0.3190,-6.6502,-0.2553,-22.6924
4498.9016,-0.3197,-6.6572,-0.2564,-22.7212
4504.7596,-0.3206,-6.6640,-0.2577,-22.7499
4510.6175,-0.3214,-6.6715,-0.2589,-22.7782
4516.4755,-0.3222,-6.6779,-0.2601,-22.8077
4522.3334,-0.3231,-6.6851,-0.2613,-22.8362
4528.1914,-0.3240,-6.6913,-0.2626,-22.8648
4534.0493,-0.3246,-6.6989,-0.2636,-22.8943
4539.9072,-0.3255,-6.7055,-0.2650,-22.9225
4545.7652,-0.3263,-6.7129,-0.2659,-22.9501
4551.6231,-0.3271,-6.7198,-0.2673,-22.9797
4557.4811,-0.3280,-6.7266,-0.2686,-23.0089
4563.3390,-0.3289,-6.7329,-0.2698,-23.0373
4569.1970,-0.3296,-6.7413,-0.2710,-23.0661
4575.0549,-0.3305,-6.7471,-0.2721,-23.0945
4580.9129,-0.3313,-6.7545,-0.2734,-23.1232
4586.7708,-0.3321,-6.7618,-0.2746,-23.1522
4592.6288,-0.3330,-6.7685,-0.2758,-23.1812
4598.4867,-0.3339,-6.7753,-0.2771,-23.2096
4604.3446,-0.3346,-6.7823,-0.2782,-23.2384
4610.2026,-0.3354,-6.7897,-0.2796,-23.2666
4616.0605,-0.3363,-6.7955,-0.2807,-23.2958
4621.9185,-0.3372,-6.8033,-0.2819,-23.3242
4627.7764,-0.3381,-6.8096,-0.2832,-23.3526
4633.6344,-0.3387,-6.8167,-0.2844,-23.3819
4639.4923,-0.3395,-6.8241,-0.2857,-23.4097
4645.3503,-0.3405,-6.8309,-0.2870,-23.4403
4651.2082,-0.3413,-6.8368,-0.2882,-23.4687
4657.0661,-0.3420,-6.8438,-0.2894,-23.4971
4662.9241,-0.3428,-6.8516,-0.2907,-23.5254
4668.7820,-0.3438,-6.8576,-0.2918,-23.5544
4674.6400,-0.3446,-6.8644,-0.2932,-23.5825
4680.4979,-0.3456,-6.8720,-0.2943,-23.6111
4686.3559,-0.3462,-6.8779,-0.2956,-23.6400
4692.2138,-0.3471,-6.8854,-0.2969,-23.6692
4698.0718,-0.3480,-6.8920,-0.2981,-23.6969
4703.9297,-0.3489,-6.8987,-0.2993,-23.7262
4709.7876,-0.3496,-6.9051,-0.3005,-23.7544
4715.6456,-0.3505,-6.9126,-0.3016,-23.7834
4721.5035,-0.3513,-6.9186,-0.3031,-23.8124
4727.3615,-0.3521,-6.9256,-0.3042,-23.8415
4733.2194,-0.3530,-6.9332,-0.3056,-23.8696
4739.0774,-0.3539,-6.9389,-0.3068,-23.8977
4744.9353,-0.3547,-6.9460,-0.3081,-23.9260
4750.7933,-0.3556,-6.9525,-0.3093,-23.9556
4756.6512,-0.3565,-6.9597,-0.3106,-23.9834
4762.5092,-0.3573,-6.9671,-0.3118,-24.0125
4768.3671,-0.3582,-6.9738,-0.3132,-24.0414
4774.2250,-0.3590,-6.9802,-0.3142,-24.0699
4780.0830,-0.3598,-6.9867,-0.3157,-24.0995
4785.9409,-0.3608,-6.9935,-0.3168,-24.1273
4791.7989,-0.3615,-7.0001,-0.3181,-24.1558
4797.6568,-0.3624,-7.0072,-0.3194,-24.1846
4803.5148,-0.3633,-7.0134,-0.3207,-24.2139
4809.3727,-0.3640,-7.0204,-0.3220,-24.2419
4815.2307,-0.3650,-7.0271,-0.3232,-24.2702
4821.0886,-0.3657,-7.0339,-0.3244,-24.2988
4826.9465,-0.3668,-7.0406,-0.3257,-24.3279
4832.8045,-0.3674,-7.0474,-0.3271,-24.3565
4838.6624,-0.3684,-7.0538,-0.3283,-24.3856
4844.5204,-0.3693,-7.0605,-0.3296,-24.4137
4850.3783,-0.3701,-7.0672,-0.3309,-24.4416
4856.2363,-0.3710,-7.0735,-0.3322,-24.4712
4862.0942,-0.3718,-7.0804,-0.3334,-24.4994
4867.9522,-0.3727,-7.0875,-0.3348,-24.5283
4873.8101,-0.3735,-7.0946,-0.3360,-24.5567
4879.6680,-0.3743,-7.1015,-0.3373,-24.5851
4885.5260,-0.3753,-7.1072,-0.3385,-24.6142
4891.3839,-0.3762,-7.1142,-0.3399,-24.6423
4897.2419,-0.3771,-7.1209,-0.3412,-24.6710
4903.0998,-0.3778,-7.1269,-0.3425,-24.6990
4908.9578,-0.3787,-7.1336,-0.3438,-24.7283
4914.8157,-0.3796,-7.1411,-0.3450,-24.7572
4920.6737,-0.3804,-7.1472,-0.3463,-24.7855
4926.5316,-0.3814,-7.1539,-0.3476,-24.8133
4932.3896,-0.3822,-7.1596,-0.3490,-24.8428
4938.2475,-0.3831,-7.1664,-0.3501,-24.8716
4944.1054,-0.3839,-7.1740,-0.3515,-24.9002
4949.9634,-0.3849,-7.1803,-0.3527,-24.9283
4955.8213,-0.3857,-7.1867,-0.3542,-24.9573
4961.6793,-0.3866,-7.1929,-0.3554,-24.9862
4967.5372,-0.3875,-7.2000,-0.3567,-25.0144
4973.3952,-0.3882,-7.2066,-0.3580,-25.0431
4979.2531,-0.3891,-7.2125,-0.3594,-25.0712
4985.1111,-0.3901,-7.2193,-0.3606,-25.1008
4990.9690,-0.3910,-7.2265,-0.3619,-25.1283
4996.8269,-0.3918,-7.2328,-0.3632,-25.1569
5002.6849,-0.3929,-7.2386,-0.3645,-25.1855
5008.5428,-0.3935,-7.2450,-0.3658,-25.2149
5014.4008,-0.3944,-7.2526,-0.3672,-25.2430
5020.2587,-0.3953,-7.2594,-0.3685,-25.2713
5026.1167,-0.3962,-7.2654,-0.3698,-25.3013
5031.9746,-0.3971,-7.2716,-0.3710,-25.3285
5037.8326,-0.3980,-7.2784,-0.3726,-25.3579
5043.6905,-0.3989,-7.2844,-0.3736,-25.3857
5049.5485,-0.3996,-7.2913,-0.3751,-25.4146
5055.4064,-0.4005,-7.2978,-0.3764,-25.4425
5061.2643,-0.4015,-7.3048,-0.3777,-25.4719
5067.1223,-0.4024,-7.3101,-0.3790,-25.5001
5072.9802,-0.4033,-7.3172,-0.3803,-25.5282
5078.8382,-0.4042,-7.3236,-0.3817,-25.5571
5084.6961,-0.4050,-7.3299,-0.3831,-25.5855
5090.5541,-0.4059,-7.3357,-0.3843,-25.6143
5096.4120,-0.4068,-7.3425,-0.3857,-25.6435
5102.2700,-0.4077,-7.3490,-0.3870,-25.6719
5108.1279,-0.4086,-7.3559,-0.3883,-25.6998
5113.9858,-0.4096,-7.3613,-0.3897,-25.7280
5119.8438,-0.4103,-7.3685,-0.3911,-25.7564
5125.7017,-0.4112,-7.3743,-0.3924,-25.7848
5131.5597,-0.4120,-7.3813,-0.3938,-25.8135
5137.4176,-0.4131,-7.3877,-0.3949,-25.8423
5143.2756,-0.4139,-7.3942,-0.3963,-25.8702
5149.1335,-0.4149,-7.4016,-0.3977,-25.8997
5154.9915,-0.4157,-7.4073,-0.3991,-25.9280
5160.8494,-0.4166,-7.4133,-0.4004,-25.9569
5166.7073,-0.4174,-7.4190,-0.4019,-25.9848
5172.5653,-0.4184,-7.4254,-0.4031,-26.0136
5178.4232,-0.4192,-7.4321,-0.4044,-26.0421
5184.2812,-0.4202,-7.4391,-0.4058,-26.0701
5190.1391,-0.4211,-7.4456,-0.4072,-26.0987
5195.9971,-0.4220,-7.4520,-0.4085,-26.1274
5201.8550,-0.4229,-7.4581,-0.4099,-26.1560
5207.7130,-0.4237,-7.4638,-0.4112,-26.1845
5213.5709,-0.4246,-7.4707,-0.4124,-26.2124
5219.4289,-0.4255,-7.4778,-0.4137,-26.2419
5225.2868,-0.4265,-7.4834,-0.4152,-26.2701
5231.1447,-0.4275,-7.4895,-0.4165,-26.2986
5237.0027,-0.4283,-7.4950,-0.4181,-26.3280
5242.8606,-0.4292,-7.5015,-0.4194,-26.3556
5248.7186,-0.4301,-7.5084,-0.4206,-26.3850
5254.5765,-0.4311,-7.5154,-0.4221,-26.4135
5260.4345,-0.4321,-7.5212,-0.4232,-26.4409
5266.2924,-0.4328,-7.5260,-0.4247,-26.4700
5272.1504,-0.4336,-7.5331,-0.4261,-26.4986
5278.0083,-0.4346,-7.5391,-0.4275,-26.5275
5283.8662,-0.4355,-7.5460,-0.4289,-26.5549
5289.7242,-0.4365,-7.5529,-0.4302,-26.5837
5295.5821,-0.4373,-7.5590,-0.4317,-26.6115
5301.4401,-0.4382,-7.5651,-0.4330,-26.6405
5307.2980,-0.4390,-7.5706,-0.4343,-26.6690
5313.1560,-0.4400,-7.5777,-0.4357,-26.6975
5319.0139,-0.4409,-7.5838,-0.4370,-26.7255
5324.8719,-0.4419,-7.5895,-0.4384,-26.7549
5330.7298,-0.4427,-7.5956,-0.4399,-26.7836
5336.5877,-0.4437,-7.6019,-0.4413,-26.8109
5342.4457,-0.4446,-7.6088,-0.4426,-26.8399
5348.3036,-0.4456,-7.6148,-0.4440,-26.8689
5354.1616,-0.4464,-7.6211,-0.4455,-26.8964
5360.0195,-0.4474,-7.6272,-0.4468,-26.9248
5365.8775,-0.4483,-7.6334,-0.4480,-26.9538
5371.7354,-0.4493,-7.6391,-0.4495,-26.9823
5377.5934,-0.4501,-7.6456,-0.4508,-27.0109
5383.4513,-0.4510,-7.6512,-0.4522,-27.0395
5389.3093,-0.4520,-7.6577,-0.4536,-27.0681
5395.1672,-0.4528,-7.6638,-0.4550,-27.0961
5401.0251,-0.4537,-7.6704,-0.4564,-27.1241
5406.8831,-0.4547,-7.6761,-0.4578,-27.1530
5412.7410,-0.4556,-7.6828,-0.4594,-27.1814
5418.5990,-0.4565,-7.6884,-0.4607,-27.2101
5424.4569,-0.4575,-7.6947,-0.4619,-27.2387
5430.3149,-0.4583,-7.7011,-0.4634,-27.2672
5436.1728,-0.4593,-7.7064,-0.4648,-27.2945
5442.0308,-0.4601,-7.7129,-0.4662,-27.3240
5447.8887,-0.4611,-7.7190,-0.4676,-27.3526
5453.7466,-0.4622,-7.7255,-0.4690,-27.3807
5459.6046,-0.4629,-7.7309,-0.4704,-27.4084
5465.4625,-0.4639,-7.7370,-0.4720,-27.4385
5471.3205,-0.4650,-7.7434,-0.4733,-27.4666
5477.1784,-0.4657,-7.7488,-0.4746,-27.4950
5483.0364,-0.4666,-7.7561,-0.4760,-27.5230
5488.8943,-0.4675,-7.7615,-0.4775,-27.5519
5494.7523,-0.4685,-7.7677,-0.4789,-27.5797
5500.6102,-0.4694,-7.7734,-0.4803,-27.6076
5506.4681,-0.4705,-7.7796,-0.4816,-27.6363
5512.3261,-0.4714,-7.7861,-0.4831,-27.6656
5518.1840,-0.4723,-7.7925,-0.4844,-27.6939
5524.0420,-0.4731,-7.7976,-0.4860,-27.7217
5529.8999,-0.4743,-7.8046,-0.4874,-27.7505
5535.7579,-0.4751,-7.8105,-0.4888,-27.7787
5541.6158,-0.4760,-7.8151,-0.4903,-27.8076
5547.4738,-0.4769,-7.8226,-0.4916,-27.8357
5553.3317,-0.4778,-7.8278,-0.4931,-27.8641
5559.1897,-0.4787,-7.8342,-0.4943,-27.8921
5565.0476,-0.4797,-7.8400,-0.4960,-27.9208
5570.9055,-0.4805,-7.8457,-0.4972,-27.9499
5576.7635,-0.4816,-7.8512,-0.4987,-27.9779
5582.6214,-0.4824,-7.8572,-0.5002,-28.0063
5588.4794,-0.4834,-7.8634,-0.5015,-28.0345
5594.3373,-0.4843,-7.8696,-0.5030,-28.0627
5600.1953,-0.4853,-7.8753,-0.5044,-28.0918
5606.0532,-0.4863,-7.8821,-0.5059,-28.1198
5611.9112,-0.4871,-7.8872,-0.5073,-28.1484
5617.7691,-0.4880,-7.8929,-0.5087,-28.1758
5623.6270,-0.4890,-7.8998,-0.5102,-28.2051
5629.4850,-0.4900,-7.9055,-0.5115,-28.2343
5635.3429,-0.4910,-7.9109,-0.5130,-28.2625
5641.2009,-0.4917,-7.9168,-0.5145,-28.2903
5647.0588,-0.4928,-7.9235,-0.5159,-28.3186
5652.9168,-0.4936,-7.9290,-0.5174,-28.3480
5658.7747,-0.4946,-7.9348,-0.5187,-28.3760
5664.6327,-0.4956,-7.9411,-0.5201,-28.4043
5670.4906,-0.4965,-7.9463,-0.5217,-28.4328
5676.3485,-0.4976,-7.9537,-0.5231,-28.4616
5682.2065,-0.4984,-7.9581,-0.5246,-28.4882
5688.0644,-0.4993,-7.9650,-0.5261,-28.5175
5693.9224,-0.5003,-7.9700,-0.5276,-28.5452
5699.7803,-0.5012,-7.9763,-0.5289,-28.5748
5705.6383,-0.5022,-7.9819,-0.5305,-28.6019
5711.4962,-0.5032,-7.9885,-0.5318,-28.6306
5717.3542,-0.5041,-7.9935,-0.5333,-28.6594
5723.2121,-0.5050,-7.9993,-0.5347,-28.6882
5729.0701,-0.5059,-8.0064,-0.5362,-28.7161
5734.9280,-0.5069,-8.0111,-0.5375,-28.7442
5740.7859,-0.5079,-8.0175,-0.5390,-28.7732
5746.6439,-0.5088,-8.0235,-0.5405,-28.8015
5752.5018,-0.5096,-8.0287,-0.5419,-28.8298
5758.3598,-0.5107,-8.0348,-0.5434,-28.8582
5764.2177,-0.5117,-8.0406,-0.5448,-28.8863
5770.0757,-0.5126,-8.0462,-0.5464,-28.9150
5775.9336,-0.5135,-8.0520,-0.5477,-28.9434
5781.7916,-0.5145,-8.0571,-0.5493,-28.9721
5787.6495,-0.5154,-8.0636,-0.5507,-28.9991
5793.5074,-0.5164,-8.0686,-0.5523,-29.0287
5799.3654,-0.5173,-8.0749,-0.5536,-29.0565
5805.2233,-0.5183,-8.0806,-0.5552,-29.0843
5811.0813,-0.5193,-8.0875,-0.5567,-29.1135
5816.9392,-0.5201,-8.0923,-0.5582,-29.1422
5822.7972,-0.5212,-8.0983,-0.5597,-29.1703
5828.6551,-0.5221,-8.1038,-0.5611,-29.1990
5834.5131,-0.5231,-8.1093,-0.5626,-29.2277
5840.3710,-0.5239,-8.1156,-0.5641,-29.2556
5846.2289,-0.5249,-8.1210,-0.5656,-29.2841
5852.0869,-0.5259,-8.1265,-0.5671,-29.3119
5857.9448,-0.5269,-8.1319,-0.5684,-29.3399
5863.8028,-0.5278,-8.1386,-0.5698,-29.3693
5869.6607,-0.5288,-8.1442,-0.5714,-29.3970
5875.5187,-0.5300,-8.1491,-0.5729,-29.4249
5881.3766,-0.5306,-8.1552,-0.5744,-29.4533
5887.2346,-0.5316,-8.1609,-0.5758,-29.4823
5893.0925,-0.5326,-8.1666,-0.5773,-29.5095
5898.9505,-0.5337,-8.1725,-0.5787,-29.5397
5904.8084,-0.5346,-8.1774,-0.5803,-29.5673
5910.6663,-0.5355,-8.1840,-0.5819,-29.5960
5916.5243,-0.5366,-8.1899,-0.5833,-29.6237
5922.3822,-0.5374,-8.1948,-0.5848,-29.6520
5928.2402,-0.5384,-8.2008,-0.5863,-29.6808
5934.0981,-0.5393,-8.2064,-0.5877,-29.7090
5939.9561,-0.5403,-8.2120,-0.5892,-29.7370
5945.8140,-0.5412,-8.2173,-0.5909,-29.7654
5951.6720,-0.5423,-8.2233,-0.5923,-29.7939
5957.5299,-0.5432,-8.2286,-0.5937,-29.8224
5963.3878,-0.5441,-8.2342,-0.5953,-29.8501
5969.2458,-0.5452,-8.2401,-0.5968,-29.8790
5975.1037,-0.5462,-8.2455,-0.5983,-29.9069
5980.9617,-0.5471,-8.2510,-0.5997,-29.9355
5986.8196,-0.5483,-8.2566,-0.6012,-29.9638
5992.6776,-0.5491,-8.2620,-0.6027,-29.9925
5998.5355,-0.5500,-8.2677,-0.6042,-30.0201
6004.3935,-0.5510,-8.2735,-0.6057,-30.0489
6010.2514,-0.5519,-8.2785,-0.6072,-30.0771
6016.1093,-0.5528,-8.2851,-0.6088,-30.1058
6021.9673,-0.5539,-8.2898,-0.6102,-30.1348
6027.8252,-0.5548,-8.2958,-0.6118,-30.1630
6033.6832,-0.5559,-8.3017,-0.6133,-30.1902
6039.5411,-0.5568,-8.3070,-0.6148,-30.2186
6045.3991,-0.5577,-8.3116,-0.6163,-30.2482
6051.2570,-0.5587,-8.3177,-0.6178,-30.2753
6057.1150,-0.5596,-8.3227,-0.6193,-30.3042
6062.9729,-0.5606,-8.3284,-0.6208,-30.3327
6068.8309,-0.5616,-8.3334,-0.6224,-30.3607
6074.6888,-0.5626,-8.3393,-0.6239,-30.3894
6080.5467,-0.5636,-8.3454,-0.6255,-30.4170
6086.4047,-0.5645,-8.3511,-0.6269,-30.4448
6092.2626,-0.5655,-8.3563,-0.6285,-30.4742
6098.1206,-0.5665,-8.3623,-0.6300,-30.5024
6103.9785,-0.5673,-8.3677,-0.6315,-30.5298
6109.8365,-0.5684,-8.3733,-0.6331,-30.5584
6115.6944,-0.5694,-8.3777,-0.6346,-30.5870
6121.5524,-0.5704,-8.3831,-0.6361,-30.6154
6127.4103,-0.5714,-8.3890,-0.6376,-30.6440
6133.2682,-0.5723,-8.3955,-0.6390,-30.6720
6139.1262,-0.5732,-8.3994,-0.6407,-30.7018
6144.9841,-0.5743,-8.4046,-0.6421,-30.7288
6150.8421,-0.5752,-8.4107,-0.6438,-30.7570
6156.7000,-0.5763,-8.4166,-0.6452,-30.7856
6162.5580,-0.5772,-8.4216,-0.6468,-30.8144
6168.4159,-0.5781,-8.4275,-0.6483,-30.8422
6174.2739,-0.5791,-8.4319,-0.6499,-30.8707
6180.1318,-0.5801,-8.4378,-0.6514,-30.8983
6185.9897,-0.5810,-8.4436,-0.6529,-30.9274
6191.8477,-0.5821,-8.4489,-0.6543,-30.9554
6197.7056,-0.5832,-8.4552,-0.6560,-30.9842
6203.5636,-0.5840,-8.4586,-0.6575,-31.0124
6209.4215,-0.5851,-8.4649,-0.6591,-31.0401
6215.2795,-0.5860,-8.4697,-0.6606,-31.0679
6221.1374,-0.5871,-8.4756,-0.6623,-31.0976
6226.9954,-0.5881,-8.4804,-0.6636,-31.1249
6232.8533,-0.5890,-8.4860,-0.6652,-31.1536
6238.7113,-0.5900,-8.4922,-0.6668,-31.1826
6244.5692,-0.5911,-8.4962,-0.6683,-31.2109
6250.4271,-0.5920,-8.5022,-0.6700,-31.2376
6256.2851,-0.5928,-8.5081,-0.6714,-31.2666
6262.1430,-0.5939,-8.5131,-0.6731,-31.2952
6268.0010,-0.5949,-8.5191,-0.6746,-31.3229
6273.8589,-0.5959,-8.5237,-0.6762,-31.3509
6279.7169,-0.5967,-8.5297,-0.6777,-31.3806
6285.5748,-0.5977,-8.5344,-0.6793,-31.4079
6291.4328,-0.5988,-8.5402,-0.6808,-31.4365
6297.2907,-0.5998,-8.5452,-0.6824,-31.4645
6303.1486,-0.6009,-8.5503,-0.6839,-31.4930
6309.0066,-0.6018,-8.5551,-0.6855,-31.5213
6314.8645,-0.6028,-8.5608,-0.6870,-31.5498
6320.7225,-0.6037,-8.5664,-0.6886,-31.5783
6326.5804,-0.6047,-8.5706,-0.6903,-31.6068
6332.4384,-0.6057,-8.5765,-0.6917,-31.6341
6338.2963,-0.6067,-8.5823,-0.6934,-31.6631
6344.1543,-0.6077,-8.5865,-0.6949,-31.6915
6350.0122,-0.6087,-8.5927,-0.6964,-31.7188
6355.8701,-0.6097,-8.5972,-0.6980,-31.7487
6361.7281,-0.6107,-8.6029,-0.6994,-31.7767
6367.5860,-0.6117,-8.6090,-0.7012,-31.8051
6373.4440,-0.6126,-8.6127,-0.7027,-31.8321
6379.3019,-0.6137,-8.6178,-0.7043,-31.8620
6385.1599,-0.6147,-8.6229,-0.7059,-31.8901
6391.0178,-0.6157,-8.6291,-0.7074,-31.9182
6396.8758,-0.6165,-8.6344,-0.7090,-31.9463
6402.7337,-0.6176,-8.6385,-0.7106,-31.9740
6408.5917,-0.6186,-8.6443,-0.7121,-32.0030
6414.4496,-0.6196,-8.6494,-0.7137,-32.0309
6420.3075,-0.6209,-8.6548,-0.7154,-32.0585
6426.1655,-0.6215,-8.6604,-0.7170,-32.0874
6432.0234,-0.6225,-8.6655,-0.7184,-32.1161
6437.8814,-0.6235,-8.6710,-0.7203,-32.1448
6443.7393,-0.6246,-8.6761,-0.7216,-32.1720
6449.5973,-0.6256,-8.6809,-0.7232,-32.2009
6455.4552,-0.6266,-8.6861,-0.7249,-32.2292
6461.3132,-0.6275,-8.6916,-0.7264,-32.2578
6467.1711,-0.6285,-8.6957,-0.7280,-32.2861
6473.0290,-0.6295,-8.7017,-0.7295,-32.3133
6478.8870,-0.6306,-8.7058,-0.7312,-32.3427
6484.7449,-0.6315,-8.7120,-0.7329,-32.3710
6490.6029,-0.6327,-8.7158,-0.7343,-32.3996
6496.4608,-0.6335,-8.7219,-0.7361,-32.4281
6502.3188,-0.6345,-8.7268,-0.7376,-32.4554
6508.1767,-0.6355,-8.7320,-0.7391,-32.4840
6514.0347,-0.6365,-8.7371,-0.7408,-32.5124
6519.8926,-0.6375,-8.7427,-0.7423,-32.5402
6525.7505,-0.6385,-8.7486,-0.7439,-32.5685
6531.6085,-0.6396,-8.7526,-0.7454,-32.5969
6537.4664,-0.6407,-8.7574,-0.7471,-32.6257
6543.3244,-0.6415,-8.7625,-0.7488,-32.6539
6549.1823,-0.6424,-8.7682,-0.7502,-32.6821
6555.0403,-0.6435,-8.7728,-0.7519,-32.7104
6560.8982,-0.6446,-8.7779,-0.7536,-32.7390
6566.7562,-0.6456,-8.7829,-0.7552,-32.7671
6572.6141,-0.6467,-8.7881,-0.7569,-32.7960
6578.4721,-0.6475,-8.7928,-0.7584,-32.8236
6584.3300,-0.6485,-8.7983,-0.7600,-32.8510
6590.1879,-0.6496,-8.8027,-0.7616,-32.8800
6596.0459,-0.6506,-8.8084,-0.7632,-32.9086
6601.9038,-0.6515,-8.8132,-0.7649,-32.9369
6607.7618,-0.6527,-8.8187,-0.7665,-32.9641
6613.6197,-0.6536,-8.8235,-0.7681,-32.9933
6619.4777,-0.6545,-8.8290,-0.7696,-33.0222
6625.3356,-0.6555,-8.8329,-0.7714,-33.0491
6631.1936,-0.6567,-8.8388,-0.7729,-33.0783
6637.0515,-0.6575,-8.8436,-0.7745,-33.1063
6642.9094,-0.6586,-8.8478,-0.7762,-33.1347
6648.7674,-0.6595,-8.8530,-0.7777,-33.1624
6654.6253,-0.6607,-8.8583,-0.7794,-33.1914
6660.4833,-0.6617,-8.8628,-0.7811,-33.2202
6666.3412,-0.6626,-8.8682,-0.7826,-33.2477
6672.1992,-0.6637,-8.8728,-0.7844,-33.2764
6678.0571,-0.6646,-8.8775,-0.7859,-33.3037
6683.9151,-0.6657,-8.8825,-0.7875,-33.3325
6689.7730,-0.6667,-8.8876,-0.7892,-33.3614
6695.6309,-0.6677,-8.8933,-0.7908,-33.3896
6701.4889,-0.6687,-8.8980,-0.7925,-33.4174
6707.3468,-0.6697,-8.9028,-0.7940,-33.4459
6713.2048,-0.6708,-8.9077,-0.7957,-33.4743
6719.0627,-0.6717,-8.9115,-0.7972,-33.5027
6724.9207,-0.6728,-8.9175,-0.7989,-33.5316
6730.7786,-0.6736,-8.9219,-0.8005,-33.5593
6736.6366,-0.6749,-8.9267,-0.8023,-33.5882
6742.4945,-0.6758,-8.9319,-0.8039,-33.6158
6748.3525,-0.6768,-8.9367,-0.8055,-33.6449
6754.2104,-0.6778,-8.9412,-0.8072,-33.6728
6760.0683,-0.6788,-8.9468,-0.8087,-33.7005
6765.9263,-0.6798,-8.9514,-0.8105,-33.7292
6771.7842,-0.6809,-8.9564,-0.8118,-33.7577
6777.6422,-0.6819,-8.9606,-0.8138,-33.7853
6783.5001,-0.6828,-8.9657,-0.8154,-33.8141
6789.3581,-0.6839,-8.9711,-0.8170,-33.8418
6795.2160,-0.6847,-8.9754,-0.8187,-33.8716
6801.0740,-0.6859,-8.9813,-0.8203,-33.8993
6806.9319,-0.6870,-8.9858,-0.8219,-33.9275
6812.7898,-0.6879,-8.9901,-0.8236,-33.9554
6818.6478,-0.6889,-8.9954,-0.8251,-33.9839
6824.5057,-0.6899,-9.0004,-0.8270,-34.0128
6830.3637,-0.6911,-9.0049,-0.8286,-34.0407
6836.2216,-0.6920,-9.0091,-0.8302,-34.0686
6842.0796,-0.6930,-9.0149,-0.8318,-34.0964
6847.9375,-0.6940,-9.0189,-0.8334,-34.1264
6853.7955,-0.6951,-9.0234,-0.8351,-34.1536
6859.6534,-0.6961,-9.0287,-0.8368,-34.1817
6865.5113,-0.6971,-9.0334,-0.8385,-34.2099
6871.3693,-0.6982,-9.0387,-0.8401,-34.2395
6877.2272,-0.6991,-9.0422,-0.8418,-34.2671
6883.0852,-0.7002,-9.0484,-0.8434,-34.2960
6888.9431,-0.7011,-9.0526,-0.8452,-34.3239
6894.8011,-0.7022,-9.0574,-0.8468,-34.3514
6900.6590,-0.7032,-9.0633,-0.8484,-34.3805
6906.5170,-0.7041,-9.0669,-0.8502,-34.4086
6912.3749,-0.7052,-9.0711,-0.8518,-34.4371
6918.2329,-0.7064,-9.0777,-0.8535,-34.4655
6924.0908,-0.7073,-9.0817,-0.8552,-34.4942
6929.9487,-0.7085,-9.0861,-0.8568,-34.5224
6935.8067,-0.7093,-9.0918,-0.8584,-34.5510
6941.6646,-0.7104,-9.0946,-0.8602,-34.5780
6947.5226,-0.7114,-9.1001,-0.8618,-34.6067
6953.3805,-0.7123,-9.1050,-0.8634,-34.6359
6959.2385,-0.7134,-9.1087,-0.8651,-34.6637
6965.0964,-0.7144,-9.1148,-0.8668,-34.6922
6970.9544,-0.7155,-9.1190,-0.8685,-34.7201
6976.8123,-0.7165,-9.1240,-0.8702,-34.7489
6982.6702,-0.7175,-9.1286,-0.8719,-34.7776
6988.5282,-0.7185,-9.1344,-0.8736,-34.8049
6994.3861,-0.7197,-9.1380,-0.8752,-34.8334
7000.2441,-0.7206,-9.1429,-0.8769,-34.8627
7006.1020,-0.7215,-9.1470,-0.8786,-34.8911
7011.9600,-0.7226,-9.1517,-0.8802,-34.9187
7017.8179,-0.7238,-9.1568,-0.8819,-34.9468
7023.6759,-0.7247,-9.1617,-0.8836,-34.9754
7029.5338,-0.7257,-9.1650,-0.8853,-35.0031
7035.3918,-0.7268,-9.1701,-0.8870,-35.0317
7041.2497,-0.7277,-9.1751,-0.8887,-35.0597
7047.1076,-0.7288,-9.1794,-0.8903,-35.0894
7052.9656,-0.7297,-9.1841,-0.8921,-35.1161
7058.8235,-0.7308,-9.1888,-0.8937,-35.1451
7064.6815,-0.7318,-9.1938,-0.8955,-35.1737
7070.5394,-0.7330,-9.1973,-0.8971,-35.2017
7076.3974,-0.7339,-9.2030,-0.8989,-35.2308
7082.2553,-0.7348,-9.2073,-0.9006,-35.2584
7088.1133,-0.7360,-9.2125,-0.9021,-35.2870
7093.9712,-0.7370,-9.2164,-0.9038,-35.3146
7099.8291,-0.7380,-9.2215,-0.9056,-35.3431
7105.6871,-0.7391,-9.2254,-0.9073,-35.3718
7111.5450,-0.7400,-9.2298,-0.9089,-35.4007
7117.4030,-0.7412,-9.2349,-0.9106,-35.4289
7123.2609,-0.7421,-9.2393,-0.9125,-35.4576
7129.1189,-0.7433,-9.2441,-0.9142,-35.4859
7134.9768,-0.7442,-9.2492,-0.9159,-35.5141
7140.8348,-0.7452,-9.2530,-0.9176,-35.5416
7146.6927,-0.7463,-9.2574,-0.9193,-35.5707
7152.5506,-0.7473,-9.2626,-0.9210,-35.5992
7158.4086,-0.7484,-9.2668,-0.9227,-35.6272
7164.2665,-0.7494,-9.2712,-0.9244,-35.6551
7170.1245,-0.7504,-9.2746,-0.9261,-35.6842
7175.9824,-0.7515,-9.2801,-0.9277,-35.7125
7181.8404,-0.7525,-9.2859,-0.9295,-35.7411
7187.6983,-0.7534,-9.2890,-0.9313,-35.7684
7193.5563,-0.7544,-9.2935,-0.9330,-35.7975
7199.4142,-0.7556,-9.2990,-0.9346,-35.8259
7205.2722,-0.7566,-9.3028,-0.9364,-35.8538
7211.1301,-0.7578,-9.3069,-0.9381,-35.8821
7216.9880,-0.7588,-9.3115,-0.9398,-35.9114
7222.8460,-0.7597,-9.3168,-0.9415,-35.9395
7228.7039,-0.7607,-9.3206,-0.9433,-35.9679
7234.5619,-0.7619,-9.3253,-0.9450,-35.9958
7240.4198,-0.7627,-9.3303,-0.9467,-36.0253
7246.2778,-0.7638,-9.3340,-0.9484,-36.0528
7252.1357,-0.7648,-9.3387,-0.9500,-36.0807
7257.9937,-0.7657,-9.3434,-0.9519,-36.1089
7263.8516,-0.7670,-9.3472,-0.9537,-36.1372
7269.7095,-0.7680,-9.3521,-0.9553,-36.1661
7275.5675,-0.7690,-9.3565,-0.9570,-36.1947
7281.4254,-0.7701,-9.3604,-0.9587,-36.2225
7287.2834,-0.7710,-9.3655,-0.9605,-36.2508
7293.1413,-0.7722,-9.3704,-0.9622,-36.2795
7298.9993,-0.7732,-9.3736,-0.9639,-36.3078
7304.8572,-0.7741,-9.3777,-0.9658,-36.3363
7310.7152,-0.7753,-9.3826,-0.9676,-36.3646
7316.5731,-0.7762,-9.3872,-0.9693,-36.3930
7322.4310,-0.7774,-9.3925,-0.9709,-36.4213
7328.2890,-0.7784,-9.3971,-0.9726,-36.4503
7334.1469,-0.7794,-9.4004,-0.9744,-36.4789
7340.0049,-0.7804,-9.4053,-0.9761,-36.5069
7345.8628,-0.7815,-9.4090,-0.9780,-36.5350
7351.7208,-0.7825,-9.4150,-0.9797,-36.5630
7357.5787,-0.7837,-9.4184,-0.9814,-36.5912
7363.4367,-0.7845,-9.4227,-0.9831,-36.6201
7369.2946,-0.7857,-9.4269,-0.9849,-36.6492
7375.1526,-0.7866,-9.4318,-0.9866,-36.6775
7381.0105,-0.7877,-9.4362,-0.9883,-36.7056
7386.8684,-0.7888,-9.4398,-0.9902,-36.7338
7392.7264,-0.7898,-9.4446,-0.9919,-36.7622
7398.5843,-0.7909,-9.4493,-0.9936,-36.7910
7404.4423,-0.7917,-9.4527,-0.9954,-36.8193
7410.3002,-0.7929,-9.4576,-0.9973,-36.8480
7416.1582,-0.7938,-9.4620,-0.9989,-36.8762
7422.0161,-0.7949,-9.4659,-1.0007,-36.9044
7427.8741,-0.7960,-9.4704,-1.0024,-36.9328
7433.7320,-0.7971,-9.4750,-1.0041,-36.9620
7439.5899,-0.7981,-9.4793,-1.0060,-36.9898
7445.4479,-0.7992,-9.4838,-1.0078,-37.0175
7451.3058,-0.8002,-9.4880,-1.0095,-37.0457
7457.1638,-0.8013,-9.4922,-1.0113,-37.0750
7463.0217,-0.8023,-9.4965,-1.0129,-37.1034
7468.8797,-0.8034,-9.5004,-1.0147,-37.1318
7474.7376,-0.8044,-9.5049,-1.0165,-37.1596
7480.5956,-0.8054,-9.5094,-1.0182,-37.1887
7486.4535,-0.8065,-9.5138,-1.0200,-37.2165
7492.3114,-0.8076,-9.5177,-1.0217,-37.2455
7498.1694,-0.8084,-9.5229,-1.0235,-37.2740
7504.0273,-0.8096,-9.5262,-1.0252,-37.3020
7509.8853,-0.8106,-9.5312,-1.0270,-37.3306
7515.7432,-0.8116,-9.5345,-1.0288,-37.3590
7521.6012,-0.8127,-9.5390,-1.0306,-37.3873
7527.4591,-0.8138,-9.5429,-1.0324,-37.4158
7533.3171,-0.8149,-9.5476,-1.0341,-37.4447
7539.1750,-0.8159,-9.5513,-1.0359,-37.4730
7545.0330,-0.8168,-9.5559,-1.0377,-37.5012
7550.8909,-0.8180,-9.5606,-1.0396,-37.5303
7556.7488,-0.8191,-9.5641,-1.0413,-37.5580
7562.6068,-0.8200,-9.5686,-1.0430,-37.5868
7568.4647,-0.8211,-9.5723,-1.0450,-37.6150
7574.3227,-0.8222,-9.5769,-1.0466,-37.6440
7580.1806,-0.8232,-9.5808,-1.0485,-37.6726
7586.0386,-0.8243,-9.5850,-1.0502,-37.7000
7591.8965,-0.8253,-9.5895,-1.0519,-37.7289
7597.7545,-0.8263,-9.5938,-1.0538,-37.7573
7603.6124,-0.8274,-9.5984,-1.0555,-37.7856
7609.4703,-0.8285,-9.6022,-1.0572,-37.8151
7615.3283,-0.8295,-9.6071,-1.0592,-37.8425
7621.1862,-0.8306,-9.6102,-1.0610,-37.8708
7627.0442,-0.8316,-9.6157,-1.0626,-37.8992
7632.9021,-0.8327,-9.6185,-1.0645,-37.9285
7638.7601,-0.8338,-9.6232,-1.0662,-37.9568
7644.6180,-0.8348,-9.6274,-1.0681,-37.9854
7650.4760,-0.8358,-9.6308,-1.0700,-38.0139
7656.3339,-0.8370,-9.6357,-1.0716,-38.0424
7662.1918,-0.8379,-9.6400,-1.0734,-38.0711
7668.0498,-0.8389,-9.6436,-1.0753,-38.0993
7673.9077,-0.8400,-9.6481,-1.0771,-38.1276
7679.7657,-0.8411,-9.6517,-1.0789,-38.1556
7685.6236,-0.8421,-9.6568,-1.0807,-38.1850
7691.4816,-0.8432,-9.6603,-1.0825,-38.2131
7697.3395,-0.8443,-9.6646,-1.0843,-38.2411
7703.1975,-0.8453,-9.6692,-1.0861,-38.2702
7709.0554,-0.8463,-9.6725,-1.0880,-38.2984
7714.9134,-0.8472,-9.6766,-1.0896,-38.3273
7720.7713,-0.8484,-9.6799,-1.0915,-38.3545
7726.6292,-0.8495,-9.6850,-1.0933,-38.3846
7732.4872,-0.8505,-9.6886,-1.0951,-38.4123
7738.3451,-0.8516,-9.6926,-1.0969,-38.4414
7744.2031,-0.8527,-9.6964,-1.0988,-38.4697
7750.0610,-0.8537,-9.7007,-1.1005,-38.4980
7755.9190,-0.8548,-9.7050,-1.1024,-38.5261
7761.7769,-0.8558,-9.7090,-1.1042,-38.5552
7767.6349,-0.8569,-9.7130,-1.1061,-38.5838
7773.4928,-0.8580,-9.7179,-1.1079,-38.6117
7779.3507,-0.8590,-9.7208,-1.1096,-38.6404
7785.2087,-0.8600,-9.7250,-1.1115,-38.6681
7791.0666,-0.8612,-9.7290,-1.1134,-38.6975
7796.9246,-0.8622,-9.7338,-1.1151,-38.7273
7802.7825,-0.8632,-9.7384,-1.1168,-38.7554
7808.6405,-0.8643,-9.7409,-1.1187,-38.7832
7814.4984,-0.8655,-9.7453,-1.1207,-38.8123
7820.3564,-0.8665,-9.7496,-1.1224,-38.8409
7826.2143,-0.8676,-9.7543,-1.1243,-38.8687
7832.0722,-0.8686,-9.7576,-1.1260,-38.8973
7837.9302,-0.8695,-9.7619,-1.1279,-38.9265
7843.7881,-0.8707,-9.7657,-1.1297,-38.9548
7849.6461,-0.8717,-9.7693,-1.1315,-38.9828
7855.5040,-0.8728,-9.7729,-1.1334,-39.0115
7861.3620,-0.8738,-9.7772,-1.1352,-39.0401
7867.2199,-0.8748,-9.7816,-1.1370,-39.0689
7873.0779,-0.8759,-9.7856,-1.1388,-39.0969
7878.9358,-0.8770,-9.7899,-1.1407,-39.1264
7884.7938,-0.8780,-9.7931,-1.1426,-39.1541
7890.6517,-0.8791,-9.7974,-1.1444,-39.1836
7896.5096,-0.8803,-9.8022,-1.1462,-39.2114
7902.3676,-0.8813,-9.8054,-1.1482,-39.2403
7908.2255,-0.8823,-9.8088,-1.1501,-39.2692
7914.0835,-0.8834,-9.8135,-1.1518,-39.2975
7919.9414,-0.8843,-9.8165,-1.1537,-39.3262
7925.7994,-0.8855,-9.8208,-1.1554,-39.3542
7931.6573,-0.8864,-9.8258,-1.1573,-39.3829
7937.5153,-0.8875,-9.8289,-1.1592,-39.4111
7943.3732,-0.8886,-9.8331,-1.1610,-39.4403
7949.2311,-0.8897,-9.8356,-1.1628,-39.4689
7955.0891,-0.8908,-9.8403,-1.1647,-39.4968
7960.9470,-0.8917,-9.8445,-1.1667,-39.5255
7966.8050,-0.8929,-9.8483,-1.1685,-39.5541
7972.6629,-0.8940,-9.8522,-1.1702,-39.5832
7978.5209,-0.8950,-9.8558,-1.1721,-39.6121
7984.3788,-0.8962,-9.8600,-1.1738,-39.6404
7990.2368,-0.8973,-9.8634,-1.1758,-39.6694
7996.0947,-0.8982,-9.8682,-1.1777,-39.6981
8001.9526,-0.8993,-9.8717,-1.1796,-39.7266
8007.8106,-0.9003,-9.8755,-1.1815,-39.7546
8013.6685,-0.9013,-9.8791,-1.1832,-39.7831
8019.5265,-0.9025,-9.8829,-1.1851,-39.8117
8025.3844,-0.9036,-9.8868,-1.1870,-39.8409
8031.2424,-0.9047,-9.8919,-1.1888,-39.8695
8037.1003,-0.9057,-9.8952,-1.1908,-39.8984
8042.9583,-0.9068,-9.8987,-1.1927,-39.9257
8048.8162,-0.9077,-9.9022,-1.1945,-39.9553
8054.6742,-0.9089,-9.9067,-1.1963,-39.9832
8060.5321,-0.9100,-9.9104,-1.1983,-40.0121
8066.3900,-0.9109,-9.9143,-1.2002,-40.0414
8072.2480,-0.9120,-9.9177,-1.2019,-40.0694
8078.1059,-0.9131,-9.9227,-1.2037,-40.0988
8083.9639,-0.9143,-9.9251,-1.2058,-40.1276
8089.8218,-0.9152,-9.9289,-1.2076,-40.1564
8095.6798,-0.9163,-9.9336,-1.2094,-40.1848
8101.5377,-0.9174,-9.9371,-1.2111,-40.2131
8107.3957,-0.9186,-9.9405,-1.2132,-40.2414
8113.2536,-0.9196,-9.9441,-1.2151,-40.2703
8119.1115,-0.9206,-9.9481,-1.2169,-40.2997
8124.9695,-0.9216,-9.9532,-1.2188,-40.3274
8130.8274,-0.9228,-9.9565,-1.2207,-40.3565
8136.6854,-0.9238,-9.9596,-1.2227,-40.3853
8142.5433,-0.9249,-9.9637,-1.2243,-40.4134
8148.4013,-0.9261,-9.9672,-1.2265,-40.4421
8154.2592,-0.9270,-9.9714,-1.2282,-40.4710
8160.1172,-0.9282,-9.9748,-1.2303,-40.5000
8165.9751,-0.9291,-9.9784,-1.2321,-40.5289
8171.8330,-0.9303,-9.9823,-1.2339,-40.5576
8177.6910,-0.9313,-9.9862,-1.2358,-40.5857
8183.5489,-0.9322,-9.9886,-1.2377,-40.6144
8189.4069,-0.9334,-9.9927,-1.2397,-40.6435
8195.2648,-0.9345,-9.9970,-1.2414,-40.6714
8201.1228,-0.9357,-10.0010,-1.2434,-40.7005
8206.9807,-0.9366,-10.0045,-1.2451,-40.7295
8212.8387,-0.9377,-10.0082,-1.2471,-40.7580
8218.6966,-0.9389,-10.0123,-1.2489,-40.7870
8224.5546,-0.9399,-10.0160,-1.2510,-40.8152
8230.4125,-0.9409,-10.0199,-1.2529,-40.8438
8236.2704,-0.9420,-10.0232,-1.2547,-40.8720
8242.1284,-0.9431,-10.0266,-1.2566,-40.9010
8247.9863,-0.9442,-10.0308,-1.2586,-40.9309
8253.8443,-0.9452,-10.0351,-1.2604,-40.9588
8259.7022,-0.9463,-10.0375,-1.2624,-40.9881
8265.5602,-0.9474,-10.0419,-1.2642,-41.0163
8271.4181,-0.9485,-10.0465,-1.2662,-41.0457
8277.2761,-0.9495,-10.0491,-1.2680,-41.0741
8283.1340,-0.9505,-10.0535,-1.2699,-41.1033
8288.9919,-0.9516,-10.0567,-1.2719,-41.1321
8294.8499,-0.9528,-10.0599,-1.2739,-41.1612
8300.7078,-0.9538,-10.0635,-1.2757,-41.1887
8306.5658,-0.9549,-10.0675,-1.2777,-41.2179
8312.4237,-0.9560,-10.0704,-1.2796,-41.2468
8318.2817,-0.9571,-10.0748,-1.2815,-41.2754
8324.1396,-0.9581,-10.0783,-1.2834,-41.3038
8329.9976,-0.9592,-10.0815,-1.2854,-41.3329
8335.8555,-0.9604,-10.0855,-1.2873,-41.3608
8341.7134,-0.9613,-10.0892,-1.2891,-41.3905
8347.5714,-0.9624,-10.0923,-1.2911,-41.4194
8353.4293,-0.9635,-10.0971,-1.2931,-41.4486
8359.2873,-0.9647,-10.0999,-1.2950,-41.4769
8365.1452,-0.9656,-10.1032,-1.2969,-41.5051
8371.0032,-0.9668,-10.1073,-1.2988,-41.5334
8376.8611,-0.9678,-10.1107,-1.3008,-41.5632
8382.7191,-0.9689,-10.1145,-1.3027,-41.5914
8388.5770,-0.9701,-10.1177,-1.3045,-41.6207
8394.4350,-0.9710,-10.1216,-1.3066,-41.6495
8400.2929,-0.9721,-10.1255,-1.3085,-41.6784
8406.1508,-0.9732,-10.1293,-1.3104,-41.7067
8412.0088,-0.9742,-10.1325,-1.3124,-41.7361
8417.8667,-0.9753,-10.1360,-1.3144,-41.7646
8423.7247,-0.9764,-10.1396,-1.3162,-41.7933
8429.5826,-0.9776,-10.1425,-1.3181,-41.8229
8435.4406,-0.9787,-10.1474,-1.3201,-41.8514
8441.2985,-0.9796,-10.1499,-1.3219,-41.8802
8447.1565,-0.9808,-10.1540,-1.3239,-41.9090
8453.0144,-0.9817,-10.1577,-1.3259,-41.9379
8458.8723,-0.9828,-10.1611,-1.3280,-41.9666
8464.7303,-0.9840,-10.1651,-1.3298,-41.9947
8470.5882,-0.9850,-10.1678,-1.3318,-42.0248
8476.4462,-0.9862,-10.1724,-1.3337,-42.0529
8482.3041,-0.9873,-10.1754,-1.3356,-42.0824
8488.1621,-0.9884,-10.1793,-1.3376,-42.1106
8494.0200,-0.9894,-10.1825,-1.3395,-42.1400
8499.8780,-0.9905,-10.1857,-1.3414,-42.1684
8505.7359,-0.9917,-10.1901,-1.3434,-42.1974
8511.5938,-0.9926,-10.1927,-1.3454,-42.2260
8517.4518,-0.9937,-10.1961,-1.3474,-42.2547
8523.3097,-0.9948,-10.2006,-1.3494,-42.2842
8529.1677,-0.9959,-10.2035,-1.3512,-42.3129
8535.0256,-0.9970,-10.2072,-1.3532,-42.3414
8540.8836,-0.9980,-10.2095,-1.3551,-42.3701
8546.7415,-0.9992,-10.2140,-1.3571,-42.3999
8552.5995,-1.0002,-10.2180,-1.3589,-42.4287
8558.4574,-1.0012,-10.2209,-1.3610,-42.4573
8564.3154,-1.0025,-10.2247,-1.3630,-42.4865
8570.1733,-1.0035,-10.2285,-1.3650,-42.5150
8576.0312,-1.0046,-10.2312,-1.3670,-42.5446
8581.8892,-1.0057,-10.2346,-1.3689,-42.5734
8587.7471,-1.0067,-10.2376,-1.3709,-42.6017
8593.6051,-1.0079,-10.2413,-1.3729,-42.6302
8599.4630,-1.0089,-10.2446,-1.3749,-42.6600
8605.3210,-1.0101,-10.2485,-1.3769,-42.6885
8611.1789,-1.0110,-10.2521,-1.3788,-42.7172
8617.0369,-1.0123,-10.2554,-1.3808,-42.7462
8622.8948,-1.0134,-10.2592,-1.3828,-42.7760
8628.7527,-1.0144,-10.2620,-1.3848,-42.8045
8634.6107,-1.0155,-10.2652,-1.3867,-42.8336
8640.4686,-1.0166,-10.2694,-1.3888,-42.8620
8646.3266,-1.0175,-10.2727,-1.3907,-42.8916
8652.1845,-1.0186,-10.2758,-1.3926,-42.9203
8658.0425,-1.0198,-10.2796,-1.3947,-42.9496
8663.9004,-1.0209,-10.2831,-1.3965,-42.9781
8669.7584,-1.0219,-10.2872,-1.3985,-43.0071
8675.6163,-1.0231,-10.2892,-1.4006,-43.0359
8681.4742,-1.0242,-10.2931,-1.4026,-43.0642
8687.3322,-1.0252,-10.2964,-1.4045,-43.0933
8693.1901,-1.0263,-10.2997,-1.4064,-43.1229
8699.0481,-1.0275,-10.3027,-1.4084,-43.1515
8704.9060,-1.0285,-10.3063,-1.4106,-43.1805
8710.7640,-1.0296,-10.3098,-1.4124,-43.2102
8716.6219,-1.0307,-10.3135,-1.4145,-43.2378
8722.4799,-1.0318,-10.3171,-1.4165,-43.2673
8728.3378,-1.0328,-10.3205,-1.4185,-43.2972
8734.1958,-1.0339,-10.3238,-1.4206,-43.3252
8740.0537,-1.0351,-10.3260,-1.4226,-43.3554
8745.9116,-1.0361,-10.3299,-1.4245,-43.3834
8751.7696,-1.0372,-10.3327,-1.4265,-43.4122
8757.6275,-1.0383,-10.3371,-1.4286,-43.4413
8763.4855,-1.0395,-10.3401,-1.4305,-43.4713
8769.3434,-1.0404,-10.3433,-1.4325,-43.5000
8775.2014,-1.0415,-10.3466,-1.4345,-43.5283
8781.0593,-1.0426,-10.3503,-1.4365,-43.5583
8786.9173,-1.0437,-10.3532,-1.4386,-43.5871
8792.7752,-1.0450,-10.3572,-1.4404,-43.6169
8798.6331,-1.0460,-10.3602,-1.4425,-43.6452
8804.4911,-1.0470,-10.3631,-1.4445,-43.6744
8810.3490,-1.0481,-10.3660,-1.4466,-43.7034
8816.2070,-1.0494,-10.3700,-1.4486,-43.7326
8822.0649,-1.0503,-10.3730,-1.4506,-43.7614
8827.9229,-1.0514,-10.3770,-1.4527,-43.7900
8833.7808,-1.0525,-10.3791,-1.4547,-43.8195
8839.6388,-1.0536,-10.3834,-1.4566,-43.8481
8845.4967,-1.0546,-10.3864,-1.4587,-43.8783
8851.3546,-1.0557,-10.3897,-1.4606,-43.9063
8857.2126,-1.0569,-10.3931,-1.4628,-43.9362
8863.0705,-1.0580,-10.3969,-1.4647,-43.9648
8868.9285,-1.0592,-10.3995,-1.4667,-43.9948
8874.7864,-1.0601,-10.4023,-1.4688,-44.0232
8880.6444,-1.0613,-10.4058,-1.4708,-44.0522
8886.5023,-1.0624,-10.4086,-1.4727,-44.0814
8892.3603,-1.0633,-10.4129,-1.4748,-44.1105
8898.2182,-1.0646,-10.4155,-1.4770,-44.1397
8904.0762,-1.0657,-10.4185,-1.4790,-44.1690
8909.9341,-1.0668,-10.4219,-1.4809,-44.1972
8915.7920,-1.0679,-10.4245,-1.4830,-44.2264
8921.6500,-1.0688,-10.4288,-1.4851,-44.2570
8927.5079,-1.0701,-10.4327,-1.4870,-44.2849
8933.3659,-1.0712,-10.4354,-1.4891,-44.3137
8939.2238,-1.0721,-10.4390,-1.4910,-44.3433
8945.0818,-1.0732,-10.4412,-1.4931,-44.3721
8950.9397,-1.0744,-10.4447,-1.4951,-44.4017
8956.7977,-1.0754,-10.4479,-1.4973,-44.4307
8962.6556,-1.0767,-10.4515,-1.4992,-44.4595
8968.5135,-1.0777,-10.4545,-1.5012,-44.4894
8974.3715,-1.0787,-10.4567,-1.5033,-44.5182
8980.2294,-1.0800,-10.4606,-1.5053,-44.5472
8986.0874,-1.0810,-10.4648,-1.5074,-44.5775
8991.9453,-1.0821,-10.4668,-1.5096,-44.6066
8997.8033,-1.0832,-10.4706,-1.5117,-44.6343
9003.6612,-1.0843,-10.4736,-1.5137,-44.6647
9009.5192,-1.0853,-10.4767,-1.5156,-44.6940
9015.3771,-1.0864,-10.4799,-1.5177,-44.7220
9021.2351,-1.0876,-10.4827,-1.5198,-44.7519
9027.0930,-1.0886,-10.4863,-1.5219,-44.7812
9032.9509,-1.0898,-10.4899,-1.5239,-44.8102
9038.8089,-1.0908,-10.4924,-1.5259,-44.8393
9044.6668,-1.0920,-10.4959,-1.5281,-44.8681
9050.5248,-1.0932,-10.4989,-1.5301,-44.8986
9056.3827,-1.0942,-10.5027,-1.5321,-44.9268
9062.2407,-1.0952,-10.5053,-1.5342,-44.9554
9068.0986,-1.0964,-10.5084,-1.5363,-44.9856
9073.9566,-1.0975,-10.5109,-1.5384,-45.0151
9079.8145,-1.0986,-10.5141,-1.5405,-45.0443
9085.6724,-1.0998,-10.5173,-1.5425,-45.0736
9091.5304,-1.1009,-10.5214,-1.5445,-45.1025
9097.3883,-1.1019,-10.5237,-1.5467,-45.1313
9103.2463,-1.1031,-10.5269,-1.5488,-45.1601
9109.1042,-1.1041,-10.5299,-1.5508,-45.1907
9114.9622,-1.1053,-10.5328,-1.5527,-45.2196
9120.8201,-1.1063,-10.5354,-1.5549,-45.2485
9126.6781,-1.1074,-10.5386,-1.5571,-45.2781
9132.5360,-1.1085,-10.5419,-1.5591,-45.3070
9138.3939,-1.1097,-10.5456,-1.5611,-45.3362
9144.2519,-1.1108,-10.5485,-1.5632,-45.3654
9150.1098,-1.1119,-10.5517,-1.5652,-45.3948
9155.9678,-1.1129,-10.5544,-1.5674,-45.4245
9161.8257,-1.1140,-10.5583,-1.5695,-45.4544
9167.6837,-1.1153,-10.5606,-1.5716,-45.4822
9173.5416,-1.1163,-10.5635,-1.5737,-45.5132
9179.3996,-1.1174,-10.5664,-1.5757,-45.5420
9185.2575,-1.1186,-10.5706,-1.5781,-45.5716
9191.1155,-1.1195,-10.5736,-1.5799,-45.6011
9196.9734,-1.1207,-10.5763,-1.5819,-45.6298
9202.8313,-1.1218,-10.5791,-1.5841,-45.6591
9208.6893,-1.1230,-10.5815,-1.5862,-45.6890
9214.5472,-1.1240,-10.5858,-1.5884,-45.7182
9220.4052,-1.1251,-10.5880,-1.5904,-45.7476
9226.2631,-1.1263,-10.5911,-1.5925,-45.7766
9232.1211,-1.1273,-10.5946,-1.5947,-45.8062
9237.9790,-1.1284,-10.5981,-1.5967,-45.8351
9243.8370,-1.1295,-10.6013,-1.5988,-45.8649
9249.6949,-1.1308,-10.6039,-1.6009,-45.8931
9255.5528,-1.1318,-10.6064,-1.6030,-45.9229
9261.4108,-1.1329,-10.6095,-1.6051,-45.9526
9267.2687,-1.1340,-10.6135,-1.6072,-45.9824
9273.1267,-1.1351,-10.6150,-1.6093,-46.0115
9278.9846,-1.1363,-10.6192,-1.6113,-46.0403
9284.8426,-1.1371,-10.6212,-1.6135,-46.0699
9290.7005,-1.1384,-10.6243,-1.6157,-46.0994
9296.5585,-1.1395,-10.6270,-1.6177,-46.1297
9302.4164,-1.1407,-10.6309,-1.6199,-46.1588
9308.2743,-1.1417,-10.6340,-1.6219,-46.1879
9314.1323,-1.1428,-10.6362,-1.6240,-46.2173
9319.9902,-1.1441,-10.6400,-1.6262,-46.2463
9325.8482,-1.1451,-10.6429,-1.6284,-46.2766
9331.7061,-1.1463,-10.6451,-1.6304,-46.3050
9337.5641,-1.1475,-10.6479,-1.6327,-46.3349
9343.4220,-1.1484,-10.6511,-1.6349,-46.3647
9349.2800,-1.1496,-10.6549,-1.6369,-46.3944
9355.1379,-1.1508,-10.6574,-1.6390,-46.4239
9360.9959,-1.1518,-10.6605,-1.6411,-46.4520
9366.8538,-1.1530,-10.6630,-1.6433,-46.4822
9372.7117,-1.1540,-10.6658,-1.6453,-46.5119
9378.5697,-1.1552,-10.6684,-1.6475,-46.5412
9384.4276,-1.1563,-10.6714,-1.6496,-46.5711
9390.2856,-1.1574,-10.6749,-1.6517,-46.6009
9396.1435,-1.1585,-10.6773,-1.6538,-46.6293
9402.0015,-1.1595,-10.6811,-1.6560,-46.6590
9407.8594,-1.1607,-10.6837,-1.6582,-46.6885
9413.7174,-1.1618,-10.6866,-1.6603,-46.7190
9419.5753,-1.1629,-10.6890,-1.6625,-46.7481
9425.4332,-1.1641,-10.6917,-1.6645,-46.7775
9431.2912,-1.1651,-10.6955,-1.6668,-46.8062
9437.1491,-1.1663,-10.6979,-1.6689,-46.8375
9443.0071,-1.1674,-10.6998,-1.6710,-46.8664
9448.8650,-1.1686,-10.7039,-1.6731,-46.8966
9454.7230,-1.1697,-10.7069,-1.6753,-46.9251
9460.5809,-1.1708,-10.7093,-1.6773,-46.9546
9466.4389,-1.1718,-10.7121,-1.6796,-46.9847
9472.2968,-1.1730,-10.7150,-1.6817,-47.0138
9478.1547,-1.1741,-10.7183,-1.6840,-47.0432
9484.0127,-1.1752,-10.7208,-1.6859,-47.0721
9489.8706,-1.1763,-10.7236,-1.6882,-47.1025
9495.7286,-1.1774,-10.7273,-1.6905,-47.1320
9501.5865,-1.1785,-10.7295,-1.6926,-47.1616
9507.4445,-1.1798,-10.7321,-1.6947,-47.1921
9513.3024,-1.1809,-10.7355,-1.6968,-47.2211
9519.1604,-1.1819,-10.7381,-1.6989,-47.2506
9525.0183,-1.1830,-10.7405,-1.7012,-47.2794
9530.8763,-1.1842,-10.7430,-1.7034,-47.3094
9536.7342,-1.1853,-10.7466,-1.7054,-47.3392
9542.5921,-1.1864,-10.7490,-1.7075,-47.3688
9548.4501,-1.1874,-10.7523,-1.7097,-47.3986
9554.3080,-1.1887,-10.7543,-1.7119,-47.4278
9560.1660,-1.1897,-10.7579,-1.7141,-47.4570
9566.0239,-1.1909,-10.7607,-1.7164,-47.4876
9571.8819,-1.1921,-10.7636,-1.7184,-47.5174
9577.7398,-1.1930,-10.7665,-1.7207,-47.5473
9583.5978,-1.1942,-10.7690,-1.7228,-47.5756
9589.4557,-1.1953,-10.7713,-1.7249,-47.6058
9595.3136,-1.1966,-10.7739,-1.7272,-47.6356
9601.1716,-1.1977,-10.7761,-1.7295,-47.6652
9607.0295,-1.1987,-10.7793,-1.7315,-47.6938
9612.8875,-1.1999,-10.7828,-1.7338,-47.7241
9618.7454,-1.2009,-10.7864,-1.7359,-47.7538
9624.6034,-1.2022,-10.7883,-1.7381,-47.7829
9630.4613,-1.2032,-10.7910,-1.7403,-47.8133
9636.3193,-1.2043,-10.7943,-1.7425,-47.8428
9642.1772,-1.2055,-10.7971,-1.7447,-47.8726
9648.0351,-1.2065,-10.7996,-1.7469,-47.9025
9653.8931,-1.2078,-10.8024,-1.7490,-47.9326
9659.7510,-1.2089,-10.8048,-1.7513,-47.9619
9665.6090,-1.2099,-10.8081,-1.7536,-47.9915
9671.4669,-1.2110,-10.8105,-1.7555,-48.0209
9677.3249,-1.2123,-10.8136,-1.7578,-48.0518
9683.1828,-1.2134,-10.8163,-1.7600,-48.0808
9689.0408,-1.2145,-10.8188,-1.7622,-48.1106
9694.8987,-1.2155,-10.8221,-1.7645,-48.1406
9700.7567,-1.2167,-10.8236,-1.7666,-48.1704
9706.6146,-1.2178,-10.8266,-1.7688,-48.1992
9712.4725,-1.2190,-10.8302,-1.7711,-48.2302
9718.3305,-1.2201,-10.8319,-1.7733,-48.2596
9724.1884,-1.2212,-10.8349,-1.7756,-48.2887
9730.0464,-1.2224,-10.8377,-1.7777,-48.3186
9735.9043,-1.2234,-10.8396,-1.7799,-48.3494
9741.7623,-1.2246,-10.8428,-1.7822,-48.3777
9747.6202,-1.2259,-10.8454,-1.7843,-48.4091
9753.4782,-1.2269,-10.8484,-1.7866,-48.4381
9759.3361,-1.2280,-10.8513,-1.7888,-48.4681
9765.1940,-1.2291,-10.8539,-1.7908,-48.4976
9771.0520,-1.2303,-10.8561,-1.7932,-48.5276
9776.9099,-1.2314,-10.8594,-1.7954,-48.5569
9782.7679,-1.2325,-10.8627,-1.7976,-48.5873
9788.6258,-1.2337,-10.8637,-1.7999,-48.6165
9794.4838,-1.2348,-10.8669,-1.8021,-48.6460
9800.3417,-1.2360,-10.8705,-1.8044,-48.6767
9806.1997,-1.2370,-10.8718,-1.8065,-48.7059
9812.0576,-1.2381,-10.8749,-1.8087,-48.7362
9817.9155,-1.2394,-10.8773,-1.8109,-48.7659
9823.7735,-1.2404,-10.8806,-1.8131,-48.7955
9829.6314,-1.2416,-10.8823,-1.8155,-48.8262
9835.4894,-1.2427,-10.8851,-1.8177,-48.8558
9841.3473,-1.2438,-10.8882,-1.8198,-48.8853
9847.2053,-1.2449,-10.8908,-1.8222,-48.9150
9853.0632,-1.2460,-10.8930,-1.8245,-48.9454
9858.9212,-1.2473,-10.8963,-1.8265,-48.9749
9864.7791,-1.2484,-10.8986,-1.8289,-49.0058
9870.6371,-1.2495,-10.9014,-1.8312,-49.0354
9876.4950,-1.2507,-10.9046,-1.8333,-49.0652
9882.3529,-1.2517,-10.9068,-1.8355,-49.0952
9888.2109,-1.2529,-10.9091,-1.8378,-49.1247
9894.0688,-1.2540,-10.9108,-1.8400,-49.1545
9899.9268,-1.2553,-10.9144,-1.8424,-49.1842
9905.7847,-1.2564,-10.9167,-1.8445,-49.2142
9911.6427,-1.2574,-10.9198,-1.8469,-49.2442
9917.5006,-1.2586,-10.9218,-1.8491,-49.2748
9923.3586,-1.2598,-10.9242,-1.8513,-49.3034
9929.2165,-1.2608,-10.9275,-1.8535,-49.3347
9935.0744,-1.2619,-10.9290,-1.8558,-49.3645
9940.9324,-1.2631,-10.9319,-1.8581,-49.3952
9946.7903,-1.2642,-10.9353,-1.8603,-49.4241
9952.6483,-1.2654,-10.9371,-1.8626,-49.4550
9958.5062,-1.2664,-10.9398,-1.8649,-49.4848
9964.3642,-1.2677,-10.9427,-1.8670,-49.5143
9970.2221,-1.2689,-10.9443,-1.8695,-49.5450
9976.0801,-1.2700,-10.9470,-1.8715,-49.5747
9981.9380,-1.2710,-10.9502,-1.8738,-49.6041
9987.7959,-1.2723,-10.9520,-1.8762,-49.6341
9993.6539,-1.2734,-10.9555,-1.8785,-49.6650
9999.5118,-1.2745,-10.9578,-1.8807,-49.6944
10005.3698,-1.2756,-10.9603,-1.8830,-49.7243
10011.2277,-1.2769,-10.9624,-1.8852,-49.7546
10017.0857,-1.2779,-10.9650,-1.8875,-49.7844
10022.9436,-1.2790,-10.9682,-1.8899,-49.8152
10028.8016,-1.2802,-10.9703,-1.8920,-49.8452
10034.6595,-1.2815,-10.9728,-1.8944,-49.8751
10040.5175,-1.2824,-10.9754,-1.8966,-49.9048
10046.3754,-1.2837,-10.9778,-1.8989,-49.9353
10052.2333,-1.2846,-10.9796,-1.9012,-49.9647
10058.0913,-1.2860,-10.9831,-1.9036,-49.9953
10063.9492,-1.2871,-10.9854,-1.9059,-50.0248
10069.8072,-1.2881,-10.9876,-1.9080,-50.0556
10075.6651,-1.2893,-10.9904,-1.9103,-50.0847
10081.5231,-1.2905,-10.9922,-1.9126,-50.1157
10087.3810,-1.2917,-10.9956,-1.9149,-50.1453
10093.2390,-1.2927,-10.9978,-1.9173,-50.1757
10099.0969,-1.2939,-11.0001,-1.9196,-50.2057
10104.9548,-1.2950,-11.0033,-1.9219,-50.2357
10110.8128,-1.2961,-11.0057,-1.9242,-50.2666
10116.6707,-1.2975,-11.0069,-1.9264,-50.2969
10122.5287,-1.2984,-11.0109,-1.9287,-50.3263
10128.3866,-1.2996,-11.0125,-1.9312,-50.3564
10134.2446,-1.3008,-11.0153,-1.9333,-50.3876
10140.1025,-1.3020,-11.0173,-1.9357,-50.4170
10145.9605,-1.3032,-11.0205,-1.9378,-50.4466
10151.8184,-1.3042,-11.0215,-1.9403,-50.4772
10157.6763,-1.3053,-11.0243,-1.9425,-50.5065
10163.5343,-1.3066,-11.0272,-1.9449,-50.5382
10169.3922,-1.3076,-11.0285,-1.9472,-50.5673
10175.2502,-1.3089,-11.0319,-1.9495,-50.5984
10181.1081,-1.3100,-11.0340,-1.9518,-50.6285
10186.9661,-1.3111,-11.0363,-1.9543,-50.6587
10192.8240,-1.3121,-11.0393,-1.9564,-50.6890
10198.6820,-1.3134,-11.0416,-1.9588,-50.7196
10204.5399,-1.3144,-11.0444,-1.9610,-50.7499
10210.3979,-1.3156,-11.0464,-1.9634,-50.7809
10216.2558,-1.3169,-11.0497,-1.9657,-50.8098
10222.1137,-1.3180,-11.0516,-1.9681,-50.8403
10227.9717,-1.3191,-11.0534,-1.9702,-50.8702
10233.8296,-1.3202,-11.0553,-1.9726,-50.9007
10239.6876,-1.3215,-11.0578,-1.9751,-50.9312
10245.5455,-1.3226,-11.0597,-1.9774,-50.9606
10251.4035,-1.3237,-11.0624,-1.9797,-50.9923
10257.2614,-1.3249,-11.0649,-1.9820,-51.0223
10263.1194,-1.3260,-11.0668,-1.9844,-51.0515
10268.9773,-1.3272,-11.0696,-1.9867,-51.0824
10274.8352,-1.3284,-11.0722,-1.9891,-51.1121
10280.6932,-1.3294,-11.0741,-1.9913,-51.1428
10286.5511,-1.3307,-11.0777,-1.9937,-51.1738
10292.4091,-1.3318,-11.0787,-1.9960,-51.2045
10298.2670,-1.3329,-11.0826,-1.9985,-51.2332
10304.1250,-1.3339,-11.0827,-2.0008,-51.2645
10309.9829,-1.3352,-11.0865,-2.0029,-51.2949
10315.8409,-1.3364,-11.0892,-2.0056,-51.3254
10321.6988,-1.3375,-11.0907,-2.0077,-51.3548
10327.5567,-1.3386,-11.0922,-2.0101,-51.3858
10333.4147,-1.3399,-11.0952,-2.0125,-51.4163
10339.2726,-1.3410,-11.0972,-2.0147,-51.4465
10345.1306,-1.3422,-11.0997,-2.0172,-51.4762
10350.9885,-1.3434,-11.1021,-2.0196,-51.5081
10356.8465,-1.3444,-11.1050,-2.0219,-51.5374
10362.7044,-1.3457,-11.1069,-2.0243,-51.5681
10368.5624,-1.3468,-11.1083,-2.0266,-51.5989
10374.4203,-1.3479,-11.1116,-2.0290,-51.6281
10380.2783,-1.3491,-11.1139,-2.0313,-51.6588
10386.1362,-1.3502,-11.1160,-2.0337,-51.6896
10391.9941,-1.3515,-11.1187,-2.0360,-51.7203
10397.8521,-1.3526,-11.1206,-2.0384,-51.7500
10403.7100,-1.3537,-11.1228,-2.0408,-51.7811
10409.5680,-1.3549,-11.1253,-2.0431,-51.8116
10415.4259,-1.3560,-11.1269,-2.0455,-51.8417
10421.2839,-1.3572,-11.1290,-2.0479,-51.8724
10427.1418,-1.3583,-11.1319,-2.0503,-51.9025
10432.9998,-1.3595,-11.1340,-2.0528,-51.9338
10438.8577,-1.3607,-11.1364,-2.0551,-51.9633
10444.7156,-1.3617,-11.1379,-2.0574,-51.9948
10450.5736,-1.3629,-11.1404,-2.0596,-52.0241
10456.4315,-1.3641,-11.1427,-2.0622,-52.0555
10462.2895,-1.3652,-11.1449,-2.0647,-52.0864
10468.1474,-1.3664,-11.1469,-2.0669,-52.1162
10474.0054,-1.3676,-11.1497,-2.0695,-52.1474
10479.8633,-1.3687,-11.1521,-2.0717,-52.1782
10485.7213,-1.3698,-11.1536,-2.0741,-52.2079
10491.5792,-1.3710,-11.1567,-2.0766,-52.2386
10497.4371,-1.3722,-11.1591,-2.0790,-52.2689
10503.2951,-1.3733,-11.1613,-2.0813,-52.2992
10509.1530,-1.3745,-11.1622,-2.0838,-52.3301
10515.0110,-1.3756,-11.1647,-2.0863,-52.3607
10520.8689,-1.3770,-11.1678,-2.0885,-52.3917
10526.7269,-1.3781,-11.1684,-2.0910,-52.4212
10532.5848,-1.3791,-11.1721,-2.0933,-52.4528
10538.4428,-1.3804,-11.1740,-2.0957,-52.4833
10544.3007,-1.3815,-11.1756,-2.0980,-52.5129
10550.1587,-1.3828,-11.1784,-2.1003,-52.5443
10556.0166,-1.3839,-11.1801,-2.1030,-52.5746
10561.8745,-1.3851,-11.1824,-2.1054,-52.6060
10567.7325,-1.3861,-11.1838,-2.1078,-52.6364
10573.5904,-1.3874,-11.1868,-2.1102,-52.6676
10579.4484,-1.3885,-11.1887,-2.1126,-52.6972
10585.3063,-1.3898,-11.1905,-2.1150,-52.7278
10591.1643,-1.3909,-11.1929,-2.1174,-52.7586
10597.0222,-1.3920,-11.1942,-2.1199,-52.7898
10602.8802,-1.3932,-11.1972,-2.1223,-52.8194
10608.7381,-1.3944,-11.2000,-2.1247,-52.8508
10614.5960,-1.3955,-11.2020,-2.1271,-52.8814
10620.4540,-1.3966,-11.2042,-2.1295,-52.9126
10626.3119,-1.3978,-11.2065,-2.1320,-52.9425
10632.1699,-1.3990,-11.2078,-2.1344,-52.9730
10638.0278,-1.4001,-11.2103,-2.1368,-53.0052
10643.8858,-1.4014,-11.2124,-2.1392,-53.0340
10649.7437,-1.4024,-11.2139,-2.1419,-53.0645
10655.6017,-1.4037,-11.2168,-2.1440,-53.0967
10661.4596,-1.4048,-11.2184,-2.1464,-53.1272
10667.3175,-1.4060,-11.2205,-2.1489,-53.1579
10673.1755,-1.4072,-11.2217,-2.1515,-53.1895
10679.0334,-1.4083,-11.2244,-2.1538,-53.2189
10684.8914,-1.4096,-11.2264,-2.1563,-53.2498
10690.7493,-1.4107,-11.2280,-2.1588,-53.2805
10696.6073,-1.4119,-11.2309,-2.1613,-53.3113
10702.4652,-1.4132,-11.2330,-2.1636,-53.3415
10708.3232,-1.4142,-11.2348,-2.1661,-53.3735
10714.1811,-1.4154,-11.2370,-2.1686,-53.4038
10720.0391,-1.4166,-11.2383,-2.1711,-53.4344
10725.8970,-1.4177,-11.2413,-2.1734,-53.4660
10731.7549,-1.4189,-11.2434,-2.1759,-53.4959
10737.6129,-1.4200,-11.2449,-2.1784,-53.5273
10743.4708,-1.4212,-11.2469,-2.1808,-53.5575
10749.3288,-1.4224,-11.2500,-2.1833,-53.5884
10755.1867,-1.4236,-11.2521,-2.1857,-53.6200
10761.0447,-1.4247,-11.2534,-2.1882,-53.6504
10766.9026,-1.4260,-11.2547,-2.1907,-53.6816
10772.7606,-1.4273,-11.2576,-2.1932,-53.7118
10778.6185,-1.4283,-11.2596,-2.1956,-53.7427
10784.4764,-1.4295,-11.2608,-2.1981,-53.7743
10790.3344,-1.4306,-11.2631,-2.2006,-53.8045
10796.1923,-1.4318,-11.2649,-2.2030,-53.8360
10802.0503,-1.4330,-11.2673,-2.2054,-53.8664
10807.9082,-1.4340,-11.2690,-2.2078,-53.8971
10813.7662,-1.4353,-11.2715,-2.2105,-53.9285
10819.6241,-1.4364,-11.2744,-2.2129,-53.9596
10825.4821,-1.4377,-11.2756,-2.2154,-53.9907
10831.3400,-1.4390,-11.2770,-2.2178,-54.0214
10837.1979,-1.4402,-11.2790,-2.2204,-54.0525
10843.0559,-1.4412,-11.2809,-2.2228,-54.0825
10848.9138,-1.4423,-11.2824,-2.2253,-54.1138
10854.7718,-1.4437,-11.2850,-2.2279,-54.1448
10860.6297,-1.4448,-11.2862,-2.2303,-54.1758
10866.4877,-1.4460,-11.2888,-2.2328,-54.2073
10872.3456,-1.4471,-11.2910,-2.2353,-54.2375
10878.2036,-1.4482,-11.2936,-2.2378,-54.2679
10884.0615,-1.4495,-11.2946,-2.2404,-54.2999
10889.9195,-1.4507,-11.2964,-2.2426,-54.3310
10895.7774,-1.4519,-11.2982,-2.2453,-54.3621
10901.6353,-1.4530,-11.3007,-2.2478,-54.3922
10907.4933,-1.4541,-11.3020,-2.2503,-54.4241
10913.3512,-1.4554,-11.3039,-2.2528,-54.4552
10919.2092,-1.4566,-11.3057,-2.2552,-54.4866
10925.0671,-1.4577,-11.3082,-2.2577,-54.5171
10930.9251,-1.4588,-11.3104,-2.2602,-54.5480
10936.7830,-1.4601,-11.3117,-2.2629,-54.5792
10942.6410,-1.4612,-11.3140,-2.2653,-54.6098
10948.4989,-1.4624,-11.3159,-2.2677,-54.6411
10954.3568,-1.4636,-11.3173,-2.2703,-54.6719
10960.2148,-1.4648,-11.3191,-2.2728,-54.7035
10966.0727,-1.4660,-11.3228,-2.2753,-54.7339
10971.9307,-1.4671,-11.3231,-2.2778,-54.7655
10977.7886,-1.4684,-11.3257,-2.2803,-54.7970
10983.6466,-1.4696,-11.3269,-2.2829,-54.8272
10989.5045,-1.4707,-11.3287,-2.2855,-54.8587
10995.3625,-1.4720,-11.3317,-2.2879,-54.8906
11001.2204,-1.4731,-11.3330,-2.2905,-54.9212
11007.0784,-1.4742,-11.3338,-2.2930,-54.9525
11012.9363,-1.4754,-11.3356,-2.2955,-54.9829
11018.7942,-1.4768,-11.3381,-2.2980,-55.0149
11024.6522,-1.4779,-11.3403,-2.3006,-55.0452
11030.5101,-1.4790,-11.3416,-2.3031,-55.0773
11036.3681,-1.4803,-11.3436,-2.3057,-55.1092
11042.2260,-1.4815,-11.3459,-2.3082,-55.1389
11048.0840,-1.4827,-11.3467,-2.3107,-55.1698
11053.9419,-1.4838,-11.3490,-2.3132,-55.2018
11059.7999,-1.4850,-11.3508,-2.3157,-55.2326
11065.6578,-1.4862,-11.3524,-2.3185,-55.2634
11071.5157,-1.4873,-11.3535,-2.3210,-55.2949
11077.3737,-1.4885,-11.3563,-2.3234,-55.3273
11083.2316,-1.4897,-11.3579,-2.3260,-55.3580
11089.0896,-1.4909,-11.3598,-2.3285,-55.3893
11094.9475,-1.4921,-11.3622,-2.3311,-55.4198
11100.8055,-1.4932,-11.3636,-2.3336,-55.4516
11106.6634,-1.4945,-11.3653,-2.3363,-55.4830
11112.5214,-1.4957,-11.3674,-2.3387,-55.5140
11118.3793,-1.4968,-11.3694,-2.3413,-55.5456
11124.2372,-1.4980,-11.3707,-2.3439,-55.5760
11130.0952,-1.4992,-11.3719,-2.3464,-55.6077
11135.9531,-1.5004,-11.3741,-2.3490,-55.6393
11141.8111,-1.5016,-11.3756,-2.3515,-55.6700
11147.6690,-1.5027,-11.3774,-2.3542,-55.7017
11153.5270,-1.5041,-11.3795,-2.3567,-55.7326
11159.3849,-1.5052,-11.3812,-2.3592,-55.7649
11165.2429,-1.5064,-11.3830,-2.3618,-55.7961
11171.1008,-1.5076,-11.3846,-2.3645,-55.8274
11176.9588,-1.5088,-11.3871,-2.3670,-55.8586
11182.8167,-1.5100,-11.3878,-2.3695,-55.8896
11188.6746,-1.5112,-11.3897,-2.3721,-55.9212
11194.5326,-1.5124,-11.3915,-2.3748,-55.9530
11200.3905,-1.5135,-11.3931,-2.3773,-55.9843
11206.2485,-1.5148,-11.3946,-2.3799,-56.0150
11212.1064,-1.5159,-11.3966,-2.3824,-56.0468
11217.9644,-1.5172,-11.3991,-2.3852,-56.0774
11223.8223,-1.5184,-11.3997,-2.3877,-56.1094
11229.6803,-1.5196,-11.4009,-2.3901,-56.1401
11235.5382,-1.5206,-11.4040,-2.3928,-56.1721
11241.3961,-1.5220,-11.4042,-2.3955,-56.2040
11247.2541,-1.5231,-11.4070,-2.3980,-56.2352
11253.1120,-1.5244,-11.4090,-2.4006,-56.2667
11258.9700,-1.5255,-11.4105,-2.4032,-56.2976
11264.8279,-1.5268,-11.4120,-2.4058,-56.3298
11270.6859,-1.5280,-11.4135,-2.4085,-56.3614
11276.5438,-1.5291,-11.4157,-2.4110,-56.3934
11282.4018,-1.5304,-11.4171,-2.4137,-56.4240
11288.2597,-1.5316,-11.4187,-2.4162,-56.4551
11294.1176,-1.5327,-11.4198,-2.4187,-56.4870
11299.9756,-1.5338,-11.4219,-2.4213,-56.5193
11305.8335,-1.5352,-11.4232,-2.4240,-56.5497
11311.6915,-1.5363,-11.4251,-2.4266,-56.5819
11317.5494,-1.5375,-11.4263,-2.4292,-56.6133
11323.4074,-1.5388,-11.4288,-2.4318,-56.6439
11329.2653,-1.5399,-11.4295,-2.4345,-56.6760
11335.1233,-1.5412,-11.4319,-2.4372,-56.7077
11340.9812,-1.5423,-11.4329,-2.4398,-56.7385
11346.8392,-1.5436,-11.4340,-2.4425,-56.7711
11352.6971,-1.5447,-11.4358,-2.4450,-56.8027
11358.5550,-1.5459,-11.4378,-2.4476,-56.8345
11364.4130,-1.5473,-11.4386,-2.4502,-56.8656
11370.2709,-1.5483,-11.4417,-2.4529,-56.8979
11376.1289,-1.5496,-11.4426,-2.4556,-56.9294
11381.9868,-1.5507,-11.4443,-2.4581,-56.9605
11387.8448,-1.5520,-11.4455,-2.4609,-56.9915
11393.7027,-1.5531,-11.4479,-2.4635,-57.0237
11399.5607,-1.5542,-11.4497,-2.4661,-57.0553
11405.4186,-1.5556,-11.4507,-2.4686,-57.0869
11411.2765,-1.5568,-11.4526,-2.4713,-57.1190
11417.1345,-1.5579,-11.4541,-2.4739,-57.1508
11422.9924,-1.5591,-11.4556,-2.4765,-57.1816
11428.8504,-1.5604,-11.4574,-2.4793,-57.2134
11434.7083,-1.5615,-11.4588,-2.4819,-57.2454
11440.5663,-1.5628,-11.4599,-2.4846,-57.2773
11446.4242,-1.5642,-11.4617,-2.4872,-57.3095
11452.2822,-1.5651,-11.4628,-2.4898,-57.3407
11458.1401,-1.5664,-11.4644,-2.4925,-57.3718
11463.9980,-1.5676,-11.4666,-2.4954,-57.4040
11469.8560,-1.5689,-11.4679,-2.4978,-57.4358
11475.7139,-1.5700,-11.4685,-2.5004,-57.4670
11481.5719,-1.5713,-11.4703,-2.5031,-57.4996
11487.4298,-1.5723,-11.4722,-2.5057,-57.5311
11493.2878,-1.5736,-11.4733,-2.5085,-57.5626
11499.1457,-1.5749,-11.4746,-2.5111,-57.5946
11505.0037,-1.5760,-11.4775,-2.5137,-57.6258
11510.8616,-1.5772,-11.4779,-2.5165,-57.6574
11516.7196,-1.5785,-11.4798,-2.5192,-57.6906
11522.5775,-1.5797,-11.4812,-2.5219,-57.7215
11528.4354,-1.5810,-11.4827,-2.5245,-57.7528
11534.2934,-1.5822,-11.4834,-2.5272,-57.7845
11540.1513,-1.5834,-11.4860,-2.5298,-57.8174
11546.0093,-1.5845,-11.4870,-2.5325,-57.8487
11551.8672,-1.5858,-11.4890,-2.5352,-57.8802
11557.7252,-1.5869,-11.4908,-2.5379,-57.9123
11563.5831,-1.5883,-11.4912,-2.5405,-57.9444
11569.4411,-1.5894,-11.4931,-2.5432,-57.9766
11575.2990,-1.5905,-11.4939,-2.5460,-58.0075
11581.1569,-1.5918,-11.4958,-2.5487,-58.0393
11587.0149,-1.5931,-11.4980,-2.5514,-58.0715
11592.8728,-1.5942,-11.4986,-2.5541,-58.1032
11598.7308,-1.5955,-11.5002,-2.5567,-58.1352
11604.5887,-1.5967,-11.5014,-2.5595,-58.1673
11610.4467,-1.5979,-11.5020,-2.5620,-58.1984
11616.3046,-1.5992,-11.5044,-2.5647,-58.2311
11622.1626,-1.6004,-11.5051,-2.5675,-58.2632
11628.0205,-1.6016,-11.5072,-2.5703,-58.2956
11633.8784,-1.6027,-11.5082,-2.5730,-58.3275
11639.7364,-1.6038,-11.5094,-2.5756,-58.3594
11645.5943,-1.6052,-11.5108,-2.5783,-58.3908
11651.4523,-1.6064,-11.5126,-2.5811,-58.4243
11657.3102,-1.6076,-11.5140,-2.5838,-58.4559
11663.1682,-1.6089,-11.5159,-2.5865,-58.4876
11669.0261,-1.6101,-11.5169,-2.5892,-58.5194
11674.8841,-1.6113,-11.5187,-2.5919,-58.5520
11680.7420,-1.6125,-11.5190,-2.5948,-58.5842
11686.6000,-1.6137,-11.5208,-2.5974,-58.6158
11692.4579,-1.6149,-11.5216,-2.6001,-58.6476
11698.3158,-1.6162,-11.5240,-2.6028,-58.6791
11704.1738,-1.6174,-11.5246,-2.6056,-58.7114
11710.0317,-1.6186,-11.5260,-2.6084,-58.7435
11715.8897,-1.6199,-11.5270,-2.6110,-58.7756
11721.7476,-1.6211,-11.5288,-2.6137,-58.8080
11727.6056,-1.6222,-11.5301,-2.6164,-58.8391
11733.4635,-1.6234,-11.5322,-2.6192,-58.8729
11739.3215,-1.6248,-11.5323,-2.6220,-58.9029
11745.1794,-1.6261,-11.5342,-2.6247,-58.9364
11751.0373,-1.6273,-11.5348,-2.6275,-58.9677
11756.8953,-1.6284,-11.5371,-2.6303,-58.9996
11762.7532,-1.6296,-11.5389,-2.6329,-59.0325
11768.6112,-1.6309,-11.5388,-2.6356,-59.0651
11774.4691,-1.6320,-11.5401,-2.6384,-59.0965
11780.3271,-1.6333,-11.5407,-2.6411,-59.1288
11786.1850,-1.6346,-11.5429,-2.6441,-59.1608
11792.0430,-1.6357,-11.5440,-2.6467,-59.1928
11797.9009,-1.6370,-11.5457,-2.6493,-59.2261
11803.7588,-1.6382,-11.5462,-2.6521,-59.2575
11809.6168,-1.6394,-11.5479,-2.6549,-59.2895
11815.4747,-1.6406,-11.5496,-2.6577,-59.3209
11821.3327,-1.6418,-11.5502,-2.6605,-59.3539
11827.1906,-1.6431,-11.5522,-2.6633,-59.3879
11833.0486,-1.6444,-11.5536,-2.6660,-59.4185
11838.9065,-1.6455,-11.5545,-2.6687,-59.4518
11844.7645,-1.6467,-11.5553,-2.6715,-59.4827
11850.6224,-1.6480,-11.5571,-2.6743,-59.5153
11856.4804,-1.6493,-11.5581,-2.6772,-59.5473
11862.3383,-1.6505,-11.5596,-2.6798,-59.5807
11868.1962,-1.6516,-11.5608,-2.6826,-59.6124
11874.0542,-1.6530,-11.5620,-2.6853,-59.6445
11879.9121,-1.6541,-11.5626,-2.6883,-59.6769
11885.7701,-1.6555,-11.5647,-2.6909,-59.7091
11891.6280,-1.6566,-11.5661,-2.6939,-59.7411
11897.4860,-1.6577,-11.5667,-2.6963,-59.7743
11903.3439,-1.6591,-11.5678,-2.6993,-59.8065
11909.2019,-1.6604,-11.5696,-2.7021,-59.8384
11915.0598,-1.6616,-11.5703,-2.7049,-59.8710
11920.9177,-1.6627,-11.5716,-2.7077,-59.9032
11926.7757,-1.6639,-11.5725,-2.7106,-59.9349
11932.6336,-1.6652,-11.5741,-2.7134,-59.9678
11938.4916,-1.6665,-11.5753,-2.7161,-60.0002
11944.3495,-1.6677,-11.5762,-2.7190,-60.0326
11950.2075,-1.6689,-11.5775,-2.7218,-60.0651
11956.0654,-1.6701,-11.5778,-2.7245,-60.0973
11961.9234,-1.6714,-11.5794,-2.7273,-60.1297
11967.7813,-1.6726,-11.5806,-2.7301,-60.1620
11973.6392,-1.6739,-11.5823,-2.7330,-60.1940
11979.4972,-1.6751,-11.5827,-2.7357,-60.2270
11985.3551,-1.6763,-11.5839,-2.7385,-60.2600
11991.2131,-1.6775,-11.5847,-2.7414,-60.2918
11997.0710,-1.6788,-11.5859,-2.7441,-60.3234
12002.9290,-1.6800,-11.5877,-2.7470,-60.3575
12008.7869,-1.6812,-11.5880,-2.7499,-60.3891
12014.6449,-1.6826,-11.5897,-2.7526,-60.4220
12020.5028,-1.6838,-11.5910,-2.7556,-60.4543
12026.3608,-1.6849,-11.5914,-2.7583,-60.4873
12032.2187,-1.6863,-11.5924,-2.7611,-60.5198
12038.0766,-1.6874,-11.5938,-2.7638,-60.5522
12043.9346,-1.6886,-11.5948,-2.7669,-60.5844
12049.7925,-1.6900,-11.5956,-2.7696,-60.6181
12055.6505,-1.6913,-11.5977,-2.7725,-60.6503
12061.5084,-1.6924,-11.5986,-2.7754,-60.6823
12067.3664,-1.6936,-11.5996,-2.7782,-60.7153
12073.2243,-1.6949,-11.6002,-2.7810,-60.7472
12079.0823,-1.6961,-11.6013,-2.7838,-60.7806
12084.9402,-1.6973,-11.6024,-2.7865,-60.8135
12090.7981,-1.6985,-11.6039,-2.7896,-60.8456
12096.6561,-1.6999,-11.6040,-2.7923,-60.8778
12102.5140,-1.7011,-11.6061,-2.7952,-60.9102
12108.3720,-1.7023,-11.6070,-2.7980,-60.9434
12114.2299,-1.7036,-11.6081,-2.8010,-60.9746
12120.0879,-1.7049,-11.6084,-2.8037,-61.0092
12125.9458,-1.7061,-11.6098,-2.8065,-61.0411
12131.8038,-1.7073,-11.6110,-2.8094,-61.0738
12137.6617,-1.7085,-11.6113,-2.8123,-61.1073
12143.5196,-1.7099,-11.6124,-2.8152,-61.1384
12149.3776,-1.7110,-11.6140,-2.8181,-61.1724
12155.2355,-1.7122,-11.6153,-2.8211,-61.2049
12161.0935,-1.7135,-11.6153,-2.8238,-61.2378
12166.9514,-1.7148,-11.6163,-2.8266,-61.2708
12172.8094,-1.7160,-11.6180,-2.8296,-61.3031
12178.6673,-1.7171,-11.6179,-2.8324,-61.3370
12184.5253,-1.7185,-11.6190,-2.8353,-61.3682
12190.3832,-1.7197,-11.6204,-2.8382,-61.4023
12196.2412,-1.7210,-11.6209,-2.8409,-61.4349
12202.0991,-1.7222,-11.6232,-2.8439,-61.4666
12207.9570,-1.7234,-11.6235,-2.8470,-61.4996
12213.8150,-1.7248,-11.6240,-2.8497,-61.5327
12219.6729,-1.7259,-11.6242,-2.8526,-61.5653
12225.5309,-1.7271,-11.6264,-2.8554,-61.5972
12231.3888,-1.7284,-11.6280,-2.8585,-61.6309
12237.2468,-1.7297,-11.6274,-2.8613,-61.6631
12243.1047,-1.7310,-11.6288,-2.8642,-61.6968
12248.9627,-1.7321,-11.6300,-2.8671,-61.7298
12254.8206,-1.7334,-11.6302,-2.8699,-61.7624
12260.6785,-1.7347,-11.6318,-2.8726,-61.7944
12266.5365,-1.7359,-11.6323,-2.8757,-61.8272
12272.3944,-1.7371,-11.6335,-2.8787,-61.8608
12278.2524,-1.7385,-11.6339,-2.8815,-61.8945
12284.1103,-1.7397,-11.6351,-2.8845,-61.9272
12289.9683,-1.7410,-11.6366,-2.8872,-61.9597
12295.8262,-1.7423,-11.6371,-2.8903,-61.9930
12301.6842,-1.7435,-11.6375,-2.8932,-62.0257
12307.5421,-1.7446,-11.6391,-2.8961,-62.0583
12313.4000,-1.7459,-11.6395,-2.8991,-62.0911
12319.2580,-1.7472,-11.6407,-2.9019,-62.1251
12325.1159,-1.7484,-11.6409,-2.9050,-62.1575
12330.9739,-1.7497,-11.6429,-2.9076,-62.1898
12336.8318,-1.7510,-11.6433,-2.9108,-62.2236
12342.6898,-1.7522,-11.6439,-2.9137,-62.2564
12348.5477,-1.7535,-11.6454,-2.9166,-62.2887
12354.4057,-1.7546,-11.6456,-2.9194,-62.3221
12360.2636,-1.7560,-11.6462,-2.9223,-62.3554
12366.1216,-1.7572,-11.6474,-2.9254,-62.3879
12371.9795,-1.7586,-11.6483,-2.9282,-62.4212
12377.8374,-1.7597,-11.6496,-2.9312,-62.4541
12383.6954,-1.7609,-11.6489,-2.9341,-62.4873
12389.5533,-1.7622,-11.6508,-2.9371,-62.5211
12395.4113,-1.7636,-11.6513,-2.9400,-62.5539
12401.2692,-1.7648,-11.6525,-2.9429,-62.5876
12407.1272,-1.7660,-11.6525,-2.9459,-62.6200
12412.9851,-1.7673,-11.6539,-2.9490,-62.6530
12418.8431,-1.7685,-11.6541,-2.9518,-62.6869
12424.7010,-1.7698,-11.6551,-2.9548,-62.7197
12430.5589,-1.7710,-11.6557,-2.9578,-62.7524
12436.4169,-1.7724,-11.6563,-2.9606,-62.7863
12442.2748,-1.7735,-11.6567,-2.9637,-62.8181
12448.1328,-1.7748,-11.6581,-2.9667,-62.8523
12453.9907,-1.7761,-11.6594,-2.9696,-62.8853
12459.8487,-1.7774,-11.6591,-2.9724,-62.9178
12465.7066,-1.7786,-11.6601,-2.9755,-62.9512
12471.5646,-1.7798,-11.6602,-2.9783,-62.9853
12477.4225,-1.7811,-11.6617,-2.9813,-63.0168
12483.2804,-1.7823,-11.6625,-2.9844,-63.0512
12489.1384,-1.7836,-11.6632,-2.9874,-63.0845
12494.9963,-1.7849,-11.6643,-2.9903,-63.1166
12500.8543,-1.7861,-11.6649,-2.9934,-63.1510
12506.7122,-1.7874,-11.6661,-2.9963,-63.1837
12512.5702,-1.7886,-11.6672,-2.9994,-63.2168
12518.4281,-1.7900,-11.6672,-3.0023,-63.2512
12524.2861,-1.7913,-11.6672,-3.0052,-63.2838
12530.1440,-1.7925,-11.6679,-3.0083,-63.3178
12536.0020,-1.7938,-11.6691,-3.0111,-63.3508
12541.8599,-1.7951,-11.6698,-3.0143,-63.3836
12547.7178,-1.7964,-11.6702,-3.0172,-63.4174
12553.5758,-1.7975,-11.6705,-3.0202,-63.4502
12559.4337,-1.7988,-11.6705,-3.0232,-63.4841
12565.2917,-1.8000,-11.6717,-3.0262,-63.5182
12571.1496,-1.8013,-11.6726,-3.0292,-63.5504
12577.0076,-1.8024,-11.6725,-3.0324,-63.5837
12582.8655,-1.8038,-11.6732,-3.0353,-63.6181
12588.7235,-1.8049,-11.6745,-3.0381,-63.6518
12594.5814,-1.8062,-11.6758,-3.0413,-63.6848
12600.4393,-1.8076,-11.6761,-3.0443,-63.7176
12606.2973,-1.8089,-11.6766,-3.0472,-63.7511
12612.1552,-1.8101,-11.6776,-3.0502,-63.7844
12618.0132,-1.8114,-11.6780,-3.0531,-63.8180
12623.8711,-1.8127,-11.6787,-3.0564,-63.8517
12629.7291,-1.8139,-11.6786,-3.0592,-63.8845
12635.5870,-1.8152,-11.6794,-3.0623,-63.9185
12641.4450,-1.8165,-11.6790,-3.0654,-63.9518
12647.3029,-1.8178,-11.6800,-3.0683,-63.9846
12653.1608,-1.8189,-11.6808,-3.0715,-64.0187
12659.0188,-1.8203,-11.6819,-3.0744,-64.0523
12664.8767,-1.8215,-11.6823,-3.0776,-64.0872
12670.7347,-1.8229,-11.6829,-3.0805,-64.1195
12676.5926,-1.8241,-11.6827,-3.0836,-64.1534
12682.4506,-1.8253,-11.6840,-3.0866,-64.1868
12688.3085,-1.8266,-11.6846,-3.0896,-64.2207
12694.1665,-1.8279,-11.6849,-3.0928,-64.2534
12700.0244,-1.8292,-11.6854,-3.0957,-64.2873
12705.8824,-1.8304,-11.6866,-3.0988,-64.3208
12711.7403,-1.8316,-11.6874,-3.1019,-64.3538
12717.5982,-1.8330,-11.6869,-3.1050,-64.3885
12723.4562,-1.8343,-11.6874,-3.1079,-64.4217
12729.3141,-1.8355,-11.6882,-3.1111,-64.4546
12735.1721,-1.8368,-11.6882,-3.1142,-64.4896
12741.0300,-1.8381,-11.6885,-3.1172,-64.5225
12746.8880,-1.8393,-11.6903,-3.1202,-64.5571
12752.7459,-1.8406,-11.6895,-3.1232,-64.5905
12758.6039,-1.8418,-11.6909,-3.1264,-64.6238
12764.4618,-1.8432,-11.6914,-3.1295,-64.6579
12770.3197,-1.8445,-11.6919,-3.1324,-64.6911
12776.1777,-1.8456,-11.6919,-3.1355,-64.7247
12782.0356,-1.8470,-11.6923,-3.1388,-64.7584
12787.8936,-1.8483,-11.6936,-3.1416,-64.7927
12793.7515,-1.8496,-11.6934,-3.1448,-64.8259
12799.6095,-1.8507,-11.6940,-3.1478,-64.8596
12805.4674,-1.8520,-11.6945,-3.1511,-64.8941
12811.3254,-1.8533,-11.6949,-3.1540,-64.9279
12817.1833,-1.8547,-11.6958,-3.1571,-64.9609
12823.0412,-1.8559,-11.6966,-3.1601,-64.9941
12828.8992,-1.8573,-11.6961,-3.1632,-65.0283
12834.7571,-1.8584,-11.6972,-3.1663,-65.0620
12840.6151,-1.8598,-11.6964,-3.1693,-65.0963
12846.4730,-1.8611,-11.6979,-3.1724,-65.1291
12852.3310,-1.8623,-11.6972,-3.1756,-65.1639
12858.1889,-1.8636,-11.6981,-3.1788,-65.1975
12864.0469,-1.8649,-11.6984,-3.1818,-65.2310
12869.9048,-1.8663,-11.6983,-3.1849,-65.2656
12875.7628,-1.8674,-11.6991,-3.1881,-65.2997
12881.6207,-1.8687,-11.6998,-3.1911,-65.3335
12887.4786,-1.8700,-11.6998,-3.1942,-65.3669
12893.3366,-1.8712,-11.6996,-3.1972,-65.4011
12899.1945,-1.8726,-11.7011,-3.2004,-65.4337
12905.0525,-1.8739,-11.7007,-3.2036,-65.4691
12910.9104,-1.8751,-11.7021,-3.2066,-65.5022
12916.7684,-1.8764,-11.7019,-3.2098,-65.5368
12922.6263,-1.8777,-11.7013,-3.2128,-65.5707
12928.4843,-1.8789,-11.7027,-3.2160,-65.6035
12934.3422,-1.8803,-11.7029,-3.2190,-65.6396
12940.2001,-1.8815,-11.7027,-3.2222,-65.6726
12946.0581,-1.8828,-11.7025,-3.2254,-65.7064
12951.9160,-1.8841,-11.7034,-3.2286,-65.7416
12957.7740,-1.8853,-11.7041,-3.2316,-65.7747
12963.6319,-1.8867,-11.7046,-3.2349,-65.8074
12969.4899,-1.8878,-11.7048,-3.2380,-65.8435
12975.3478,-1.8892,-11.7050,-3.2410,-65.8773
12981.2058,-1.8904,-11.7049,-3.2443,-65.9106
12987.0637,-1.8918,-11.7048,-3.2474,-65.9451
12992.9216,-1.8930,-11.7061,-3.2505,-65.9790
12998.7796,-1.8944,-11.7057,-3.2537,-66.0132
13004.6375,-1.8957,-11.7069,-3.2568,-66.0477
13010.4955,-1.8969,-11.7060,-3.2599,-66.0814
13016.3534,-1.8983,-11.7068,-3.2631,-66.1160
13022.2114,-1.8993,-11.7069,-3.2663,-66.1497
13028.0693,-1.9007,-11.7069,-3.2694,-66.1846
13033.9273,-1.9021,-11.7074,-3.2726,-66.2176
13039.7852,-1.9034,-11.7079,-3.2757,-66.2527
13045.6432,-1.9046,-11.7082,-3.2789,-66.2862
13051.5011,-1.9060,-11.7088,-3.2819,-66.3197
13057.3590,-1.9072,-11.7082,-3.2853,-66.3547
13063.2170,-1.9085,-11.7090,-3.2885,-66.3890
13069.0749,-1.9097,-11.7088,-3.2916,-66.4244
13074.9329,-1.9111,-11.7086,-3.2948,-66.4572
13080.7908,-1.9123,-11.7103,-3.2980,-66.4928
13086.6488,-1.9137,-11.7090,-3.3010,-66.5264
13092.5067,-1.9149,-11.7093,-3.3043,-66.5603
13098.3647,-1.9164,-11.7101,-3.3076,-66.5943
13104.2226,-1.9175,-11.7104,-3.3107,-66.6295
13110.0805,-1.9189,-11.7103,-3.3138,-66.6635
13115.9385,-1.9203,-11.7105,-3.3171,-66.6970
13121.7964,-1.9213,-11.7100,-3.3203,-66.7310
13127.6544,-1.9227,-11.7101,-3.3234,-66.7668
13133.5123,-1.9240,-11.7102,-3.3264,-66.8011
13139.3703,-1.9253,-11.7107,-3.3296,-66.8341
13145.2282,-1.9265,-11.7101,-3.3329,-66.8693
13151.0862,-1.9278,-11.7107,-3.3360,-66.9034
13156.9441,-1.9292,-11.7109,-3.3394,-66.9374
13162.8021,-1.9304,-11.7114,-3.3424,-66.9724
13168.6600,-1.9317,-11.7115,-3.3457,-67.0069
13174.5179,-1.9330,-11.7115,-3.3492,-67.0413
13180.3759,-1.9344,-11.7111,-3.3522,-67.0761
13186.2338,-1.9357,-11.7112,-3.3554,-67.1103
13192.0918,-1.9368,-11.7110,-3.3589,-67.1444
13197.9497,-1.9381,-11.7124,-3.3619,-67.1793
13203.8077,-1.9395,-11.7118,-3.3652,-67.2134
13209.6656,-1.9407,-11.7119,-3.3684,-67.2478
13215.5236,-1.9421,-11.7108,-3.3716,-67.2826
13221.3815,-1.9434,-11.7121,-3.3746,-67.3172
13227.2394,-1.9447,-11.7124,-3.3780,-67.3517
13233.0974,-1.9460,-11.7117,-3.3811,-67.3862
13238.9553,-1.9472,-11.7124,-3.3844,-67.4206
13244.8133,-1.9485,-11.7123,-3.3876,-67.4557
13250.6712,-1.9498,-11.7123,-3.3909,-67.4893
13256.5292,-1.9512,-11.7121,-3.3942,-67.5233
13262.3871,-1.9525,-11.7119,-3.3974,-67.5583
13268.2451,-1.9537,-11.7127,-3.4007,-67.5937
13274.1030,-1.9551,-11.7120,-3.4039,-67.6275
13279.9609,-1.9563,-11.7128,-3.4069,-67.6624
13285.8189,-1.9576,-11.7120,-3.4101,-67.6968
13291.6768,-1.9590,-11.7120,-3.4136,-67.7316
13297.5348,-1.9602,-11.7121,-3.4168,-67.7667
13303.3927,-1.9616,-11.7125,-3.4201,-67.8012
13309.2507,-1.9628,-11.7123,-3.4232,-67.8362
13315.1086,-1.9641,-11.7119,-3.4265,-67.8706
13320.9666,-1.9654,-11.7122,-3.4299,-67.9051
13326.8245,-1.9667,-11.7119,-3.4331,-67.9395
13332.6825,-1.9681,-11.7121,-3.4364,-67.9745
13338.5404,-1.9693,-11.7123,-3.4396,-68.0090
13344.3983,-1.9707,-11.7117,-3.4430,-68.0439
13350.2563,-1.9720,-11.7115,-3.4461,-68.0789
13356.1142,-1.9733,-11.7116,-3.4492,-68.1140
13361.9722,-1.9745,-11.7123,-3.4529,-68.1478
13367.8301,-1.9758,-11.7116,-3.4558,-68.1830
13373.6881,-1.9772,-11.7120,-3.4594,-68.2180
13379.5460,-1.9785,-11.7112,-3.4627,-68.2531
13385.4040,-1.9797,-11.7109,-3.4659,-68.2877
13391.2619,-1.9811,-11.7112,-3.4692,-68.3211
13397.1198,-1.9824,-11.7107,-3.4726,-68.3573
13402.9778,-1.9838,-11.7116,-3.4758,-68.3919
13408.8357,-1.9850,-11.7103,-3.4790,-68.4270
13414.6937,-1.9863,-11.7108,-3.4823,-68.4613
13420.5516,-1.9875,-11.7106,-3.4857,-68.4957
13426.4096,-1.9890,-11.7112,-3.4891,-68.5319
13432.2675,-1.9902,-11.7104,-3.4922,-68.5666
13438.1255,-1.9915,-11.7094,-3.4954,-68.6011
13443.9834,-1.9928,-11.7105,-3.4989,-68.6367
13449.8413,-1.9942,-11.7104,-3.5021,-68.6713
13455.6993,-1.9954,-11.7104,-3.5055,-68.7076
13461.5572,-1.9968,-11.7102,-3.5086,-68.7415
13467.4152,-1.9980,-11.7093,-3.5121,-68.7760
13473.2731,-1.9993,-11.7087,-3.5154,-68.8104
13479.1311,-2.0006,-11.7085,-3.5187,-68.8466
13484.9890,-2.0018,-11.7081,-3.5219,-68.8811
13490.8470,-2.0033,-11.7091,-3.5254,-68.9163
13496.7049,-2.0045,-11.7087,-3.5287,-68.9511
13502.5629,-2.0059,-11.7074,-3.5319,-68.9864
13508.4208,-2.0071,-11.7081,-3.5353,-69.0208
13514.2787,-2.0085,-11.7076,-3.5386,-69.0558
13520.1367,-2.0099,-11.7074,-3.5420,-69.0915
13525.9946,-2.0110,-11.7075,-3.5452,-69.1259
13531.8526,-2.0124,-11.7067,-3.5487,-69.1621
13537.7105,-2.0137,-11.7064,-3.5521,-69.1976
13543.5685,-2.0150,-11.7063,-3.5553,-69.2323
13549.4264,-2.0164,-11.7057,-3.5586,-69.2669
13555.2844,-2.0176,-11.7066,-3.5621,-69.3010
13561.1423,-2.0189,-11.7057,-3.5654,-69.3375
13567.0002,-2.0204,-11.7051,-3.5686,-69.3724
13572.8582,-2.0215,-11.7049,-3.5722,-69.4069
13578.7161,-2.0229,-11.7051,-3.5754,-69.4437
13584.5741,-2.0243,-11.7044,-3.5788,-69.4774
13590.4320,-2.0255,-11.7042,-3.5821,-69.5130
13596.2900,-2.0269,-11.7048,-3.5854,-69.5487
13602.1479,-2.0281,-11.7035,-3.5888,-69.5836
13608.0059,-2.0295,-11.7026,-3.5922,-69.6187
13613.8638,-2.0307,-11.7027,-3.5954,-69.6542
13619.7217,-2.0320,-11.7032,-3.5989,-69.6898
13625.5797,-2.0333,-11.7019,-3.6022,-69.7244
13631.4376,-2.0347,-11.7018,-3.6057,-69.7596
13637.2956,-2.0360,-11.7012,-3.6091,-69.7941
13643.1535,-2.0372,-11.7005,-3.6123,-69.8307
13649.0115,-2.0387,-11.7010,-3.6158,-69.8665
13654.8694,-2.0399,-11.7002,-3.6192,-69.9009
13660.7274,-2.0413,-11.7004,-3.6226,-69.9357
13666.5853,-2.0426,-11.6999,-3.6261,-69.9724
13672.4433,-2.0439,-11.6989,-3.6295,-70.0071
13678.3012,-2.0453,-11.6996,-3.6327,-70.0432
13684.1591,-2.0466,-11.6985,-3.6362,-70.0776
13690.0171,-2.0479,-11.6980,-3.6396,-70.1135
13695.8750,-2.0492,-11.6974,-3.6429,-70.1491
13701.7330,-2.0505,-11.6964,-3.6463,-70.1842
13707.5909,-2.0518,-11.6969,-3.6499,-70.2195
13713.4489,-2.0530,-11.6956,-3.6530,-70.2561
13719.3068,-2.0544,-11.6965,-3.6565,-70.2897
13725.1648,-2.0556,-11.6959,-3.6601,-70.3263
13731.0227,-2.0570,-11.6944,-3.6633,-70.3616
13736.8806,-2.0583,-11.6950,-3.6669,-70.3970
13742.7386,-2.0597,-11.6955,-3.6702,-70.4320
13748.5965,-2.0610,-11.6948,-3.6736,-70.4681
13754.4545,-2.0625,-11.6933,-3.6771,-70.5042
13760.3124,-2.0637,-11.6930,-3.6804,-70.5391
13766.1704,-2.0650,-11.6924,-3.6840,-70.5761
13772.0283,-2.0662,-11.6918,-3.6872,-70.6116
13777.8863,-2.0676,-11.6914,-3.6907,-70.6456
13783.7442,-2.0689,-11.6916,-3.6942,-70.6817
13789.6021,-2.0701,-11.6899,-3.6975,-70.7179
13795.4601,-2.0715,-11.6901,-3.7010,-70.7527
13801.3180,-2.0729,-11.6898,-3.7045,-70.7890
13807.1760,-2.0743,-11.6895,-3.7079,-70.8243
13813.0339,-2.0758,-11.6888,-3.7114,-70.8595
13818.8919,-2.0769,-11.6877,-3.7148,-70.8965
13824.7498,-2.0782,-11.6877,-3.7183,-70.9317
13830.6078,-2.0795,-11.6861,-3.7217,-70.9678
13836.4657,-2.0807,-11.6864,-3.7251,-71.0033
13842.3237,-2.0821,-11.6852,-3.7285,-71.0384
13848.1816,-2.0834,-11.6849,-3.7322,-71.0744
13854.0395,-2.0847,-11.6851,-3.7355,-71.1106
13859.8975,-2.0860,-11.6832,-3.7390,-71.1457
13865.7554,-2.0873,-11.6839,-3.7425,-71.1809
13871.6134,-2.0888,-11.6824,-3.7459,-71.2167
13877.4713,-2.0899,-11.6824,-3.7493,-71.2536
13883.3293,-2.0913,-11.6817,-3.7528,-71.2897
13889.1872,-2.0928,-11.6811,-3.7563,-71.3249
13895.0452,-2.0940,-11.6805,-3.7598,-71.3607
13900.9031,-2.0953,-11.6805,-3.7633,-71.3967
13906.7610,-2.0966,-11.6789,-3.7667,-71.4323
13912.6190,-2.0981,-11.6787,-3.7701,-71.4689
13918.4769,-2.0992,-11.6780,-3.7736,-71.5040
13924.3349,-2.1005,-11.6784,-3.7772,-71.5393
13930.1928,-2.1019,-11.6773,-3.7806,-71.5765
13936.0508,-2.1033,-11.6758,-3.7841,-71.6114
13941.9087,-2.1047,-11.6759,-3.7877,-71.6480
13947.7667,-2.1060,-11.6739,-3.7912,-71.6833
13953.6246,-2.1072,-11.6744,-3.7946,-71.7197
13959.4825,-2.1087,-11.6729,-3.7980,-71.7560
13965.3405,-2.1101,-11.6727,-3.8017,-71.7922
13971.1984,-2.1111,-11.6718,-3.8052,-71.8274
13977.0564,-2.1125,-11.6708,-3.8086,-71.8639
13982.9143,-2.1139,-11.6710,-3.8122,-71.8997
13988.7723,-2.1152,-11.6697,-3.8156,-71.9360
13994.6302,-2.1165,-11.6690,-3.8191,-71.9723
14000.4882,-2.1179,-11.6679,-3.8227,-72.0085
14006.3461,-2.1192,-11.6685,-3.8262,-72.0441
14012.2041,-2.1205,-11.6666,-3.8296,-72.0807
14018.0620,-2.1218,-11.6665,-3.8331,-72.1167
14023.9199,-2.1232,-11.6659,-3.8368,-72.1521
14029.7779,-2.1245,-11.6649,-3.8403,-72.1885
14035.6358,-2.1259,-11.6642,-3.8437,-72.2257
14041.4938,-2.1271,-11.6631,-3.8473,-72.2618
14047.3517,-2.1284,-11.6622,-3.8507,-72.2969
14053.2097,-2.1299,-11.6619,-3.8543,-72.3332
14059.0676,-2.1312,-11.6603,-3.8579,-72.3701
14064.9256,-2.1324,-11.6600,-3.8615,-72.4053
14070.7835,-2.1338,-11.6598,-3.8651,-72.4421
14076.6414,-2.1352,-11.6589,-3.8685,-72.4779
14082.4994,-2.1363,-11.6579,-3.8721,-72.5150
14088.3573,-2.1378,-11.6564,-3.8757,-72.5502
14094.2153,-2.1390,-11.6565,-3.8790,-72.5872
14100.0732,-2.1405,-11.6550,-3.8828,-72.6221
14105.9312,-2.1418,-11.6540,-3.8862,-72.6597
14111.7891,-2.1431,-11.6531,-3.8898,-72.6963
14117.6471,-2.1444,-11.6520,-3.8934,-72.7318
14123.5050,-2.1457,-11.6519,-3.8969,-72.7687
14129.3629,-2.1471,-11.6514,-3.9005,-72.8046
14135.2209,-2.1484,-11.6494,-3.9040,-72.8408
14141.0788,-2.1498,-11.6493,-3.9076,-72.8775
14146.9368,-2.1511,-11.6478,-3.9111,-72.9134
14152.7947,-2.1524,-11.6476,-3.9147,-72.9505
14158.6527,-2.1537,-11.6468,-3.9184,-72.9868
14164.5106,-2.1550,-11.6458,-3.9218,-73.0228
14170.3686,-2.1565,-11.6450,-3.9255,-73.0596
14176.2265,-2.1577,-11.6441,-3.9291,-73.0954
14182.0845,-2.1591,-11.6432,-3.9327,-73.1326
14187.9424,-2.1604,-11.6422,-3.9363,-73.1693
14193.8003,-2.1618,-11.6411,-3.9397,-73.2057
14199.6583,-2.1631,-11.6402,-3.9435,-73.2416
14205.5162,-2.1643,-11.6388,-3.9469,-73.2789
14211.3742,-2.1657,-11.6385,-3.9505,-73.3150
14217.2321,-2.1671,-11.6375,-3.9542,-73.3508
14223.0901,-2.1684,-11.6361,-3.9578,-73.3879
14228.9480,-2.1699,-11.6354,-3.9615,-73.4251
14234.8060,-2.1712,-11.6342,-3.9650,-73.4616
14240.6639,-2.1724,-11.6331,-3.9687,-73.4977
14246.5218,-2.1738,-11.6326,-3.9723,-73.5340
14252.3798,-2.1751,-11.6313,-3.9760,-73.5712
14258.2377,-2.1765,-11.6309,-3.9796,-73.6074
14264.0957,-2.1778,-11.6293,-3.9830,-73.6443
14269.9536,-2.1791,-11.6281,-3.9867,-73.6818
14275.8116,-2.1805,-11.6276,-3.9903,-73.7183
14281.6695,-2.1818,-11.6265,-3.9941,-73.7548
14287.5275,-2.1832,-11.6246,-3.9975,-73.7916
14293.3854,-2.1844,-11.6239,-4.0012,-73.8282
14299.2433,-2.1858,-11.6238,-4.0047,-73.8651
14305.1013,-2.1872,-11.6222,-4.0084,-73.9017
14310.9592,-2.1884,-11.6214,-4.0120,-73.9381
14316.8172,-2.1898,-11.6198,-4.0157,-73.9750
14322.6751,-2.1911,-11.6193,-4.0194,-74.0114
14328.5331,-2.1926,-11.6177,-4.0229,-74.0485
14334.3910,-2.1940,-11.6168,-4.0266,-74.0856
14340.2490,-2.1953,-11.6161,-4.0303,-74.1232
14346.1069,-2.1966,-11.6139,-4.0339,-74.1588
14351.9649,-2.1978,-11.6135,-4.0377,-74.1966
14357.8228,-2.1992,-11.6122,-4.0413,-74.2333
14363.6807,-2.2005,-11.6117,-4.0449,-74.2707
14369.5387,-2.2018,-11.6100,-4.0485,-74.3069
14375.3966,-2.2032,-11.6095,-4.0523,-74.3434
14381.2546,-2.2045,-11.6082,-4.0559,-74.3794
14387.1125,-2.2059,-11.6063,-4.0595,-74.4178
14392.9705,-2.2072,-11.6056,-4.0631,-74.4537
14398.8284,-2.2086,-11.6031,-4.0668,-74.4912
14404.6864,-2.2098,-11.6031,-4.0706,-74.5285
14410.5443,-2.2114,-11.6021,-4.0741,-74.5653
14416.4022,-2.2125,-11.6013,-4.0779,-74.6019
14422.2602,-2.2139,-11.5998,-4.0816,-74.6391
14428.1181,-2.2151,-11.5984,-4.0853,-74.6769
14433.9761,-2.2166,-11.5973,-4.0888,-74.7135
14439.8340,-2.2178,-11.5971,-4.0926,-74.7503
14445.6920,-2.2194,-11.5947,-4.0962,-74.7873
14451.5499,-2.2206,-11.5940,-4.1001,-74.8239
14457.4079,-2.2220,-11.5927,-4.1036,-74.8614
14463.2658,-2.2232,-11.5914,-4.1073,-74.8998
14469.1237,-2.2247,-11.5901,-4.1111,-74.9365
14474.9817,-2.2259,-11.5892,-4.1147,-74.9728
14480.8396,-2.2273,-11.5874,-4.1184,-75.0104
14486.6976,-2.2286,-11.5865,-4.1221,-75.0476
14492.5555,-2.2299,-11.5854,-4.1258,-75.0853
14498.4135,-2.2314,-11.5842,-4.1296,-75.1230
14504.2714,-2.2328,-11.5823,-4.1331,-75.1594
14510.1294,-2.2340,-11.5811,-4.1369,-75.1967
14515.9873,-2.2355,-11.5804,-4.1407,-75.2336
14521.8453,-2.2368,-11.5787,-4.1444,-75.2710
14527.7032,-2.2380,-11.5772,-4.1482,-75.3080
14533.5611,-2.2394,-11.5763,-4.1518,-75.3452
14539.4191,-2.2409,-11.5747,-4.1555,-75.3826
14545.2770,-2.2422,-11.5740,-4.1593,-75.4198
14551.1350,-2.2434,-11.5722,-4.1629,-75.4568
14556.9929,-2.2448,-11.5712,-4.1667,-75.4951
14562.8509,-2.2462,-11.5694,-4.1705,-75.5317
14568.7088,-2.2475,-11.5684,-4.1742,-75.5695
14574.5668,-2.2488,-11.5663,-4.1778,-75.6068
14580.4247,-2.2502,-11.5654,-4.1818,-75.6452
14586.2826,-2.2515,-11.5642,-4.1854,-75.6818
14592.1406,-2.2528,-11.5618,-4.1891,-75.7189
14597.9985,-2.2542,-11.5613,-4.1929,-75.7577
14603.8565,-2.2555,-11.5598,-4.1967,-75.7948
14609.7144,-2.2570,-11.5586,-4.2004,-75.8316
14615.5724,-2.2583,-11.5571,-4.2041,-75.8688
14621.4303,-2.2595,-11.5555,-4.2080,-75.9070
14627.2883,-2.2610,-11.5547,-4.2117,-75.9445
14633.1462,-2.2622,-11.5527,-4.2156,-75.9813
14639.0041,-2.2637,-11.5517,-4.2193,-76.0194
14644.8621,-2.2649,-11.5499,-4.2230,-76.0574
14650.7200,-2.2663,-11.5487,-4.2268,-76.0934
14656.5780,-2.2676,-11.5472,-4.2307,-76.1317
14662.4359,-2.2690,-11.5457,-4.2342,-76.1702
14668.2939,-2.2704,-11.5445,-4.2381,-76.2074
14674.1518,-2.2717,-11.5423,-4.2419,-76.2444
14680.0098,-2.2730,-11.5411,-4.2458,-76.2821
14685.8677,-2.2744,-11.5402,-4.2494,-76.3199
14691.7257,-2.2757,-11.5385,-4.2531,-76.3572
14697.5836,-2.2771,-11.5363,-4.2570,-76.3953
14703.4415,-2.2784,-11.5350,-4.2608,-76.4333
14709.2995,-2.2798,-11.5335,-4.2646,-76.4714
14715.1574,-2.2810,-11.5315,-4.2683,-76.5085
14721.0154,-2.2825,-11.5307,-4.2722,-76.5468
14726.8733,-2.2838,-11.5292,-4.2760,-76.5842
14732.7313,-2.2852,-11.5272,-4.2798,-76.6224
14738.5892,-2.2865,-11.5254,-4.2834,-76.6595
14744.4472,-2.2878,-11.5247,-4.2873,-76.6969
14750.3051,-2.2893,-11.5230,-4.2913,-76.7352
14756.1630,-2.2905,-11.5220,-4.2950,-76.7735
14762.0210,-2.2918,-11.5203,-4.2989,-76.8105
14767.8789,-2.2932,-11.5176,-4.3025,-76.8477
14773.7369,-2.2946,-11.5171,-4.3065,-76.8872
14779.5948,-2.2960,-11.5151,-4.3102,-76.9239
14785.4528,-2.2972,-11.5136,-4.3141,-76.9628
14791.3107,-2.2987,-11.5124,-4.3178,-77.0007
14797.1687,-2.3000,-11.5101,-4.3218,-77.0380
14803.0266,-2.3014,-11.5080,-4.3257,-77.0771
14808.8845,-2.3027,-11.5069,-4.3293,-77.1159
14814.7425,-2.3039,-11.5055,-4.3332,-77.1531
14820.6004,-2.3054,-11.5044,-4.3371,-77.1907
14826.4584,-2.3067,-11.5023,-4.3409,-77.2291
14832.3163,-2.3081,-11.5006,-4.3447,-77.2673
14838.1743,-2.3095,-11.4982,-4.3485,-77.3047
14844.0322,-2.3108,-11.4974,-4.3524,-77.3432
14849.8902,-2.3121,-11.4955,-4.3563,-77.3811
14855.7481,-2.3135,-11.4942,-4.3600,-77.4179
14861.6061,-2.3149,-11.4917,-4.3641,-77.4559
14867.4640,-2.3161,-11.4908,-4.3682,-77.4948
14873.3219,-2.3176,-11.4890,-4.3716,-77.5341
14879.1799,-2.3189,-11.4868,-4.3755,-77.5705
14885.0378,-2.3203,-11.4853,-4.3793,-77.6099
14890.8958,-2.3217,-11.4842,-4.3833,-77.6484
14896.7537,-2.3229,-11.4819,-4.3872,-77.6861
14902.6117,-2.3244,-11.4803,-4.3910,-77.7245
14908.4696,-2.3258,-11.4785,-4.3948,-77.7617
14914.3276,-2.3270,-11.4765,-4.3988,-77.8010
14920.1855,-2.3285,-11.4740,-4.4026,-77.8400
14926.0434,-2.3297,-11.4736,-4.4064,-77.8782
14931.9014,-2.3310,-11.4718,-4.4104,-77.9160
14937.7593,-2.3324,-11.4697,-4.4143,-77.9535
14943.6173,-2.3339,-11.4677,-4.4183,-77.9922
14949.4752,-2.3353,-11.4661,-4.4221,-78.0315
14955.3332,-2.3365,-11.4643,-4.4261,-78.0694
14961.1911,-2.3378,-11.4624,-4.4298,-78.1079
14967.0491,-2.3392,-11.4613,-4.4339,-78.1454
14972.9070,-2.3406,-11.4588,-4.4377,-78.1833
14978.7649,-2.3419,-11.4566,-4.4416,-78.2227
14984.6229,-2.3433,-11.4555,-4.4455,-78.2608
14990.4808,-2.3446,-11.4534,-4.4494,-78.3007
14996.3388,-2.3458,-11.4510,-4.4533,-78.3381
15002.1967,-2.3473,-11.4496,-4.4572,-78.3760
15008.0547,-2.3486,-11.4479,-4.4613,-78.4149
15013.9126,-2.3500,-11.4458,-4.4650,-78.4527
15019.7706,-2.3513,-11.4438,-4.4690,-78.4922
15025.6285,-2.3527,-11.4420,-4.4728,-78.5304
15031.4865,-2.3541,-11.4408,-4.4769,-78.5696
15037.3444,-2.3554,-11.4385,-4.4808,-78.6080
15043.2023,-2.3567,-11.4369,-4.4845,-78.6456
15049.0603,-2.3581,-11.4347,-4.4887,-78.6847
15054.9182,-2.3594,-11.4333,-4.4925,-78.7242
15060.7762,-2.3608,-11.4306,-4.4963,-78.7622
15066.6341,-2.3622,-11.4289,-4.5003,-78.8007
15072.4921,-2.3635,-11.4270,-4.5043,-78.8397
15078.3500,-2.3649,-11.4247,-4.5082,-78.8789
15084.2080,-2.3662,-11.4228,-4.5121,-78.9169
15090.0659,-2.3675,-11.4221,-4.5161,-78.9552
15095.9238,-2.3689,-11.4192,-4.5201,-78.9941
15101.7818,-2.3703,-11.4181,-4.5241,-79.0327
15107.6397,-2.3716,-11.4155,-4.5280,-79.0719
15113.4977,-2.3729,-11.4127,-4.5320,-79.1105
15119.3556,-2.3743,-11.4112,-4.5361,-79.1494
15125.2136,-2.3757,-11.4090,-4.5399,-79.1884
15131.0715,-2.3771,-11.4077,-4.5439,-79.2272
15136.9295,-2.3785,-11.4048,-4.5477,-79.2669
15142.7874,-2.3798,-11.4030,-4.5519,-79.3051
15148.6454,-2.3811,-11.4013,-4.5558,-79.3445
15154.5033,-2.3826,-11.3989,-4.5598,-79.3822
15160.3612,-2.3838,-11.3969,-4.5637,-79.4224
15166.2192,-2.3852,-11.3949,-4.5676,-79.4607
15172.0771,-2.3866,-11.3930,-4.5717,-79.4995
15177.9351,-2.3879,-11.3907,-4.5756,-79.5393
15183.7930,-2.3893,-11.3893,-4.5796,-79.5778
15189.6510,-2.3907,-11.3868,-4.5836,-79.6166
15195.5089,-2.3920,-11.3843,-4.5877,-79.6559
15201.3669,-2.3934,-11.3828,-4.5917,-79.6949
15207.2248,-2.3948,-11.3797,-4.5956,-79.7342
15213.0827,-2.3961,-11.3785,-4.5997,-79.7730
15218.9407,-2.3974,-11.3763,-4.6037,-79.8127
15224.7986,-2.3987,-11.3744,-4.6077,-79.8519
15230.6566,-2.4001,-11.3721,-4.6116,-79.8904
15236.5145,-2.4015,-11.3700,-4.6157,-79.9300
15242.3725,-2.4028,-11.3678,-4.6197,-79.9688
15248.2304,-2.4042,-11.3661,-4.6237,-80.0081
15254.0884,-2.4055,-11.3642,-4.6277,-80.0467
15259.9463,-2.4069,-11.3611,-4.6318,-80.0858
15265.8042,-2.4082,-11.3590,-4.6358,-80.1252
15271.6622,-2.4096,-11.3568,-4.6398,-80.1643
15277.5201,-2.4109,-11.3555,-4.6437,-80.2042
15283.3781,-2.4124,-11.3526,-4.6480,-80.2431
15289.2360,-2.4137,-11.3508,-4.6517,-80.2830
15295.0940,-2.4150,-11.3478,-4.6559,-80.3214
15300.9519,-2.4166,-11.3461,-4.6598,-80.3617
15306.8099,-2.4177,-11.3442,-4.6640,-80.4007
15312.6678,-2.4191,-11.3419,-4.6680,-80.4399
15318.5258,-2.4204,-11.3394,-4.6721,-80.4795
15324.3837,-2.4219,-11.3369,-4.6762,-80.5188
15330.2416,-2.4232,-11.3349,-4.6801,-80.5586
15336.0996,-2.4245,-11.3326,-4.6843,-80.5972
15341.9575,-2.4259,-11.3306,-4.6882,-80.6368
15347.8155,-2.4273,-11.3280,-4.6923,-80.6758
15353.6734,-2.4286,-11.3256,-4.6965,-80.7156
15359.5314,-2.4300,-11.3230,-4.7006,-80.7562
15365.3893,-2.4312,-11.3217,-4.7045,-80.7949
15371.2473,-2.4327,-11.3187,-4.7086,-80.8341
15377.1052,-2.4341,-11.3159,-4.7129,-80.8733
15382.9631,-2.4353,-11.3148,-4.7168,-80.9131
15388.8211,-2.4367,-11.3122,-4.7208,-80.9536
15394.6790,-2.4381,-11.3099,-4.7247,-80.9931
15400.5370,-2.4395,-11.3077,-4.7290,-81.0314
15406.3949,-2.4408,-11.3051,-4.7329,-81.0721
15412.2529,-2.4421,-11.3028,-4.7371,-81.1116
15418.1108,-2.4435,-11.3000,-4.7411,-81.1512
15423.9688,-2.4448,-11.2978,-4.7453,-81.1916
15429.8267,-2.4463,-11.2952,-4.7494,-81.2305
15435.6846,-2.4477,-11.2928,-4.7535,-81.2715
15441.5426,-2.4490,-11.2903,-4.7577,-81.3097
15447.4005,-2.4502,-11.2880,-4.7617,-81.3491
15453.2585,-2.4516,-11.2857,-4.7659,-81.3898
15459.1164,-2.4529,-11.2838,-4.7698,-81.4292
15464.9744,-2.4543,-11.2806,-4.7741,-81.4688
15470.8323,-2.4557,-11.2787,-4.7780,-81.5091
15476.6903,-2.4570,-11.2763,-4.7823,-81.5483
15482.5482,-2.4584,-11.2740,-4.7863,-81.5891
15488.4062,-2.4598,-11.2715,-4.7905,-81.6292
15494.2641,-2.4611,-11.2690,-4.7945,-81.6678
15500.1220,-2.4625,-11.2667,-4.7986,-81.7080
15505.9800,-2.4638,-11.2638,-4.8028,-81.7469
15511.8379,-2.4652,-11.2610,-4.8070,-81.7887
15517.6959,-2.4666,-11.2597,-4.8110,-81.8285
15523.5538,-2.4679,-11.2565,-4.8150,-81.8682
15529.4118,-2.4694,-11.2539,-4.8193,-81.9087
15535.2697,-2.4706,-11.2513,-4.8234,-81.9482
15541.1277,-2.4720,-11.2490,-4.8277,-81.9892
15546.9856,-2.4733,-11.2470,-4.8317,-82.0281
15552.8435,-2.4748,-11.2438,-4.8359,-82.0688
15558.7015,-2.4761,-11.2422,-4.8400,-82.1073
15564.5594,-2.4774,-11.2386,-4.8442,-82.1487
15570.4174,-2.4788,-11.2361,-4.8485,-82.1894
15576.2753,-2.4802,-11.2346,-4.8524,-82.2300
15582.1333,-2.4816,-11.2312,-4.8566,-82.2682
15587.9912,-2.4828,-11.2289,-4.8608,-82.3093
15593.8492,-2.4843,-11.2259,-4.8650,-82.3502
15599.7071,-2.4854,-11.2240,-4.8691,-82.3888
15605.5650,-2.4869,-11.2206,-4.8734,-82.4292
15611.4230,-2.4884,-11.2185,-4.8775,-82.4710
15617.2809,-2.4896,-11.2162,-4.8815,-82.5101
15623.1389,-2.4910,-11.2134,-4.8858,-82.5500
15628.9968,-2.4924,-11.2109,-4.8901,-82.5915
15634.8548,-2.4938,-11.2081,-4.8941,-82.6326
15640.7127,-2.4951,-11.2057,-4.8983,-82.6715
15646.5707,-2.4966,-11.2021,-4.9025,-82.7132
15652.4286,-2.4979,-11.1998,-4.9067,-82.7538
15658.2866,-2.4991,-11.1967,-4.9109,-82.7943
15664.1445,-2.5005,-11.1937,-4.9150,-82.8338
15670.0024,-2.5019,-11.1921,-4.9192,-82.8748
15675.8604,-2.5032,-11.1890,-4.9235,-82.9153
15681.7183,-2.5045,-11.1865,-4.9277,-82.9545
15687.5763,-2.5059,-11.1831,-4.9319,-82.9958
15693.4342,-2.5073,-11.1814,-4.9361,-83.0357
15699.2922,-2.5085,-11.1782,-4.9402,-83.0762
15705.1501,-2.5099,-11.1757,-4.9445,-83.1168
15711.0081,-2.5113,-11.1733,-4.9487,-83.1569
15716.8660,-2.5127,-11.1705,-4.9528,-83.1987
15722.7239,-2.5140,-11.1679,-4.9570,-83.2373
15728.5819,-2.5155,-11.1654,-4.9614,-83.2788
15734.4398,-2.5168,-11.1622,-4.9656,-83.3204
15740.2978,-2.5182,-11.1590,-4.9697,-83.3600
15746.1557,-2.5196,-11.1564,-4.9740,-83.4015
15752.0137,-2.5208,-11.1532,-4.9783,-83.4409
15757.8716,-2.5222,-11.1507,-4.9825,-83.4839
15763.7296,-2.5236,-11.1481,-4.9866,-83.5244
15769.5875,-2.5249,-11.1451,-4.9908,-83.5633
15775.4454,-2.5263,-11.1426,-4.9953,-83.6048
15781.3034,-2.5276,-11.1397,-4.9993,-83.6471
15787.1613,-2.5290,-11.1373,-5.0037,-83.6867
15793.0193,-2.5304,-11.1338,-5.0080,-83.7274
15798.8772,-2.5317,-11.1323,-5.0122,-83.7688
15804.7352,-2.5332,-11.1283,-5.0165,-83.8095
15810.5931,-2.5345,-11.1264,-5.0205,-83.8503
15816.4511,-2.5358,-11.1224,-5.0250,-83.8905
15822.3090,-2.5372,-11.1203,-5.0292,-83.9329
15828.1670,-2.5385,-11.1170,-5.0335,-83.9732
15834.0249,-2.5399,-11.1145,-5.0377,-84.0140
15839.8828,-2.5411,-11.1107,-5.0421,-84.0550
15845.7408,-2.5425,-11.1078,-5.0463,-84.0961
15851.5987,-2.5439,-11.1058,-5.0507,-84.1371
15857.4567,-2.5452,-11.1016,-5.0548,-84.1776
15863.3146,-2.5467,-11.1003,-5.0590,-84.2193
15869.1726,-2.5480,-11.0969,-5.0634,-84.2602
15875.0305,-2.5495,-11.0940,-5.0676,-84.3016
15880.8885,-2.5506,-11.0905,-5.0720,-84.3422
15886.7464,-2.5521,-11.0877,-5.0762,-84.3834
15892.6043,-2.5535,-11.0855,-5.0806,-84.4245
15898.4623,-2.5548,-11.0815,-5.0848,-84.4656
15904.3202,-2.5561,-11.0789,-5.0891,-84.5071
15910.1782,-2.5576,-11.0753,-5.0933,-84.5477
15916.0361,-2.5589,-11.0736,-5.0978,-84.5890
15921.8941,-2.5602,-11.0695,-5.1020,-84.6308
15927.7520,-2.5616,-11.0672,-5.1062,-84.6719
15933.6100,-2.5631,-11.0640,-5.1106,-84.7129
15939.4679,-2.5642,-11.0601,-5.1149,-84.7554
15945.3258,-2.5657,-11.0572,-5.1192,-84.7969
15951.1838,-2.5670,-11.0546,-5.1236,-84.8387
15957.0417,-2.5683,-11.0517,-5.1280,-84.8789
15962.8997,-2.5696,-11.0490,-5.1323,-84.9205
15968.7576,-2.5711,-11.0454,-5.1366,-84.9618
15974.6156,-2.5723,-11.0428,-5.1407,-85.0032
15980.4735,-2.5737,-11.0388,-5.1451,-85.0449
15986.3315,-2.5752,-11.0367,-5.1495,-85.0863
15992.1894,-2.5764,-11.0338,-5.1538,-85.1279
15998.0474,-2.5779,-11.0304,-5.1582,-85.1696
16003.9053,-2.5792,-11.0273,-5.1623,-85.2111
16009.7632,-2.5806,-11.0230,-5.1669,-85.2515
16015.6212,-2.5819,-11.0212,-5.1714,-85.2932
16021.4791,-2.5831,-11.0175,-5.1756,-85.3360
16027.3371,-2.5845,-11.0148,-5.1798,-85.3758
16033.1950,-2.5859,-11.0110,-5.1842,-85.4178
16039.0530,-2.5873,-11.0083,-5.1888,-85.4607
16044.9109,-2.5887,-11.0053,-5.1929,-85.5030
16050.7689,-2.5900,-11.0024,-5.1973,-85.5433
16056.6268,-2.5913,-10.9992,-5.2017,-85.5852
16062.4847,-2.5927,-10.9958,-5.2060,-85.6281
16068.3427,-2.5941,-10.9923,-5.2103,-85.6696
16074.2006,-2.5954,-10.9895,-5.2147,-85.7110
16080.0586,-2.5968,-10.9866,-5.2191,-85.7530
16085.9165,-2.5981,-10.9825,-5.2235,-85.7946
16091.7745,-2.5995,-10.9802,-5.2278,-85.8369
16097.6324,-2.6008,-10.9764,-5.2323,-85.8783
16103.4904,-2.6022,-10.9736,-5.2367,-85.9204
16109.3483,-2.6035,-10.9696,-5.2411,-85.9620
16115.2062,-2.6049,-10.9674,-5.2454,-86.0047
16121.0642,-2.6063,-10.9634,-5.2498,-86.0463
16126.9221,-2.6076,-10.9597,-5.2542,-86.0881
16132.7801,-2.6089,-10.9566,-5.2586,-86.1292
16138.6380,-2.6103,-10.9539,-5.2629,-86.1725
16144.4960,-2.6116,-10.9508,-5.2672,-86.2135
16150.3539,-2.6130,-10.9472,-5.2718,-86.2550
16156.2119,-2.6144,-10.9438,-5.2763,-86.2975
16162.0698,-2.6158,-10.9405,-5.2807,-86.3399
16167.9278,-2.6172,-10.9382,-5.2850,-86.3810
16173.7857,-2.6184,-10.9337,-5.2895,-86.4247
16179.6436,-2.6199,-10.9309,-5.2937,-86.4666
16185.5016,-2.6212,-10.9267,-5.2983,-86.5094
16191.3595,-2.6226,-10.9235,-5.3027,-86.5517
16197.2175,-2.6238,-10.9204,-5.3071,-86.5935
16203.0754,-2.6253,-10.9178,-5.3115,-86.6355
16208.9334,-2.6265,-10.9137,-5.3158,-86.6780
16214.7913,-2.6280,-10.9099,-5.3206,-86.7188
16220.6493,-2.6292,-10.9069,-5.3248,-86.7628
16226.5072,-2.6307,-10.9034,-5.3291,-86.8051
16232.3651,-2.6319,-10.9004,-5.3338,-86.8464
16238.2231,-2.6332,-10.8962,-5.3382,-86.8899
16244.0810,-2.6346,-10.8929,-5.3425,-86.9324
16249.9390,-2.6360,-10.8896,-5.3471,-86.9741
16255.7969,-2.6373,-10.8864,-5.3514,-87.0167
16261.6549,-2.6387,-10.8833,-5.3559,-87.0588
16267.5128,-2.6400,-10.8798,-5.3602,-87.1022
16273.3708,-2.6413,-10.8765,-5.3648,-87.1439
16279.2287,-2.6427,-10.8730,-5.3691,-87.1859
16285.0866,-2.6441,-10.8690,-5.3738,-87.2288
16290.9446,-2.6454,-10.8659,-5.3782,-87.2719
16296.8025,-2.6468,-10.8620,-5.3826,-87.3137
16302.6605,-2.6482,-10.8587,-5.3872,-87.3561
16308.5184,-2.6494,-10.8550,-5.3916,-87.3988
16314.3764,-2.6509,-10.8514,-5.3961,-87.4427
16320.2343,-2.6523,-10.8492,-5.4007,-87.4844
16326.0923,-2.6536,-10.8451,-5.4051,-87.5280
16331.9502,-2.6549,-10.8413,-5.4094,-87.5699
16337.8082,-2.6563,-10.8376,-5.4140,-87.6124
16343.6661,-2.6576,-10.8341,-5.4184,-87.6550
16349.5240,-2.6590,-10.8305,-5.4229,-87.6987
16355.3820,-2.6604,-10.8266,-5.4275,-87.7410
16361.2399,-2.6617,-10.8233,-5.4320,-87.7842
16367.0979,-2.6630,-10.8192,-5.4364,-87.8265
16372.9558,-2.6643,-10.8158,-5.4409,-87.8699
16378.8138,-2.6657,-10.8122,-5.4455,-87.9140
16384.6717,-2.6672,-10.8084,-5.4500,-87.9553
16390.5297,-2.6684,-10.8045,-5.4545,-87.9993
16396.3876,-2.6698,-10.8014,-5.4590,-88.0415
16402.2455,-2.6711,-10.7978,-5.4635,-88.0840
16408.1035,-2.6724,-10.7942,-5.4680,-88.1270
16413.9614,-2.6738,-10.7909,-5.4725,-88.1694
16419.8194,-2.6751,-10.7869,-5.4772,-88.2126
16425.6773,-2.6764,-10.7828,-5.4815,-88.2566
16431.5353,-2.6778,-10.7797,-5.4861,-88.3001
16437.3932,-2.6792,-10.7755,-5.4905,-88.3431
16443.2512,-2.6804,-10.7721,-5.4951,-88.3861
16449.1091,-2.6818,-10.7683,-5.4997,-88.4292
16454.9670,-2.6831,-10.7649,-5.5041,-88.4715
16460.8250,-2.6846,-10.7611,-5.5087,-88.5157
16466.6829,-2.6859,-10.7579,-5.5132,-88.5580
16472.5409,-2.6872,-10.7537,-5.5178,-88.6023
16478.3988,-2.6885,-10.7496,-5.5224,-88.6450
16484.2568,-2.6899,-10.7463,-5.5268,-88.6893
16490.1147,-2.6913,-10.7421,-5.5315,-88.7312
16495.9727,-2.6925,-10.7386,-5.5361,-88.7753
16501.8306,-2.6939,-10.7348,-5.5405,-88.8185
16507.6886,-2.6952,-10.7310,-5.5449,-88.8621
16513.5465,-2.6966,-10.7277,-5.5497,-88.9060
16519.4044,-2.6980,-10.7241,-5.5543,-88.9497
16525.2624,-2.6994,-10.7197,-5.5588,-88.9930
16531.1203,-2.7007,-10.7162,-5.5633,-89.0363
16536.9783,-2.7020,-10.7126,-5.5680,-89.0796
16542.8362,-2.7033,-10.7081,-5.5725,-89.1230
16548.6942,-2.7048,-10.7044,-5.5770,-89.1666
16554.5521,-2.7061,-10.7004,-5.5817,-89.2101
16560.4101,-2.7074,-10.6967,-5.5863,-89.2529
16566.2680,-2.7088,-10.6925,-5.5909,-89.2974
16572.1259,-2.7101,-10.6891,-5.5954,-89.3415
16577.9839,-2.7114,-10.6849,-5.6002,-89.3844
16583.8418,-2.7127,-10.6816,-5.6047,-89.4281
16589.6998,-2.7141,-10.6775,-5.6093,-89.4721
16595.5577,-2.7154,-10.6738,-5.6139,-89.5154
16601.4157,-2.7167,-10.6696,-5.6185,-89.5597
16607.2736,-2.7182,-10.6661,-5.6231,-89.6034
16613.1316,-2.7194,-10.6619,-5.6277,-89.6468
16618.9895,-2.7208,-10.6575,-5.6323,-89.6918
16624.8474,-2.7221,-10.6545,-5.6367,-89.7348
16630.7054,-2.7235,-10.6503,-5.6414,-89.7784
16636.5633,-2.7248,-10.6456,-5.6461,-89.8229
16642.4213,-2.7262,-10.6421,-5.6505,-89.8673
16648.2792,-2.7275,-10.6384,-5.6553,-89.9111
16654.1372,-2.7287,-10.6342,-5.6597,-89.9549
16659.9951,-2.7302,-10.6307,-5.6645,-89.9983
16665.8531,-2.7315,-10.6265,-5.6691,-90.0423
16671.7110,-2.7328,-10.6220,-5.6737,-90.0880
16677.5690,-2.7343,-10.6180,-5.6783,-90.1303
16683.4269,-2.7356,-10.6144,-5.6831,-90.1738
16689.2848,-2.7369,-10.6106,-5.6878,-90.2186
16695.1428,-2.7381,-10.6062,-5.6924,-90.2637
16701.0007,-2.7395,-10.6017,-5.6971,-90.3068
16706.8587,-2.7408,-10.5979,-5.7016,-90.3514
16712.7166,-2.7421,-10.5940,-5.7062,-90.3963
16718.5746,-2.7436,-10.5902,-5.7110,-90.4400
16724.4325,-2.7448,-10.5855,-5.7157,-90.4839
16730.2905,-2.7462,-10.5823,-5.7202,-90.5277
16736.1484,-2.7475,-10.5773,-5.7250,-90.5730
16742.0063,-2.7489,-10.5744,-5.7296,-90.6175
16747.8643,-2.7502,-10.5696,-5.7342,-90.6602
16753.7222,-2.7516,-10.5651,-5.7392,-90.7066
16759.5802,-2.7529,-10.5606,-5.7436,-90.7511
16765.4381,-2.7543,-10.5576,-5.7482,-90.7946
16771.2961,-2.7555,-10.5529,-5.7532,-90.8382
16777.1540,-2.7569,-10.5486,-5.7577,-90.8837
16783.0120,-2.7583,-10.5445,-5.7624,-90.9285
16788.8699,-2.7596,-10.5402,-5.7670,-90.9705
16794.7278,-2.7609,-10.5362,-5.7718,-91.0171
16800.5858,-2.7622,-10.5321,-5.7763,-91.0613
16806.4437,-2.7635,-10.5281,-5.7810,-91.1053
16812.3017,-2.7648,-10.5242,-5.7858,-91.1507
16818.1596,-2.7662,-10.5200,-5.7903,-91.1948
16824.0176,-2.7676,-10.5156,-5.7952,-91.2399
16829.8755,-2.7688,-10.5104,-5.7998,-91.2846
16835.7335,-2.7702,-10.5067,-5.8045,-91.3294
16841.5914,-2.7715,-10.5029,-5.8093,-91.3737
16847.4494,-2.7729,-10.4983,-5.8140,-91.4187
16853.3073,-2.7742,-10.4948,-5.8186,-91.4639
16859.1652,-2.7755,-10.4894,-5.8234,-91.5085
16865.0232,-2.7769,-10.4861,-5.8281,-91.5534
16870.8811,-2.7781,-10.4812,-5.8328,-91.5985
16876.7391,-2.7795,-10.4774,-5.8375,-91.6441
16882.5970,-2.7809,-10.4728,-5.8423,-91.6874
16888.4550,-2.7821,-10.4691,-5.8470,-91.7326
16894.3129,-2.7835,-10.4642,-5.8518,-91.7785
16900.1709,-2.7848,-10.4604,-5.8564,-91.8229
16906.0288,-2.7862,-10.4558,-5.8611,-91.8682
16911.8867,-2.7875,-10.4524,-5.8660,-91.9131
16917.7447,-2.7888,-10.4471,-5.8707,-91.9586
16923.6026,-2.7902,-10.4426,-5.8754,-92.0035
16929.4606,-2.7915,-10.4391,-5.8801,-92.0492
16935.3185,-2.7927,-10.4337,-5.8848,-92.0935
16941.1765,-2.7941,-10.4304,-5.8896,-92.1390
16947.0344,-2.7955,-10.4253,-5.8944,-92.1830
16952.8924,-2.7968,-10.4216,-5.8992,-92.2296
16958.7503,-2.7982,-10.4165,-5.9039,-92.2747
16964.6082,-2.7995,-10.4125,-5.9087,-92.3200
16970.4662,-2.8008,-10.4076,-5.9133,-92.3643
16976.3241,-2.8021,-10.4036,-5.9182,-92.4100
16982.1821,-2.8035,-10.3990,-5.9230,-92.4561
16988.0400,-2.8048,-10.3941,-5.9276,-92.5014
16993.8980,-2.8060,-10.3898,-5.9326,-92.5469
16999.7559,-2.8075,-10.3864,-5.9373,-92.5918
17005.6139,-2.8087,-10.3813,-5.9421,-92.6367
17011.4718,-2.8101,-10.3771,-5.9467,-92.6833
17017.3298,-2.8113,-10.3717,-5.9515,-92.7291
17023.1877,-2.8127,-10.3681,-5.9562,-92.7738
17029.0456,-2.8139,-10.3630,-5.9612,-92.8201
17034.9036,-2.8153,-10.3586,-5.9659,-92.8661
17040.7615,-2.8168,-10.3546,-5.9706,-92.9103
17046.6195,-2.8180,-10.3495,-5.9755,-92.9561
17052.4774,-2.8193,-10.3452,-5.9803,-93.0021
17058.3354,-2.8207,-10.3399,-5.9851,-93.0480
17064.1933,-2.8220,-10.3360,-5.9899,-93.0940
17070.0513,-2.8232,-10.3314,-5.9948,-93.1388
17075.9092,-2.8245,-10.3269,-5.9996,-93.1858
17081.7671,-2.8259,-10.3223,-6.0044,-93.2306
17087.6251,-2.8273,-10.3183,-6.0091,-93.2771
17093.4830,-2.8285,-10.3137,-6.0140,-93.3219
17099.3410,-2.8298,-10.3087,-6.0188,-93.3681
17105.1989,-2.8311,-10.3045,-6.0236,-93.4148
17111.0569,-2.8325,-10.2994,-6.0284,-93.4605
17116.9148,-2.8339,-10.2949,-6.0333,-93.5066
17122.7728,-2.8352,-10.2912,-6.0380,-93.5527
17128.6307,-2.8366,-10.2859,-6.0430,-93.5987
17134.4887,-2.8378,-10.2811,-6.0477,-93.6455
17140.3466,-2.8391,-10.2769,-6.0525,-93.6907
17146.2045,-2.8403,-10.2714,-6.0573,-93.7374
17152.0625,-2.8418,-10.2671,-6.0623,-93.7831
17157.9204,-2.8430,-10.2626,-6.0669,-93.8296
17163.7784,-2.8443,-10.2572,-6.0720,-93.8754
17169.6363,-2.8457,-10.2541,-6.0767,-93.9214
17175.4943,-2.8469,-10.2488,-6.0816,-93.9683
17181.3522,-2.8482,-10.2441,-6.0865,-94.0134
17187.2102,-2.8497,-10.2395,-6.0913,-94.0616
17193.0681,-2.8509,-10.2342,-6.0963,-94.1065
17198.9260,-2.8522,-10.2299,-6.1010,-94.1528
17204.7840,-2.8536,-10.2247,-6.1060,-94.1999
17210.6419,-2.8550,-10.2200,-6.1107,-94.2457
17216.4999,-2.8562,-10.2156,-6.1156,-94.2926
17222.3578,-2.8575,-10.2104,-6.1205,-94.3391
17228.2158,-2.8589,-10.2058,-6.1254,-94.3863
17234.0737,-2.8602,-10.2011,-6.1304,-94.4316
17239.9317,-2.8615,-10.1962,-6.1351,-94.4785
17245.7896,-2.8628,-10.1922,-6.1400,-94.5252
17251.6475,-2.8640,-10.1861,-6.1448,-94.5705
17257.5055,-2.8654,-10.1819,-6.1499,-94.6187
17263.3634,-2.8667,-10.1774,-6.1548,-94.6647
17269.2214,-2.8680,-10.1721,-6.1595,-94.7117
17275.0793,-2.8693,-10.1673,-6.1644,-94.7573
17280.9373,-2.8707,-10.1630,-6.1694,-94.8046
17286.7952,-2.8719,-10.1575,-6.1743,-94.8512
17292.6532,-2.8732,-10.1522,-6.1793,-94.8974
17298.5111,-2.8744,-10.1480,-6.1841,-94.9456
17304.3691,-2.8758,-10.1427,-6.1888,-94.9927
17310.2270,-2.8771,-10.1383,-6.1939,-95.0379
17316.0849,-2.8784,-10.1336,-6.1989,-95.0857
17321.9429,-2.8798,-10.1291,-6.2038,-95.1328
17327.8008,-2.8811,-10.1240,-6.2085,-95.1786
17333.6588,-2.8824,-10.1196,-6.2138,-95.2268
17339.5167,-2.8838,-10.1138,-6.2184,-95.2743
17345.3747,-2.8851,-10.1090,-6.2234,-95.3210
17351.2326,-2.8864,-10.1035,-6.2285,-95.3680
17357.0906,-2.8877,-10.0992,-6.2331,-95.4150
17362.9485,-2.8888,-10.0929,-6.2382,-95.4629
17368.8064,-2.8902,-10.0886,-6.2432,-95.5093
17374.6644,-2.8915,-10.0834,-6.2480,-95.5554
17380.5223,-2.8928,-10.0792,-6.2532,-95.6028
17386.3803,-2.8941,-10.0737,-6.2579,-95.6523
17392.2382,-2.8955,-10.0694,-6.2630,-95.6983
17398.0962,-2.8966,-10.0645,-6.2679,-95.7455
17403.9541,-2.8981,-10.0596,-6.2728,-95.7932
17409.8121,-2.8992,-10.0542,-6.2777,-95.8402
17415.6700,-2.9006,-10.0492,-6.2827,-95.8871
17421.5279,-2.9020,-10.0442,-6.2876,-95.9346
17427.3859,-2.9032,-10.0388,-6.2927,-95.9820
17433.2438,-2.9045,-10.0344,-6.2976,-96.0291
17439.1018,-2.9058,-10.0291,-6.3026,-96.0769
17444.9597,-2.9073,-10.0239,-6.3075,-96.1240
17450.8177,-2.9084,-10.0192,-6.3125,-96.1719
17456.6756,-2.9097,-10.0139,-6.3174,-96.2194
17462.5336,-2.9111,-10.0086,-6.3224,-96.2676
17468.3915,-2.9123,-10.0037,-6.3273,-96.3152
17474.2495,-2.9137,-9.9980,-6.3323,-96.3626
17480.1074,-2.9149,-9.9929,-6.3374,-96.4113
17485.9653,-2.9162,-9.9883,-6.3423,-96.4583
17491.8233,-2.9176,-9.9830,-6.3475,-96.5061
17497.6812,-2.9188,-9.9776,-6.3525,-96.5550
17503.5392,-2.9202,-9.9721,-6.3572,-96.6029
17509.3971,-2.9214,-9.9676,-6.3623,-96.6494
17515.2551,-2.9226,-9.9625,-6.3672,-96.6985
17521.1130,-2.9241,-9.9575,-6.3723,-96.7466
17526.9710,-2.9252,-9.9517,-6.3772,-96.7934
17532.8289,-2.9265,-9.9472,-6.3821,-96.8419
17538.6868,-2.9279,-9.9410,-6.3872,-96.8890
17544.5448,-2.9292,-9.9368,-6.3923,-96.9383
17550.4027,-2.9305,-9.9311,-6.3974,-96.9864
17556.2607,-2.9318,-9.9265,-6.4024,-97.0334
17562.1186,-2.9330,-9.9200,-6.4073,-97.0820
17567.9766,-2.9343,-9.9155,-6.4123,-97.1298
17573.8345,-2.9355,-9.9107,-6.4176,-97.1773
17579.6925,-2.9369,-9.9054,-6.4224,-97.2270
17585.5504,-2.9381,-9.9002,-6.4275,-97.2753
17591.4083,-2.9395,-9.8952,-6.4322,-97.3225
17597.2663,-2.9407,-9.8896,-6.4376,-97.3710
17603.1242,-2.9420,-9.8848,-6.4426,-97.4198
17608.9822,-2.9433,-9.8791,-6.4475,-97.4688
17614.8401,-2.9446,-9.8742,-6.4525,-97.5175
17620.6981,-2.9460,-9.8680,-6.4576,-97.5644
17626.5560,-2.9472,-9.8632,-6.4628,-97.6136
17632.4140,-2.9486,-9.8580,-6.4677,-97.6634
17638.2719,-2.9499,-9.8527,-6.4728,-97.7103
17644.1299,-2.9510,-9.8466,-6.4779,-97.7591
17649.9878,-2.9525,-9.8412,-6.4829,-97.8083
17655.8457,-2.9537,-9.8356,-6.4876,-97.8574
17661.7037,-2.9550,-9.8304,-6.4930,-97.9053
17667.5616,-2.9562,-9.8255,-6.4979,-97.9543
17673.4196,-2.9574,-9.8196,-6.5030,-98.0021
17679.2775,-2.9588,-9.8140,-6.5082,-98.0508
17685.1355,-2.9600,-9.8090,-6.5130,-98.1006
17690.9934,-2.9613,-9.8037,-6.5182,-98.1491
17696.8514,-2.9625,-9.7982,-6.5234,-98.1970
17702.7093,-2.9639,-9.7932,-6.5285,-98.2468
17708.5672,-2.9652,-9.7880,-6.5335,-98.2954
17714.4252,-2.9664,-9.7813,-6.5387,-98.3450
17720.2831,-2.9677,-9.7766,-6.5438,-98.3936
17726.1411,-2.9690,-9.7709,-6.5488,-98.4432
17731.9990,-2.9703,-9.7663,-6.5540,-98.4913
17737.8570,-2.9716,-9.7601,-6.5589,-98.5413
17743.7149,-2.9729,-9.7547,-6.5641,-98.5896
17749.5729,-2.9742,-9.7490,-6.5690,-98.6382
17755.4308,-2.9755,-9.7439,-6.5744,-98.6879
17761.2887,-2.9767,-9.7376,-6.5793,-98.7376
17767.1467,-2.9780,-9.7329,-6.5845,-98.7862
17773.0046,-2.9792,-9.7261,-6.5896,-98.8364
17778.8626,-2.9804,-9.7209,-6.5945,-98.8844
17784.7205,-2.9817,-9.7156,-6.5999,-98.9342
17790.5785,-2.9832,-9.7100,-6.6048,-98.9842
17796.4364,-2.9842,-9.7056,-6.6100,-99.0332
17802.2944,-2.9857,-9.6983,-6.6152,-99.0823
17808.1523,-2.9869,-9.6936,-6.6203,-99.1337
17814.0103,-2.9882,-9.6885,-6.6254,-99.1820
17819.8682,-2.9894,-9.6830,-6.6305,-99.2320
17825.7261,-2.9907,-9.6762,-6.6355,-99.2807
17831.5841,-2.9922,-9.6717,-6.6407,-99.3307
17837.4420,-2.9930,-9.6656,-6.6461,-99.3808
17843.3000,-2.9945,-9.6599,-6.6508,-99.4294
17849.1579,-2.9957,-9.6545,-6.6560,-99.4791
17855.0159,-2.9971,-9.6490,-6.6613,-99.5293
17860.8738,-2.9982,-9.6426,-6.6663,-99.5797
17866.7318,-2.9996,-9.6370,-6.6716,-99.6289
17872.5897,-3.0008,-9.6330,-6.6766,-99.6786
17878.4476,-3.0021,-9.6270,-6.6818,-99.7295
17884.3056,-3.0035,-9.6208,-6.6869,-99.7786
17890.1635,-3.0047,-9.6148,-6.6920,-99.8284
17896.0215,-3.0059,-9.6090,-6.6973,-99.8776
17901.8794,-3.0072,-9.6034,-6.7025,-99.9284
17907.7374,-3.0085,-9.5972,-6.7076,-99.9777
17913.5953,-3.0097,-9.5914,-6.7127,-100.0268
17919.4533,-3.0110,-9.5855,-6.7181,-100.0776
17925.3112,-3.0122,-9.5805,-6.7230,-100.1282
17931.1691,-3.0134,-9.5748,-6.7284,-100.1781
17937.0271,-3.0147,-9.5686,-6.7335,-100.2279
17942.8850,-3.0160,-9.5633,-6.7386,-100.2789
17948.7430,-3.0173,-9.5573,-6.7437,-100.3281
17954.6009,-3.0186,-9.5518,-6.7490,-100.3790
17960.4589,-3.0198,-9.5454,-6.7540,-100.4301
17966.3168,-3.0211,-9.5403,-6.7592,-100.4791
17972.1748,-3.0222,-9.5344,-6.7644,-100.5300
17978.0327,-3.0236,-9.5286,-6.7698,-100.5812
17983.8907,-3.0248,-9.5218,-6.7748,-100.6310
17989.7486,-3.0261,-9.5170,-6.7800,-100.6819
17995.6065,-3.0273,-9.5110,-6.7852,-100.7324
18001.4645,-3.0285,-9.5052,-6.7905,-100.7834
18007.3224,-3.0298,-9.4995,-6.7956,-100.8337
18013.1804,-3.0312,-9.4935,-6.8007,-100.8841
18019.0383,-3.0323,-9.4874,-6.8062,-100.9351
18024.8963,-3.0337,-9.4814,-6.8113,-100.9856
18030.7542,-3.0348,-9.4760,-6.8165,-101.0364
18036.6122,-3.0362,-9.4703,-6.8217,-101.0864
18042.4701,-3.0373,-9.4641,-6.8268,-101.1379
18048.3280,-3.0388,-9.4579,-6.8322,-101.1886
18054.1860,-3.0398,-9.4522,-6.8373,-101.2392
18060.0439,-3.0411,-9.4456,-6.8425,-101.2902
18065.9019,-3.0425,-9.4405,-6.8476,-101.3417
18071.7598,-3.0436,-9.4342,-6.8529,-101.3924
18077.6178,-3.0449,-9.4287,-6.8584,-101.4432
18083.4757,-3.0462,-9.4221,-6.8634,-101.4943
18089.3337,-3.0474,-9.4162,-6.8688,-101.5461
18095.1916,-3.0486,-9.4101,-6.8738,-101.5965
18101.0495,-3.0498,-9.4041,-6.8792,-101.6479
18106.9075,-3.0513,-9.3988,-6.8844,-101.6981
18112.7654,-3.0523,-9.3920,-6.8896,-101.7503
18118.6234,-3.0537,-9.3865,-6.8950,-101.8002
18124.4813,-3.0548,-9.3807,-6.9000,-101.8528
18130.3393,-3.0561,-9.3738,-6.9053,-101.9033
18136.1972,-3.0574,-9.3678,-6.9105,-101.9546
18142.0552,-3.0586,-9.3619,-6.9158,-102.0076
18147.9131,-3.0597,-9.3566,-6.9210,-102.0583
18153.7711,-3.0611,-9.3496,-6.9262,-102.1098
18159.6290,-3.0623,-9.3443,-6.9316,-102.1601
18165.4869,-3.0635,-9.3385,-6.9368,-102.2130
18171.3449,-3.0647,-9.3324,-6.9423,-102.2639
18177.2028,-3.0660,-9.3260,-6.9474,-102.3167
18183.0608,-3.0672,-9.3199,-6.9526,-102.3674
18188.9187,-3.0685,-9.3133,-6.9578,-102.4186
18194.7767,-3.0698,-9.3078,-6.9632,-102.4712
18200.6346,-3.0710,-9.3009,-6.9684,-102.5227
18206.4926,-3.0723,-9.2955,-6.9735,-102.5748
18212.3505,-3.0736,-9.2880,-6.9790,-102.6249
18218.2084,-3.0747,-9.2834,-6.9843,-102.6778
18224.0664,-3.0759,-9.2762,-6.9895,-102.7301
18229.9243,-3.0771,-9.2704,-6.9947,-102.7811
18235.7823,-3.0784,-9.2646,-7.0001,-102.8333
18241.6402,-3.0796,-9.2580,-7.0054,-102.8860
18247.4982,-3.0809,-9.2516,-7.0107,-102.9383
18253.3561,-3.0821,-9.2461,-7.0160,-102.9905
18259.2141,-3.0833,-9.2398,-7.0214,-103.0415
18265.0720,-3.0846,-9.2340,-7.0267,-103.0943
18270.9299,-3.0859,-9.2273,-7.0318,-103.1464
18276.7879,-3.0869,-9.2213,-7.0372,-103.1982
18282.6458,-3.0883,-9.2145,-7.0425,-103.2506
18288.5038,-3.0894,-9.2081,-7.0478,-103.3027
18294.3617,-3.0908,-9.2024,-7.0530,-103.3552
18300.2197,-3.0919,-9.1953,-7.0584,-103.4080
18306.0776,-3.0931,-9.1893,-7.0638,-103.4614
18311.9356,-3.0943,-9.1831,-7.0689,-103.5135
18317.7935,-3.0955,-9.1769,-7.0745,-103.5645
18323.6515,-3.0969,-9.1706,-7.0797,-103.6186
18329.5094,-3.0980,-9.1649,-7.0850,-103.6716
18335.3673,-3.0992,-9.1580,-7.0903,-103.7225
18341.2253,-3.1005,-9.1513,-7.0956,-103.7769
18347.0832,-3.1016,-9.1460,-7.1010,-103.8289
18352.9412,-3.1030,-9.1396,-7.1061,-103.8815
18358.7991,-3.1041,-9.1322,-7.1117,-103.9324
18364.6571,-3.1054,-9.1268,-7.1171,-103.9876
18370.5150,-3.1065,-9.1199,-7.1221,-104.0406
18376.3730,-3.1079,-9.1142,-7.1273,-104.0907
18382.2309,-3.1090,-9.1076,-7.1332,-104.1441
18388.0888,-3.1103,-9.1003,-7.1384,-104.1994
18393.9468,-3.1114,-9.0954,-7.1437,-104.2510
18399.8047,-3.1127,-9.0870,-7.1488,-104.3041
18405.6627,-3.1138,-9.0826,-7.1545,-104.3573
18411.5206,-3.1151,-9.0748,-7.1597,-104.4099
18417.3786,-3.1164,-9.0693,-7.1652,-104.4635
18423.2365,-3.1174,-9.0624,-7.1704,-104.5169
18429.0945,-3.1187,-9.0556,-7.1759,-104.5698
18434.9524,-3.1200,-9.0501,-7.1812,-104.6228
18440.8103,-3.1212,-9.0436,-7.1865,-104.6761
18446.6683,-3.1223,-9.0367,-7.1918,-104.7302
18452.5262,-3.1236,-9.0309,-7.1971,-104.7830
18458.3842,-3.1248,-9.0233,-7.2026,-104.8362
18464.2421,-3.1261,-9.0179,-7.2079,-104.8898
18470.1001,-3.1272,-9.0109,-7.2132,-104.9442
18475.9580,-3.1285,-9.0046,-7.2186,-104.9963
18481.8160,-3.1297,-8.9979,-7.2240,-105.0510
18487.6739,-3.1308,-8.9916,-7.2295,-105.1035
18493.5319,-3.1321,-8.9839,-7.2347,-105.1581
18499.3898,-3.1332,-8.9781,-7.2403,-105.2105
18505.2477,-3.1345,-8.9718,-7.2457,-105.2655
18511.1057,-3.1357,-8.9648,-7.2509,-105.3183
18516.9636,-3.1369,-8.9584,-7.2563,-105.3722
18522.8216,-3.1381,-8.9517,-7.2617,-105.4269
18528.6795,-3.1392,-8.9458,-7.2670,-105.4796
18534.5375,-3.1405,-8.9386,-7.2727,-105.5349
18540.3954,-3.1418,-8.9321,-7.2779,-105.5885
18546.2534,-3.1429,-8.9256,-7.2833,-105.6420
18552.1113,-3.1441,-8.9183,-7.2889,-105.6964
18557.9692,-3.1453,-8.9127,-7.2941,-105.7526
18563.8272,-3.1466,-8.9056,-7.2997,-105.8053
18569.6851,-3.1477,-8.8989,-7.3050,-105.8584
18575.5431,-3.1489,-8.8923,-7.3104,-105.9140
18581.4010,-3.1501,-8.8857,-7.3157,-105.9677
18587.2590,-3.1513,-8.8793,-7.3213,-106.0210
18593.1169,-3.1526,-8.8726,-7.3267,-106.0751
18598.9749,-3.1537,-8.8656,-7.3320,-106.1302
18604.8328,-3.1549,-8.8589,-7.3372,-106.1847
18610.6907,-3.1561,-8.8521,-7.3428,-106.2399
18616.5487,-3.1573,-8.8455,-7.3483,-106.2926
18622.4066,-3.1585,-8.8387,-7.3536,-106.3481
18628.2646,-3.1597,-8.8317,-7.3591,-106.4027
18634.1225,-3.1608,-8.8250,-7.3645,-106.4581
18639.9805,-3.1620,-8.8187,-7.3700,-106.5119
18645.8384,-3.1632,-8.8124,-7.3756,-106.5653
18651.6964,-3.1644,-8.8052,-7.3808,-106.6212
18657.5543,-3.1657,-8.7982,-7.3863,-106.6759
18663.4123,-3.1667,-8.7918,-7.3918,-106.7306
18669.2702,-3.1680,-8.7844,-7.3972,-106.7843
18675.1281,-3.1691,-8.7789,-7.4026,-106.8391
18680.9861,-3.1703,-8.7710,-7.4081,-106.8953
18686.8440,-3.1715,-8.7648,-7.4134,-106.9500
18692.7020,-3.1727,-8.7577,-7.4190,-107.0058
18698.5599,-3.1739,-8.7507,-7.4244,-107.0597
18704.4179,-3.1750,-8.7443,-7.4298,-107.1143
18710.2758,-3.1762,-8.7364,-7.4354,-107.1718
18716.1338,-3.1775,-8.7306,-7.4405,-107.2261
18721.9917,-3.1786,-8.7237,-7.4460,-107.2809
18727.8496,-3.1799,-8.7168,-7.4516,-107.3366
18733.7076,-3.1809,-8.7094,-7.4571,-107.3926
18739.5655,-3.1821,-8.7030,-7.4626,-107.4464
18745.4235,-3.1833,-8.6961,-7.4679,-107.5017
18751.2814,-3.1845,-8.6887,-7.4736,-107.5589
18757.1394,-3.1857,-8.6827,-7.4789,-107.6135
18762.9973,-3.1869,-8.6755,-7.4844,-107.6680
18768.8553,-3.1880,-8.6686,-7.4899,-107.7240
18774.7132,-3.1892,-8.6616,-7.4953,-107.7803
18780.5711,-3.1903,-8.6545,-7.5009,-107.8344
18786.4291,-3.1916,-8.6476,-7.5063,-107.8920
18792.2870,-3.1927,-8.6403,-7.5116,-107.9462
18798.1450,-3.1939,-8.6334,-7.5172,-108.0007
18804.0029,-3.1950,-8.6265,-7.5229,-108.0587
18809.8609,-3.1962,-8.6193,-7.5282,-108.1135
18815.7188,-3.1974,-8.6130,-7.5337,-108.1686
18821.5768,-3.1984,-8.6056,-7.5393,-108.2268
18827.4347,-3.1997,-8.5992,-7.5446,-108.2822
18833.2927,-3.2008,-8.5920,-7.5502,-108.3371
18839.1506,-3.2021,-8.5851,-7.5557,-108.3943
18845.0085,-3.2032,-8.5779,-7.5612,-108.4503
18850.8665,-3.2044,-8.5708,-7.5666,-108.5057
18856.7244,-3.2055,-8.5639,-7.5721,-108.5621
18862.5824,-3.2068,-8.5565,-7.5774,-108.6191
18868.4403,-3.2080,-8.5500,-7.5831,-108.6745
18874.2983,-3.2090,-8.5425,-7.5887,-108.7309
18880.1562,-3.2102,-8.5354,-7.5943,-108.7874
18886.0142,-3.2114,-8.5285,-7.5997,-108.8444
18891.8721,-3.2125,-8.5215,-7.6052,-108.9004
18897.7300,-3.2137,-8.5142,-7.6106,-108.9565
18903.5880,-3.2149,-8.5065,-7.6162,-109.0132
18909.4459,-3.2161,-8.4998,-7.6216,-109.0689
18915.3039,-3.2171,-8.4926,-7.6271,-109.1262
18921.1618,-3.2183,-8.4851,-7.6328,-109.1821
18927.0198,-3.2195,-8.4783,-7.6382,-109.2405
18932.8777,-3.2206,-8.4712,-7.6436,-109.2968
18938.7357,-3.2218,-8.4639,-7.6491,-109.3524
18944.5936,-3.2229,-8.4566,-7.6550,-109.4108
18950.4515,-3.2240,-8.4495,-7.6603,-109.4679
18956.3095,-3.2253,-8.4429,-7.6659,-109.5245
18962.1674,-3.2263,-8.4361,-7.6714,-109.5807
18968.0254,-3.2275,-8.4283,-7.6769,-109.6390
18973.8833,-3.2286,-8.4212,-7.6826,-109.6953
18979.7413,-3.2298,-8.4134,-7.6879,-109.7523
18985.5992,-3.2310,-8.4067,-7.6934,-109.8090
18991.4572,-3.2321,-8.4001,-7.6990,-109.8660
18997.3151,-3.2332,-8.3925,-7.7047,-109.9242
19003.1731,-3.2344,-8.3847,-7.7101,-109.9810
19009.0310,-3.2355,-8.3778,-7.7156,-110.0391
19014.8889,-3.2367,-8.3699,-7.7213,-110.0937
19020.7469,-3.2377,-8.3634,-7.7268,-110.1539
19026.6048,-3.2391,-8.3558,-7.7323,-110.2112
19032.4628,-3.2401,-8.3495,-7.7377,-110.2671
19038.3207,-3.2413,-8.3411,-7.7435,-110.3259
19044.1787,-3.2424,-8.3339,-7.7488,-110.3824
19050.0366,-3.2435,-8.3261,-7.7547,-110.4408
19055.8946,-3.2447,-8.3194,-7.7601,-110.4993
19061.7525,-3.2457,-8.3120,-7.7655,-110.5569
19067.6104,-3.2469,-8.3053,-7.7712,-110.6137
19073.4684,-3.2480,-8.2971,-7.7768,-110.6729
19079.3263,-3.2492,-8.2908,-7.7823,-110.7295
19085.1843,-3.2502,-8.2833,-7.7877,-110.7883
19091.0422,-3.2514,-8.2752,-7.7935,-110.8457
19096.9002,-3.2525,-8.2693,-7.7988,-110.9035
19102.7581,-3.2536,-8.2604,-7.8046,-110.9620
19108.6161,-3.2550,-8.2541,-7.8102,-111.0199
19114.4740,-3.2559,-8.2456,-7.8157,-111.0785
19120.3320,-3.2571,-8.2389,-7.8212,-111.1366
19126.1899,-3.2582,-8.2319,-7.8267,-111.1948
19132.0478,-3.2595,-8.2239,-7.8325,-111.2528
19137.9058,-3.2605,-8.2176,-7.8380,-111.3115
19143.7637,-3.2616,-8.2082,-7.8435,-111.3695
19149.6217,-3.2627,-8.2020,-7.8490,-111.4281
19155.4796,-3.2638,-8.1943,-7.8547,-111.4851
19161.3376,-3.2649,-8.1866,-7.8604,-111.5449
19167.1955,-3.2661,-8.1795,-7.8658,-111.6042
19173.0535,-3.2673,-8.1715,-7.8713,-111.6612
19178.9114,-3.2682,-8.1650,-7.8770,-111.7205
19184.7693,-3.2695,-8.1568,-7.8825,-111.7803
19190.6273,-3.2706,-8.1502,-7.8881,-111.8377
19196.4852,-3.2717,-8.1427,-7.8938,-111.8967
19202.3432,-3.2728,-8.1342,-7.8991,-111.9561
19208.2011,-3.2739,-8.1276,-7.9047,-112.0155
19214.0591,-3.2751,-8.1197,-7.9105,-112.0738
19219.9170,-3.2761,-8.1120,-7.9160,-112.1337
19225.7750,-3.2773,-8.1043,-7.9217,-112.1924
19231.6329,-3.2784,-8.0966,-7.9272,-112.2511
19237.4908,-3.2795,-8.0894,-7.9329,-112.3108
19243.3488,-3.2806,-8.0812,-7.9385,-112.3688
19249.2067,-3.2818,-8.0741,-7.9441,-112.4295
19255.0647,-3.2829,-8.0669,-7.9497,-112.4881
19260.9226,-3.2839,-8.0587,-7.9551,-112.5469
19266.7806,-3.2850,-8.0512,-7.9609,-112.6061
19272.6385,-3.2861,-8.0436,-7.9664,-112.6655
19278.4965,-3.2872,-8.0366,-7.9720,-112.7249
19284.3544,-3.2883,-8.0277,-7.9778,-112.7849
19290.2124,-3.2893,-8.0207,-7.9832,-112.8445
19296.0703,-3.2906,-8.0132,-7.9888,-112.9046
19301.9282,-3.2916,-8.0056,-7.9944,-112.9631
19307.7862,-3.2927,-7.9976,-8.0002,-113.0237
19313.6441,-3.2939,-7.9903,-8.0058,-113.0848
19319.5021,-3.2950,-7.9833,-8.0112,-113.1445
19325.3600,-3.2961,-7.9758,-8.0169,-113.2028
19331.2180,-3.2970,-7.9672,-8.0225,-113.2639
19337.0759,-3.2984,-7.9604,-8.0282,-113.3229
19342.9339,-3.2992,-7.9520,-8.0337,-113.3828
19348.7918,-3.3005,-7.9437,-8.0395,-113.4439
19354.6497,-3.3016,-7.9368,-8.0449,-113.5035
19360.5077,-3.3026,-7.9287,-8.0506,-113.5639
19366.3656,-3.3038,-7.9213,-8.0564,-113.6224
19372.2236,-3.3048,-7.9129,-8.0620,-113.6849
19378.0815,-3.3060,-7.9060,-8.0675,-113.7447
19383.9395,-3.3070,-7.8976,-8.0732,-113.8039
19389.7974,-3.3081,-7.8897,-8.0789,-113.8651
19395.6554,-3.3091,-7.8825,-8.0845,-113.9248
19401.5133,-3.3102,-7.8742,-8.0903,-113.9855
19407.3712,-3.3114,-7.8665,-8.0956,-114.0468
19413.2292,-3.3125,-7.8590,-8.1013,-114.1067
19419.0871,-3.3135,-7.8517,-8.1070,-114.1673
19424.9451,-3.3145,-7.8422,-8.1126,-114.2290
19430.8030,-3.3156,-7.8364,-8.1181,-114.2880
19436.6610,-3.3166,-7.8279,-8.1237,-114.3495
19442.5189,-3.3178,-7.8207,-8.1293,-114.4105
19448.3769,-3.3189,-7.8124,-8.1350,-114.4700
19454.2348,-3.3199,-7.8051,-8.1406,-114.5323
19460.0928,-3.3211,-7.7969,-8.1462,-114.5925
19465.9507,-3.3220,-7.7889,-8.1519,-114.6542
19471.8086,-3.3232,-7.7812,-8.1574,-114.7150
19477.6666,-3.3244,-7.7730,-8.1632,-114.7755
19483.5245,-3.3254,-7.7646,-8.1691,-114.8376
19489.3825,-3.3264,-7.7573,-8.1744,-114.8996
19495.2404,-3.3275,-7.7497,-8.1802,-114.9601
19501.0984,-3.3286,-7.7416,-8.1858,-115.0224
19506.9563,-3.3296,-7.7331,-8.1913,-115.0838
19512.8143,-3.3307,-7.7253,-8.1972,-115.1436
19518.6722,-3.3318,-7.7175,-8.2029,-115.2078
19524.5301,-3.3327,-7.7099,-8.2082,-115.2681
19530.3881,-3.3340,-7.7025,-8.2140,-115.3289
19536.2460,-3.3350,-7.6944,-8.2198,-115.3925
19542.1040,-3.3361,-7.6858,-8.2252,-115.4531
19547.9619,-3.3372,-7.6783,-8.2312,-115.5153
19553.8199,-3.3382,-7.6702,-8.2366,-115.5765
19559.6778,-3.3393,-7.6619,-8.2424,-115.6396
19565.5358,-3.3403,-7.6538,-8.2481,-115.7006
19571.3937,-3.3413,-7.6463,-8.2536,-115.7631
19577.2516,-3.3424,-7.6381,-8.2594,-115.8235
19583.1096,-3.3433,-7.6303,-8.2652,-115.8872
19588.9675,-3.3445,-7.6225,-8.2706,-115.9490
19594.8255,-3.3456,-7.6148,-8.2763,-116.0105
19600.6834,-3.3467,-7.6069,-8.2821,-116.0724
19606.5414,-3.3478,-7.5979,-8.2876,-116.1364
19612.3993,-3.3488,-7.5901,-8.2930,-116.1971
19618.2573,-3.3499,-7.5820,-8.2990,-116.2605
19624.1152,-3.3508,-7.5738,-8.3045,-116.3225
19629.9732,-3.3519,-7.5651,-8.3104,-116.3851
19635.8311,-3.3531,-7.5579,-8.3159,-116.4489
19641.6890,-3.3541,-7.5496,-8.3215,-116.5103
19647.5470,-3.3551,-7.5414,-8.3273,-116.5716
19653.4049,-3.3561,-7.5331,-8.3329,-116.6359
19659.2629,-3.3572,-7.5254,-8.3387,-116.6986
19665.1208,-3.3581,-7.5170,-8.3442,-116.7615
19670.9788,-3.3592,-7.5090,-8.3498,-116.8227
19676.8367,-3.3603,-7.5009,-8.3557,-116.8876
19682.6947,-3.3613,-7.4930,-8.3610,-116.9494
19688.5526,-3.3623,-7.4846,-8.3670,-117.0126
19694.4105,-3.3635,-7.4767,-8.3724,-117.0775
19700.2685,-3.3645,-7.4685,-8.3781,-117.1382
19706.1264,-3.3654,-7.4599,-8.3842,-117.2021
19711.9844,-3.3666,-7.4523,-8.3895,-117.2675
19717.8423,-3.3676,-7.4439,-8.3951,-117.3277
19723.7003,-3.3686,-7.4356,-8.4012,-117.3925
19729.5582,-3.3697,-7.4270,-8.4067,-117.4568
19735.4162,-3.3706,-7.4194,-8.4122,-117.5189
19741.2741,-3.3717,-7.4107,-8.4182,-117.5810
19747.1320,-3.3726,-7.4030,-8.4238,-117.6467
19752.9900,-3.3738,-7.3946,-8.4292,-117.7103
19758.8479,-3.3748,-7.3861,-8.4349,-117.7726
19764.7059,-3.3758,-7.3776,-8.4409,-117.8364
19770.5638,-3.3768,-7.3704,-8.4462,-117.9008
19776.4218,-3.3778,-7.3614,-8.4520,-117.9644
19782.2797,-3.3790,-7.3544,-8.4577,-118.0279
19788.1377,-3.3798,-7.3454,-8.4634,-118.0928
19793.9956,-3.3810,-7.3370,-8.4688,-118.1555
19799.8536,-3.3819,-7.3289,-8.4747,-118.2206
19805.7115,-3.3830,-7.3205,-8.4804,-118.2833
19811.5694,-3.3840,-7.3124,-8.4860,-118.3495
19817.4274,-3.3851,-7.3033,-8.4917,-118.4119
19823.2853,-3.3862,-7.2958,-8.4972,-118.4775
19829.1433,-3.3871,-7.2870,-8.5031,-118.5414
19835.0012,-3.3881,-7.2787,-8.5087,-118.6059
19840.8592,-3.3891,-7.2704,-8.5143,-118.6705
19846.7171,-3.3901,-7.2622,-8.5201,-118.7346
19852.5751,-3.3912,-7.2533,-8.5258,-118.8008
19858.4330,-3.3922,-7.2454,-8.5314,-118.8650
19864.2909,-3.3931,-7.2371,-8.5371,-118.9281
19870.1489,-3.3942,-7.2288,-8.5428,-118.9948
19876.0068,-3.3951,-7.2205,-8.5483,-119.0576
19881.8648,-3.3962,-7.2117,-8.5542,-119.1225
19887.7227,-3.3970,-7.2034,-8.5599,-119.1893
19893.5807,-3.3981,-7.1945,-8.5655,-119.2534
19899.4386,-3.3992,-7.1875,-8.5713,-119.3185
19905.2966,-3.4001,-7.1784,-8.5768,-119.3838
19911.1545,-3.4012,-7.1698,-8.5826,-119.4485
19917.0124,-3.4022,-7.1618,-8.5885,-119.5142
19922.8704,-3.4033,-7.1534,-8.5939,-119.5799
19928.7283,-3.4042,-7.1453,-8.5995,-119.6436
19934.5863,-3.4053,-7.1365,-8.6054,-119.7093
19940.4442,-3.4062,-7.1280,-8.6111,-119.7746
19946.3022,-3.4071,-7.1199,-8.6167,-119.8401
19952.1601,-3.4082,-7.1110,-8.6224,-119.9054
19958.0181,-3.4091,-7.1026,-8.6281,-119.9702
19963.8760,-3.4103,-7.0943,-8.6339,-120.0371
19969.7340,-3.4112,-7.0856,-8.6395,-120.1033
19975.5919,-3.4123,-7.0767,-8.6451,-120.1679
19981.4498,-3.4133,-7.0680,-8.6509,-120.2332
19987.3078,-3.4142,-7.0599,-8.6565,-120.3009
19993.1657,-3.4152,-7.0508,-8.6619,-120.3658
19999.0237,-3.4162,-7.0421,-8.6677,-120.4313
20004.8816,-3.4171,-7.0347,-8.6736,-120.4977
20010.7396,-3.4180,-7.0253,-8.6792,-120.5643
20016.5975,-3.4191,-7.0174,-8.6848,-120.6295
20022.4555,-3.4201,-7.0081,-8.6906,-120.6955
20028.3134,-3.4210,-7.0003,-8.6963,-120.7620
20034.1713,-3.4221,-6.9909,-8.7020,-120.8282
20040.0293,-3.4231,-6.9831,-8.7076,-120.8949
20045.8872,-3.4240,-6.9744,-8.7133,-120.9606
20051.7452,-3.4250,-6.9660,-8.7190,-121.0278
20057.6031,-3.4260,-6.9569,-8.7245,-121.0950
20063.4611,-3.4270,-6.9488,-8.7302,-121.1606
20069.3190,-3.4279,-6.9402,-8.7360,-121.2274
20075.1770,-3.4290,-6.9311,-8.7417,-121.2950
20081.0349,-3.4299,-6.9224,-8.7473,-121.3609
20086.8928,-3.4308,-6.9139,-8.7530,-121.4276
20092.7508,-3.4318,-6.9044,-8.7588,-121.4944
20098.6087,-3.4327,-6.8965,-8.7644,-121.5630
20104.4667,-3.4337,-6.8875,-8.7702,-121.6297
20110.3246,-3.4348,-6.8796,-8.7755,-121.6960
20116.1826,-3.4357,-6.8709,-8.7815,-121.7628
20122.0405,-3.4366,-6.8617,-8.7870,-121.8304
20127.8985,-3.4375,-6.8536,-8.7927,-121.8981
20133.7564,-3.4385,-6.8447,-8.7983,-121.9644
20139.6144,-3.4394,-6.8365,-8.8040,-122.0316
20145.4723,-3.4404,-6.8269,-8.8099,-122.0980
20151.3302,-3.4414,-6.8188,-8.8155,-122.1685
20157.1882,-3.4424,-6.8099,-8.8210,-122.2350
20163.0461,-3.4433,-6.8011,-8.8268,-122.3011
20168.9041,-3.4442,-6.7924,-8.8326,-122.3700
20174.7620,-3.4454,-6.7848,-8.8382,-122.4385
20180.6200,-3.4462,-6.7760,-8.8439,-122.5065
20186.4779,-3.4473,-6.7665,-8.8495,-122.5739
20192.3359,-3.4482,-6.7573,-8.8552,-122.6417
20198.1938,-3.4491,-6.7498,-8.8610,-122.7098
20204.0517,-3.4501,-6.7404,-8.8665,-122.7770
20209.9097,-3.4511,-6.7308,-8.8722,-122.8459
20215.7676,-3.4521,-6.7226,-8.8777,-122.9130
20221.6256,-3.4529,-6.7137,-8.8835,-122.9813
20227.4835,-3.4538,-6.7042,-8.8892,-123.0499
20233.3415,-3.4549,-6.6961,-8.8947,-123.1188
20239.1994,-3.4556,-6.6874,-8.9005,-123.1861
20245.0574,-3.4568,-6.6780,-8.9061,-123.2552
20250.9153,-3.4576,-6.6689,-8.9118,-123.3229
20256.7732,-3.4586,-6.6602,-8.9176,-123.3916
20262.6312,-3.4595,-6.6521,-8.9231,-123.4602
20268.4891,-3.4604,-6.6419,-8.9286,-123.5284
20274.3471,-3.4614,-6.6345,-8.9347,-123.5970
20280.2050,-3.4622,-6.6242,-8.9400,-123.6669
20286.0630,-3.4632,-6.6159,-8.9457,-123.7343
20291.9209,-3.4641,-6.6071,-8.9515,-123.8039
20297.7789,-3.4650,-6.5983,-8.9572,-123.8742
20303.6368,-3.4660,-6.5896,-8.9627,-123.9430
20309.4948,-3.4671,-6.5810,-8.9686,-124.0113
20315.3527,-3.4678,-6.5722,-8.9743,-124.0802
20321.2106,-3.4688,-6.5629,-8.9798,-124.1509
20327.0686,-3.4696,-6.5541,-8.9854,-124.2202
20332.9265,-3.4706,-6.5450,-8.9911,-124.2886
20338.7845,-3.4715,-6.5365,-8.9969,-124.3575
20344.6424,-3.4725,-6.5270,-9.0025,-124.4282
20350.5004,-3.4735,-6.5188,-9.0077,-124.4972
20356.3583,-3.4743,-6.5094,-9.0134,-124.5674
20362.2163,-3.4753,-6.5005,-9.0194,-124.6355
20368.0742,-3.4763,-6.4913,-9.0248,-124.7068
20373.9321,-3.4771,-6.4829,-9.0303,-124.7756
20379.7901,-3.4781,-6.4732,-9.0360,-124.8461
20385.6480,-3.4788,-6.4641,-9.0420,-124.9160
20391.5060,-3.4799,-6.4547,-9.0474,-124.9861
20397.3639,-3.4807,-6.4466,-9.0532,-125.0563
20403.2219,-3.4816,-6.4364,-9.0588,-125.1253
20409.0798,-3.4827,-6.4286,-9.0645,-125.1965
20414.9378,-3.4835,-6.4193,-9.0701,-125.2666
20420.7957,-3.4845,-6.4104,-9.0756,-125.3363
20426.6536,-3.4853,-6.4008,-9.0814,-125.4070
20432.5116,-3.4862,-6.3926,-9.0868,-125.4762
20438.3695,-3.4871,-6.3833,-9.0926,-125.5475
20444.2275,-3.4880,-6.3742,-9.0984,-125.6170
20450.0854,-3.4889,-6.3654,-9.1038,-125.6893
20455.9434,-3.4897,-6.3561,-9.1096,-125.7574
20461.8013,-3.4907,-6.3472,-9.1151,-125.8292
20467.6593,-3.4917,-6.3383,-9.1210,-125.9003
20473.5172,-3.4926,-6.3290,-9.1263,-125.9715
20479.3752,-3.4934,-6.3190,-9.1320,-126.0426
20485.2331,-3.4943,-6.3098,-9.1376,-126.1120
20491.0910,-3.4953,-6.3014,-9.1434,-126.1852
20496.9490,-3.4961,-6.2922,-9.1488,-126.2567
20502.8069,-3.4971,-6.2832,-9.1543,-126.3273
20508.6649,-3.4980,-6.2742,-9.1601,-126.3977
20514.5228,-3.4987,-6.2649,-9.1658,-126.4689
20520.3808,-3.4997,-6.2562,-9.1714,-126.5417
20526.2387,-3.5005,-6.2473,-9.1766,-126.6127
20532.0967,-3.5014,-6.2374,-9.1824,-126.6829
20537.9546,-3.5023,-6.2282,-9.1882,-126.7561
20543.8125,-3.5033,-6.2186,-9.1936,-126.8265
20549.6705,-3.5041,-6.2094,-9.1992,-126.8975
20555.5284,-3.5049,-6.2007,-9.2050,-126.9708
20561.3864,-3.5059,-6.1918,-9.2104,-127.0426
20567.2443,-3.5068,-6.1826,-9.2162,-127.1126
20573.1023,-3.5076,-6.1728,-9.2218,-127.1861
20578.9602,-3.5084,-6.1642,-9.2273,-127.2581
20584.8182,-3.5093,-6.1554,-9.2330,-127.3282
20590.6761,-3.5103,-6.1456,-9.2388,-127.4027
20596.5340,-3.5111,-6.1366,-9.2441,-127.4742
20602.3920,-3.5121,-6.1267,-9.2498,-127.5461
20608.2499,-3.5128,-6.1172,-9.2553,-127.6184
20614.1079,-3.5137,-6.1086,-9.2609,-127.6908
20619.9658,-3.5145,-6.0994,-9.2666,-127.7647
20625.8238,-3.5156,-6.0905,-9.2719,-127.8363
20631.6817,-3.5163,-6.0805,-9.2775,-127.9101
20637.5397,-3.5172,-6.0715,-9.2832,-127.9808
20643.3976,-3.5181,-6.0628,-9.2886,-128.0541
20649.2556,-3.5190,-6.0528,-9.2944,-128.1273
20655.1135,-3.5198,-6.0435,-9.2998,-128.1999
20660.9714,-3.5207,-6.0338,-9.3056,-128.2722
20666.8294,-3.5215,-6.0249,-9.3110,-128.3443
20672.6873,-3.5224,-6.0154,-9.3167,-128.4185
20678.5453,-3.5232,-6.0063,-9.3223,-128.4902
20684.4032,-3.5241,-5.9973,-9.3280,-128.5641
20690.2612,-3.5249,-5.9879,-9.3334,-128.6368
20696.1191,-3.5258,-5.9785,-9.3389,-128.7111
20701.9771,-3.5266,-5.9691,-9.3444,-128.7841
20707.8350,-3.5275,-5.9601,-9.3500,-128.8581
20713.6929,-3.5284,-5.9499,-9.3556,-128.9310
20719.5509,-3.5292,-5.9410,-9.3611,-129.0056
20725.4088,-3.5300,-5.9319,-9.3667,-129.0791
20731.2668,-3.5310,-5.9219,-9.3720,-129.1526
20737.1247,-3.5316,-5.9129,-9.3780,-129.2245
20742.9827,-3.5326,-5.9031,-9.3833,-129.3009
20748.8406,-3.5334,-5.8948,-9.3888,-129.3733
20754.6986,-3.5342,-5.8847,-9.3942,-129.4461
20760.5565,-3.5351,-5.8757,-9.4001,-129.5211
20766.4144,-3.5359,-5.8658,-9.4053,-129.5944
20772.2724,-3.5368,-5.8564,-9.4108,-129.6700
20778.1303,-3.5374,-5.8477,-9.4164,-129.7428
20783.9883,-3.5385,-5.8372,-9.4221,-129.8184
20789.8462,-3.5393,-5.8282,-9.4275,-129.8924
20795.7042,-3.5400,-5.8186,-9.4330,-129.9670
20801.5621,-3.5410,-5.8090,-9.4386,-130.0407
20807.4201,-3.5417,-5.8002,-9.4439,-130.1160
20813.2780,-3.5426,-5.7906,-9.4495,-130.1910
20819.1360,-3.5434,-5.7818,-9.4551,-130.2647
20824.9939,-3.5443,-5.7709,-9.4606,-130.3410
20830.8518,-3.5450,-5.7620,-9.4660,-130.4155
20836.7098,-3.5458,-5.7527,-9.4716,-130.4895
20842.5677,-3.5467,-5.7433,-9.4771,-130.5651
20848.4257,-3.5476,-5.7334,-9.4825,-130.6402
20854.2836,-3.5484,-5.7244,-9.4880,-130.7141
20860.1416,-3.5492,-5.7141,-9.4936,-130.7893
20865.9995,-3.5500,-5.7046,-9.4992,-130.8641
20871.8575,-3.5507,-5.6957,-9.5048,-130.9411
20877.7154,-3.5516,-5.6864,-9.5101,-131.0158
20883.5733,-3.5524,-5.6761,-9.5154,-131.0908
20889.4313,-3.5533,-5.6665,-9.5212,-131.1667
20895.2892,-3.5539,-5.6568,-9.5265,-131.2425
20901.1472,-3.5549,-5.6468,-9.5322,-131.3181
20907.0051,-3.5556,-5.6382,-9.5374,-131.3949
20912.8631,-3.5565,-5.6284,-9.5427,-131.4703
20918.7210,-3.5573,-5.6188,-9.5484,-131.5451
20924.5790,-3.5581,-5.6091,-9.5538,-131.6216
20930.4369,-3.5588,-5.6002,-9.5592,-131.6974
20936.2948,-3.5596,-5.5905,-9.5648,-131.7737
20942.1528,-3.5605,-5.5809,-9.5701,-131.8504
20948.0107,-3.5614,-5.5711,-9.5755,-131.9244
20953.8687,-3.5621,-5.5617,-9.5811,-132.0013
20959.7266,-3.5628,-5.5512,-9.5865,-132.0776
20965.5846,-3.5636,-5.5425,-9.5919,-132.1548
20971.4425,-3.5644,-5.5331,-9.5974,-132.2297
20977.3005,-3.5652,-5.5223,-9.6026,-132.3060
20983.1584,-3.5661,-5.5131,-9.6085,-132.3829
20989.0164,-3.5668,-5.5033,-9.6137,-132.4614
20994.8743,-3.5676,-5.4943,-9.6190,-132.5373
21000.7322,-3.5684,-5.4841,-9.6244,-132.6128
21006.5902,-3.5694,-5.4748,-9.6300,-132.6910
21012.4481,-3.5699,-5.4648,-9.6354,-132.7657
21018.3061,-3.5707,-5.4546,-9.6409,-132.8439
21024.1640,-3.5715,-5.4455,-9.6462,-132.9210
21030.0220,-3.5723,-5.4359,-9.6515,-132.9988
21035.8799,-3.5731,-5.4262,-9.6574,-133.0746
21041.7379,-3.5739,-5.4159,-9.6623,-133.1523
21047.5958,-3.5747,-5.4065,-9.6680,-133.2305
21053.4537,-3.5754,-5.3968,-9.6733,-133.3080
21059.3117,-3.5761,-5.3878,-9.6786,-133.3843
21065.1696,-3.5771,-5.3772,-9.6839,-133.4618
21071.0276,-3.5777,-5.3680,-9.6892,-133.5411
21076.8855,-3.5786,-5.3582,-9.6944,-133.6175
21082.7435,-3.5791,-5.3480,-9.7000,-133.6949
21088.6014,-3.5800,-5.3381,-9.7052,-133.7726
21094.4594,-3.5808,-5.3293,-9.7106,-133.8504
21100.3173,-3.5815,-5.3188,-9.7159,-133.9292
21106.1753,-3.5823,-5.3088,-9.7214,-134.0066
21112.0332,-3.5830,-5.2995,-9.7269,-134.0848
21117.8911,-3.5838,-5.2907,-9.7321,-134.1634
21123.7491,-3.5846,-5.2796,-9.7375,-134.2415
21129.6070,-3.5854,-5.2705,-9.7430,-134.3195
21135.4650,-3.5862,-5.2605,-9.7482,-134.3979
21141.3229,-3.5868,-5.2501,-9.7537,-134.4761
21147.1809,-3.5877,-5.2412,-9.7587,-134.5551
21153.0388,-3.5884,-5.2307,-9.7643,-134.6334
21158.8968,-3.5891,-5.2211,-9.7694,-134.7115
21164.7547,-3.5899,-5.2105,-9.7747,-134.7917
21170.6126,-3.5906,-5.2017,-9.7801,-134.8682
21176.4706,-3.5913,-5.1919,-9.7855,-134.9486
21182.3285,-3.5922,-5.1822,-9.7909,-135.0279
21188.1865,-3.5928,-5.1724,-9.7957,-135.1060
21194.0444,-3.5936,-5.1617,-9.8015,-135.1828
21199.9024,-3.5943,-5.1525,-9.8068,-135.2649
21205.7603,-3.5952,-5.1428,-9.8119,-135.3434
21211.6183,-3.5958,-5.1331,-9.8173,-135.4218
21217.4762,-3.5967,-5.1225,-9.8227,-135.5024
21223.3341,-3.5974,-5.1126,-9.8278,-135.5812
21229.1921,-3.5980,-5.1030,-9.8332,-135.6616
21235.0500,-3.5988,-5.0925,-9.8385,-135.7402
21240.9080,-3.5996,-5.0826,-9.8437,-135.8199
21246.7659,-3.6004,-5.0726,-9.8488,-135.8993
21252.6239,-3.6010,-5.0630,-9.8542,-135.9783
21258.4818,-3.6016,-5.0529,-9.8596,-136.0588
21264.3398,-3.6025,-5.0439,-9.8645,-136.1390
21270.1977,-3.6030,-5.0337,-9.8697,-136.2180
21276.0557,-3.6039,-5.0232,-9.8753,-136.2993
21281.9136,-3.6045,-5.0141,-9.8803,-136.3795
21287.7715,-3.6053,-5.0037,-9.8855,-136.4582
21293.6295,-3.6060,-4.9941,-9.8909,-136.5393
21299.4874,-3.6069,-4.9836,-9.8960,-136.6208
21305.3454,-3.6075,-4.9740,-9.9013,-136.7002
21311.2033,-3.6082,-4.9633,-9.9064,-136.7801
21317.0613,-3.6088,-4.9541,-9.9115,-136.8617
21322.9192,-3.6097,-4.9440,-9.9169,-136.9405
21328.7772,-3.6104,-4.9348,-9.9222,-137.0232
21334.6351,-3.6110,-4.9236,-9.9270,-137.1028
21340.4930,-3.6118,-4.9152,-9.9324,-137.1818
21346.3510,-3.6123,-4.9044,-9.9376,-137.2645
21352.2089,-3.6132,-4.8947,-9.9427,-137.3455
21358.0669,-3.6139,-4.8845,-9.9479,-137.4256
21363.9248,-3.6148,-4.8736,-9.9531,-137.5069
21369.7828,-3.6153,-4.8636,-9.9582,-137.5873
21375.6407,-3.6161,-4.8537,-9.9633,-137.6690
21381.4987,-3.6167,-4.8445,-9.9686,-137.7503
21387.3566,-3.6174,-4.8337,-9.9736,-137.8318
21393.2145,-3.6181,-4.8237,-9.9788,-137.9117
21399.0725,-3.6187,-4.8135,-9.9840,-137.9945
21404.9304,-3.6194,-4.8038,-9.9891,-138.0766
21410.7884,-3.6201,-4.7934,-9.9941,-138.1573
21416.6463,-3.6208,-4.7848,-9.9995,-138.2390
21422.5043,-3.6216,-4.7733,-10.0045,-138.3218
21428.3622,-3.6223,-4.7636,-10.0096,-138.4045
21434.2202,-3.6230,-4.7536,-10.0147,-138.4857
21440.0781,-3.6236,-4.7433,-10.0199,-138.5682
21445.9361,-3.6243,-4.7337,-10.0250,-138.6505
21451.7940,-3.6251,-4.7238,-10.0300,-138.7329
21457.6519,-3.6256,-4.7126,-10.0352,-138.8144
21463.5099,-3.6265,-4.7029,-10.0402,-138.8972
21469.3678,-3.6270,-4.6923,-10.0452,-138.9795
21475.2258,-3.6277,-4.6835,-10.0503,-139.0612
21481.0837,-3.6283,-4.6719,-10.0552,-139.1441
21486.9417,-3.6291,-4.6630,-10.0603,-139.2260
21492.7996,-3.6297,-4.6529,-10.0654,-139.3074
21498.6576,-3.6305,-4.6421,-10.0705,-139.3903
21504.5155,-3.6310,-4.6326,-10.0755,-139.4725
21510.3734,-3.6319,-4.6214,-10.0807,-139.5563
21516.2314,-3.6323,-4.6125,-10.0855,-139.6386
21522.0893,-3.6332,-4.6012,-10.0905,-139.7213
21527.9473,-3.6338,-4.5920,-10.0957,-139.8049
21533.8052,-3.6345,-4.5811,-10.1007,-139.8891
21539.6632,-3.6351,-4.5714,-10.1056,-139.9720
21545.5211,-3.6357,-4.5606,-10.1109,-140.0550
21551.3791,-3.6365,-4.5511,-10.1158,-140.1382
21557.2370,-3.6370,-4.5404,-10.1210,-140.2224
21563.0949,-3.6377,-4.5307,-10.1258,-140.3057
21568.9529,-3.6383,-4.5197,-10.1308,-140.3882
21574.8108,-3.6391,-4.5102,-10.1358,-140.4714
21580.6688,-3.6396,-4.5001,-10.1409,-140.5561
21586.5267,-3.6403,-4.4897,-10.1455,-140.6384
21592.3847,-3.6410,-4.4802,-10.1505,-140.7226
21598.2426,-3.6416,-4.4694,-10.1554,-140.8060
21604.1006,-3.6423,-4.4595,-10.1603,-140.8918
21609.9585,-3.6430,-4.4479,-10.1654,-140.9747
21615.8165,-3.6437,-4.4385,-10.1701,-141.0596
21621.6744,-3.6441,-4.4287,-10.1751,-141.1440
21627.5323,-3.6449,-4.4175,-10.1801,-141.2278
21633.3903,-3.6455,-4.4081,-10.1851,-141.3137
21639.2482,-3.6461,-4.3970,-10.1899,-141.3962
21645.1062,-3.6467,-4.3878,-10.1947,-141.4812
21650.9641,-3.6475,-4.3769,-10.1997,-141.5648
21656.8221,-3.6481,-4.3669,-10.2045,-141.6493
21662.6800,-3.6487,-4.3569,-10.2097,-141.7333
21668.5380,-3.6493,-4.3460,-10.2143,-141.8192
21674.3959,-3.6499,-4.3363,-10.2192,-141.9031
21680.2538,-3.6506,-4.3250,-10.2240,-141.9874
21686.1118,-3.6512,-4.3157,-10.2291,-142.0732
21691.9697,-3.6519,-4.3055,-10.2338,-142.1579
21697.8277,-3.6524,-4.2944,-10.2384,-142.2440
21703.6856,-3.6531,-4.2848,-10.2434,-142.3279
21709.5436,-3.6537,-4.2746,-10.2484,-142.4128
21715.4015,-3.6543,-4.2641,-10.2531,-142.4992
21721.2595,-3.6550,-4.2534,-10.2579,-142.5846
21727.1174,-3.6557,-4.2431,-10.2627,-142.6698
21732.9753,-3.6561,-4.2330,-10.2676,-142.7547
21738.8333,-3.6568,-4.2214,-10.2725,-142.8407
21744.6912,-3.6575,-4.2120,-10.2772,-142.9285
21750.5492,-3.6580,-4.2017,-10.2818,-143.0119
21756.4071,-3.6586,-4.1902,-10.2867,-143.0978
21762.2651,-3.6592,-4.1810,-10.2914,-143.1844
21768.1230,-3.6598,-4.1701,-10.2964,-143.2699
21773.9810,-3.6603,-4.1599,-10.3009,-143.3571
21779.8389,-3.6610,-4.1496,-10.3056,-143.4422
21785.6969,-3.6616,-4.1395,-10.3104,-143.5271
21791.5548,-3.6622,-4.1290,-10.3154,-143.6143
21797.4127,-3.6628,-4.1188,-10.3199,-143.6999
21803.2707,-3.6633,-4.1085,-10.3248,-143.7881
21809.1286,-3.6640,-4.0979,-10.3294,-143.8731
21814.9866,-3.6646,-4.0873,-10.3339,-143.9585
21820.8445,-3.6651,-4.0778,-10.3391,-144.0445
21826.7025,-3.6658,-4.0665,-10.3435,-144.1347
21832.5604,-3.6664,-4.0572,-10.3481,-144.2188
21838.4184,-3.6671,-4.0460,-10.3528,-144.3041
21844.2763,-3.6675,-4.0358,-10.3576,-144.3925
21850.1342,-3.6682,-4.0250,-10.3620,-144.4793
21855.9922,-3.6687,-4.0149,-10.3668,-144.5670
21861.8501,-3.6693,-4.0041,-10.3714,-144.6536
21867.7081,-3.6700,-3.9937,-10.3761,-144.7416
21873.5660,-3.6705,-3.9834,-10.3805,-144.8288
21879.4240,-3.6711,-3.9735,-10.3852,-144.9149
21885.2819,-3.6716,-3.9620,-10.3900,-145.0020
21891.1399,-3.6723,-3.9525,-10.3944,-145.0914
21896.9978,-3.6728,-3.9418,-10.3990,-145.1756
21902.8557,-3.6733,-3.9305,-10.4038,-145.2643
21908.7137,-3.6740,-3.9211,-10.4083,-145.3530
21914.5716,-3.6746,-3.9095,-10.4128,-145.4386
21920.4296,-3.6751,-3.8995,-10.4177,-145.5281
21926.2875,-3.6757,-3.8880,-10.4221,-145.6157
21932.1455,-3.6761,-3.8790,-10.4265,-145.7033
21938.0034,-3.6767,-3.8683,-10.4313,-145.7908
21943.8614,-3.6773,-3.8568,-10.4356,-145.8802
21949.7193,-3.6779,-3.8477,-10.4403,-145.9674
21955.5773,-3.6784,-3.8364,-10.4447,-146.0542
21961.4352,-3.6790,-3.8265,-10.4495,-146.1431
21967.2931,-3.6796,-3.8159,-10.4539,-146.2315
21973.1511,-3.6801,-3.8053,-10.4584,-146.3218
21979.0090,-3.6806,-3.7946,-10.4628,-146.4060
21984.8670,-3.6812,-3.7840,-10.4675,-146.4968
21990.7249,-3.6817,-3.7740,-10.4718,-146.5853
21996.5829,-3.6823,-3.7628,-10.4761,-146.6740
22002.4408,-3.6828,-3.7528,-10.4808,-146.7615
22008.2988,-3.6834,-3.7426,-10.4849,-146.8519
22014.1567,-3.6839,-3.7316,-10.4895,-146.9403
22020.0146,-3.6846,-3.7216,-10.4937,-147.0294
22025.8726,-3.6850,-3.7105,-10.4984,-147.1182
22031.7305,-3.6856,-3.6997,-10.5026,-147.2066
22037.5885,-3.6862,-3.6897,-10.5072,-147.2965
22043.4464,-3.6866,-3.6789,-10.5116,-147.3871
22049.3044,-3.6872,-3.6686,-10.5159,-147.4742
22055.1623,-3.6877,-3.6574,-10.5205,-147.5635
22061.0203,-3.6882,-3.6472,-10.5248,-147.6542
22066.8782,-3.6888,-3.6358,-10.5289,-147.7423
22072.7361,-3.6893,-3.6260,-10.5339,-147.8319
22078.5941,-3.6899,-3.6153,-10.5376,-147.9226
22084.4520,-3.6904,-3.6043,-10.5421,-148.0108
22090.3100,-3.6910,-3.5942,-10.5463,-148.0993
22096.1679,-3.6915,-3.5836,-10.5508,-148.1914
22102.0259,-3.6920,-3.5731,-10.5550,-148.2801
22107.8838,-3.6926,-3.5618,-10.5593,-148.3708
22113.7418,-3.6930,-3.5517,-10.5635,-148.4593
22119.5997,-3.6934,-3.5407,-10.5680,-148.5509
22125.4577,-3.6940,-3.5303,-10.5723,-148.6400
22131.3156,-3.6946,-3.5202,-10.5765,-148.7316
22137.1735,-3.6951,-3.5091,-10.5809,-148.8196
22143.0315,-3.6956,-3.4988,-10.5851,-148.9119
22148.8894,-3.6962,-3.4880,-10.5893,-149.0016
22154.7474,-3.6965,-3.4766,-10.5935,-149.0924
22160.6053,-3.6972,-3.4674,-10.5978,-149.1835
22166.4633,-3.6976,-3.4551,-10.6019,-149.2731
22172.3212,-3.6981,-3.4448,-10.6064,-149.3633
22178.1792,-3.6986,-3.4337,-10.6104,-149.4552
22184.0371,-3.6992,-3.4235,-10.6147,-149.5458
22189.8950,-3.6996,-3.4133,-10.6189,-149.6350
22195.7530,-3.7001,-3.4021,-10.6230,-149.7258
22201.6109,-3.7006,-3.3920,-10.6271,-149.8159
22207.4689,-3.7011,-3.3809,-10.6314,-149.9090
22213.3268,-3.7015,-3.3702,-10.6352,-149.9988
22219.1848,-3.7021,-3.3604,-10.6393,-150.0889
22225.0427,-3.7026,-3.3483,-10.6435,-150.1803
22230.9007,-3.7031,-3.3387,-10.6478,-150.2734
22236.7586,-3.7035,-3.3267,-10.6517,-150.3639
22242.6165,-3.7041,-3.3165,-10.6558,-150.4556
22248.4745,-3.7045,-3.3062,-10.6601,-150.5467
22254.3324,-3.7050,-3.2954,-10.6640,-150.6397
22260.1904,-3.7055,-3.2849,-10.6683,-150.7297
22266.0483,-3.7060,-3.2740,-10.6721,-150.8231
22271.9063,-3.7064,-3.2631,-10.6764,-150.9133
22277.7642,-3.7069,-3.2527,-10.6803,-151.0056
22283.6222,-3.7075,-3.2412,-10.6843,-151.0987
22289.4801,-3.7079,-3.2313,-10.6882,-151.1897
22295.3381,-3.7084,-3.2199,-10.6924,-151.2829
22301.1960,-3.7089,-3.2097,-10.6964,-151.3737
22307.0539,-3.7092,-3.1990,-10.7003,-151.4662
22312.9119,-3.7097,-3.1875,-10.7043,-151.5582
22318.7698,-3.7101,-3.1777,-10.7083,-151.6515
22324.6278,-3.7107,-3.1668,-10.7124,-151.7424
22330.4857,-3.7111,-3.1562,-10.7162,-151.8352
22336.3437,-3.7117,-3.1450,-10.7200,-151.9278
22342.2016,-3.7121,-3.1342,-10.7239,-152.0193
22348.0596,-3.7124,-3.1241,-10.7281,-152.1128
22353.9175,-3.7131,-3.1130,-10.7318,-152.2063
22359.7754,-3.7134,-3.1020,-10.7358,-152.2983
22365.6334,-3.7140,-3.0914,-10.7395,-152.3913
22371.4913,-3.7144,-3.0800,-10.7436,-152.4834
22377.3493,-3.7148,-3.0693,-10.7475,-152.5773
22383.2072,-3.7153,-3.0591,-10.7513,-152.6698
22389.0652,-3.7157,-3.0479,-10.7551,-152.7619
22394.9231,-3.7163,-3.0367,-10.7588,-152.8558
22400.7811,-3.7166,-3.0259,-10.7627,-152.9471
22406.6390,-3.7170,-3.0153,-10.7667,-153.0419
22412.4969,-3.7175,-3.0043,-10.7703,-153.1352
22418.3549,-3.7179,-2.9937,-10.7741,-153.2280
22424.2128,-3.7183,-2.9831,-10.7779,-153.3222
22430.0708,-3.7188,-2.9719,-10.7817,-153.4146
22435.9287,-3.7191,-2.9612,-10.7856,-153.5087
22441.7867,-3.7197,-2.9508,-10.7895,-153.6022
22447.6446,-3.7200,-2.9395,-10.7929,-153.6967
22453.5026,-3.7205,-2.9291,-10.7967,-153.7892
22459.3605,-3.7209,-2.9184,-10.8005,-153.8832
22465.2185,-3.7213,-2.9073,-10.8042,-153.9780
22471.0764,-3.7218,-2.8967,-10.8077,-154.0703
22476.9343,-3.7221,-2.8854,-10.8116,-154.1658
22482.7923,-3.7226,-2.8751,-10.8152,-154.2595
22488.6502,-3.7230,-2.8635,-10.8189,-154.3528
22494.5082,-3.7235,-2.8534,-10.8225,-154.4465
22500.3661,-3.7239,-2.8424,-10.8261,-154.5413
22506.2241,-3.7243,-2.8314,-10.8299,-154.6353
22512.0820,-3.7247,-2.8206,-10.8334,-154.7282
22517.9400,-3.7251,-2.8096,-10.8370,-154.8226
22523.7979,-3.7255,-2.7993,-10.8406,-154.9187
22529.6558,-3.7259,-2.7882,-10.8441,-155.0119
22535.5138,-3.7264,-2.7772,-10.8480,-155.1068
22541.3717,-3.7269,-2.7660,-10.8512,-155.2018
22547.2297,-3.7272,-2.7551,-10.8548,-155.2968
22553.0876,-3.7276,-2.7443,-10.8583,-155.3916
22558.9456,-3.7280,-2.7331,-10.8619,-155.4873
22564.8035,-3.7284,-2.7230,-10.8656,-155.5820
22570.6615,-3.7288,-2.7115,-10.8690,-155.6775
22576.5194,-3.7291,-2.7010,-10.8723,-155.7717
22582.3773,-3.7296,-2.6896,-10.8756,-155.8664
22588.2353,-3.7299,-2.6791,-10.8794,-155.9615
22594.0932,-3.7303,-2.6682,-10.8829,-156.0569
22599.9512,-3.7308,-2.6574,-10.8861,-156.1525
22605.8091,-3.7312,-2.6462,-10.8895,-156.2454
22611.6671,-3.7316,-2.6352,-10.8932,-156.3427
22617.5250,-3.7319,-2.6239,-10.8964,-156.4380
22623.3830,-3.7323,-2.6134,-10.8998,-156.5318
22629.2409,-3.7326,-2.6018,-10.9036,-156.6297
22635.0989,-3.7330,-2.5917,-10.9067,-156.7242
22640.9568,-3.7334,-2.5803,-10.9102,-156.8193
22646.8147,-3.7338,-2.5695,-10.9136,-156.9157
22652.6727,-3.7342,-2.5588,-10.9167,-157.0114
22658.5306,-3.7345,-2.5478,-10.9205,-157.1064
22664.3886,-3.7349,-2.5375,-10.9236,-157.2024
22670.2465,-3.7354,-2.5258,-10.9268,-157.2990
22676.1045,-3.7357,-2.5151,-10.9301,-157.3934
22681.9624,-3.7361,-2.5036,-10.9334,-157.4908
22687.8204,-3.7364,-2.4925,-10.9368,-157.5862
22693.6783,-3.7368,-2.4821,-10.9399,-157.6817
22699.5362,-3.7371,-2.4705,-10.9432,-157.7798
22705.3942,-3.7375,-2.4600,-10.9464,-157.8750
22711.2521,-3.7378,-2.4486,-10.9494,-157.9713
22717.1101,-3.7381,-2.4379,-10.9527,-158.0670
22722.9680,-3.7385,-2.4275,-10.9559,-158.1627
22728.8260,-3.7390,-2.4161,-10.9591,-158.2606
22734.6839,-3.7393,-2.4058,-10.9621,-158.3554
22740.5419,-3.7396,-2.3941,-10.9653,-158.4518
22746.3998,-3.7399,-2.3834,-10.9686,-158.5488
22752.2577,-3.7404,-2.3724,-10.9716,-158.6457
22758.1157,-3.7407,-2.3611,-10.9748,-158.7419
22763.9736,-3.7411,-2.3502,-10.9781,-158.8385
22769.8316,-3.7414,-2.3382,-10.9811,-158.9368
22775.6895,-3.7417,-2.3280,-10.9842,-159.0329
22781.5475,-3.7420,-2.3177,-10.9875,-159.1308
22787.4054,-3.7423,-2.3065,-10.9904,-159.2273
22793.2634,-3.7428,-2.2951,-10.9935,-159.3241
22799.1213,-3.7431,-2.2846,-10.9966,-159.4214
22804.9793,-3.7433,-2.2738,-10.9996,-159.5191
22810.8372,-3.7438,-2.2622,-11.0026,-159.6163
22816.6951,-3.7441,-2.2510,-11.0054,-159.7133
22822.5531,-3.7445,-2.2405,-11.0087,-159.8102
22828.4110,-3.7447,-2.2284,-11.0115,-159.9076
22834.2690,-3.7451,-2.2174,-11.0144,-160.0054
22840.1269,-3.7454,-2.2076,-11.0172,-160.1026
22845.9849,-3.7457,-2.1964,-11.0204,-160.2003
22851.8428,-3.7461,-2.1852,-11.0231,-160.2991
22857.7008,-3.7464,-2.1741,-11.0259,-160.3943
22863.5587,-3.7466,-2.1632,-11.0292,-160.4913
22869.4166,-3.7470,-2.1517,-11.0320,-160.5912
22875.2746,-3.7473,-2.1409,-11.0345,-160.6874
22881.1325,-3.7477,-2.1299,-11.0378,-160.7861
22886.9905,-3.7480,-2.1191,-11.0404,-160.8828
22892.8484,-3.7482,-2.1063,-11.0433,-160.9800
22898.7064,-3.7486,-2.0966,-11.0463,-161.0790
22904.5643,-3.7488,-2.0853,-11.0488,-161.1777
22910.4223,-3.7491,-2.0748,-11.0518,-161.2740
22916.2802,-3.7495,-2.0630,-11.0547,-161.3737
22922.1381,-3.7498,-2.0525,-11.0573,-161.4720
22927.9961,-3.7500,-2.0417,-11.0600,-161.5696
22933.8540,-3.7504,-2.0303,-11.0627,-161.6682
22939.7120,-3.7507,-2.0196,-11.0654,-161.7662
22945.5699,-3.7511,-2.0078,-11.0683,-161.8651
22951.4279,-3.7513,-1.9971,-11.0709,-161.9646
22957.2858,-3.7516,-1.9854,-11.0734,-162.0624
22963.1438,-3.7519,-1.9747,-11.0760,-162.1594
22969.0017,-3.7522,-1.9633,-11.0789,-162.2587
22974.8597,-3.7525,-1.9529,-11.0815,-162.3577
22980.7176,-3.7526,-1.9415,-11.0839,-162.4558
22986.5755,-3.7531,-1.9301,-11.0866,-162.5540
22992.4335,-3.7533,-1.9196,-11.0893,-162.6528
22998.2914,-3.7536,-1.9079,-11.0920,-162.7514
23004.1494,-3.7538,-1.8965,-11.0946,-162.8497
23010.0073,-3.7542,-1.8856,-11.0971,-162.9487
23015.8653,-3.7544,-1.8755,-11.0997,-163.0488
23021.7232,-3.7547,-1.8632,-11.1022,-163.1471
23027.5812,-3.7549,-1.8529,-11.1051,-163.2452
23033.4391,-3.7552,-1.8418,-11.1075,-163.3466
23039.2970,-3.7555,-1.8313,-11.1097,-163.4457
23045.1550,-3.7558,-1.8191,-11.1124,-163.5427
23051.0129,-3.7561,-1.8082,-11.1149,-163.6429
23056.8709,-3.7564,-1.7971,-11.1172,-163.7424
23062.7288,-3.7566,-1.7855,-11.1198,-163.8418
23068.5868,-3.7568,-1.7750,-11.1221,-163.9410
23074.4447,-3.7571,-1.7637,-11.1244,-164.0392
23080.3027,-3.7574,-1.7524,-11.1269,-164.1385
23086.1606,-3.7576,-1.7408,-11.1294,-164.2386
23092.0186,-3.7578,-1.7303,-11.1318,-164.3379
23097.8765,-3.7581,-1.7192,-11.1342,-164.4374
23103.7344,-3.7584,-1.7081,-11.1364,-164.5369
23109.5924,-3.7586,-1.6969,-11.1388,-164.6357
23115.4503,-3.7589,-1.6857,-11.1410,-164.7342
23121.3083,-3.7591,-1.6739,-11.1434,-164.8363
23127.1662,-3.7594,-1.6638,-11.1455,-164.9346
23133.0242,-3.7596,-1.6525,-11.1476,-165.0339
23138.8821,-3.7599,-1.6413,-11.1502,-165.1331
23144.7401,-3.7601,-1.6297,-11.1523,-165.2357
23150.5980,-3.7602,-1.6193,-11.1546,-165.3329
23156.4559,-3.7605,-1.6078,-11.1567,-165.4338
23162.3139,-3.7608,-1.5970,-11.1591,-165.5344
23168.1718,-3.7610,-1.5860,-11.1612,-165.6335
23174.0298,-3.7614,-1.5742,-11.1636,-165.7332
23179.8877,-3.7615,-1.5630,-11.1655,-165.8350
23185.7457,-3.7618,-1.5523,-11.1676,-165.9344
23191.6036,-3.7620,-1.5410,-11.1699,-166.0334
23197.4616,-3.7622,-1.5294,-11.1723,-166.1349
23203.3195,-3.7624,-1.5190,-11.1739,-166.2359
23209.1774,-3.7626,-1.5072,-11.1762,-166.3353
23215.0354,-3.7628,-1.4957,-11.1783,-166.4344
23220.8933,-3.7631,-1.4849,-11.1803,-166.5358
23226.7513,-3.7633,-1.4741,-11.1823,-166.6357
23232.6092,-3.7636,-1.4627,-11.1843,-166.7362
23238.4672,-3.7637,-1.4512,-11.1864,-166.8360
23244.3251,-3.7640,-1.4406,-11.1883,-166.9372
23250.1831,-3.7641,-1.4287,-11.1902,-167.0382
23256.0410,-3.7642,-1.4178,-11.1923,-167.1383
23261.8990,-3.7646,-1.4062,-11.1942,-167.2379
23267.7569,-3.7648,-1.3958,-11.1964,-167.3404
23273.6148,-3.7649,-1.3840,-11.1981,-167.4409
23279.4728,-3.7652,-1.3733,-11.1998,-167.5412
23285.3307,-3.7653,-1.3624,-11.2020,-167.6403
23291.1887,-3.7655,-1.3514,-11.2038,-167.7421
23297.0466,-3.7657,-1.3393,-11.2059,-167.8438
23302.9046,-3.7659,-1.3281,-11.2075,-167.9440
23308.7625,-3.7661,-1.3172,-11.2094,-168.0437
23314.6205,-3.7662,-1.3065,-11.2114,-168.1456
23320.4784,-3.7666,-1.2951,-11.2130,-168.2479
23326.3363,-3.7668,-1.2843,-11.2148,-168.3467
23332.1943,-3.7670,-1.2727,-11.2165,-168.4471
23338.0522,-3.7671,-1.2611,-11.2183,-168.5500
23343.9102,-3.7673,-1.2499,-11.2202,-168.6515
23349.7681,-3.7675,-1.2390,-11.2215,-168.7526
23355.6261,-3.7677,-1.2272,-11.2234,-168.8514
23361.4840,-3.7679,-1.2165,-11.2253,-168.9547
23367.3420,-3.7681,-1.2048,-11.2268,-169.0567
23373.1999,-3.7682,-1.1944,-11.2285,-169.1542
23379.0578,-3.7685,-1.1827,-11.2304,-169.2584
23384.9158,-3.7686,-1.1718,-11.2318,-169.3577
23390.7737,-3.7687,-1.1600,-11.2335,-169.4604
23396.6317,-3.7689,-1.1492,-11.2352,-169.5615
23402.4896,-3.7690,-1.1379,-11.2363,-169.6616
23408.3476,-3.7692,-1.1266,-11.2386,-169.7622
23414.2055,-3.7695,-1.1155,-11.2398,-169.8645
23420.0635,-3.7696,-1.1049,-11.2415,-169.9684
23425.9214,-3.7697,-1.0928,-11.2428,-170.0660
23431.7794,-3.7699,-1.0819,-11.2446,-170.1688
23437.6373,-3.7701,-1.0706,-11.2461,-170.2706
23443.4952,-3.7702,-1.0596,-11.2474,-170.3738
23449.3532,-3.7703,-1.0476,-11.2492,-170.4736
23455.2111,-3.7706,-1.0373,-11.2506,-170.5765
23461.0691,-3.7706,-1.0259,-11.2520,-170.6789
23466.9270,-3.7707,-1.0143,-11.2532,-170.7802
23472.7850,-3.7709,-1.0030,-11.2549,-170.8803
23478.6429,-3.7711,-0.9926,-11.2561,-170.9843
23484.5009,-3.7713,-0.9805,-11.2573,-171.0838
23490.3588,-3.7715,-0.9694,-11.2588,-171.1862
23496.2167,-3.7715,-0.9580,-11.2602,-171.2882
23502.0747,-3.7717,-0.9470,-11.2614,-171.3897
23507.9326,-3.7717,-0.9359,-11.2629,-171.4917
23513.7906,-3.7721,-0.9247,-11.2641,-171.5933
23519.6485,-3.7721,-0.9130,-11.2656,-171.6952
23525.5065,-3.7723,-0.9014,-11.2668,-171.7968
23531.3644,-3.7723,-0.8912,-11.2681,-171.8992
23537.2224,-3.7724,-0.8801,-11.2693,-172.0007
23543.0803,-3.7726,-0.8686,-11.2705,-172.1031
23548.9382,-3.7729,-0.8573,-11.2719,-172.2038
23554.7962,-3.7728,-0.8460,-11.2731,-172.3067
23560.6541,-3.7730,-0.8341,-11.2741,-172.4085
23566.5121,-3.7732,-0.8238,-11.2756,-172.5105
23572.3700,-3.7733,-0.8121,-11.2767,-172.6129
23578.2280,-3.7734,-0.8010,-11.2777,-172.7148
23584.0859,-3.7736,-0.7885,-11.2788,-172.8164
23589.9439,-3.7737,-0.7783,-11.2799,-172.9200
23595.8018,-3.7737,-0.7667,-11.2809,-173.0212
23601.6598,-3.7738,-0.7554,-11.2819,-173.1240
23607.5177,-3.7740,-0.7443,-11.2831,-173.2248
23613.3756,-3.7740,-0.7331,-11.2841,-173.3286
23619.2336,-3.7741,-0.7217,-11.2850,-173.4294
23625.0915,-3.7743,-0.7107,-11.2860,-173.5328
23630.9495,-3.7743,-0.6991,-11.2871,-173.6343
23636.8074,-3.7744,-0.6881,-11.2881,-173.7364
23642.6654,-3.7745,-0.6765,-11.2890,-173.8391
23648.5233,-3.7747,-0.6658,-11.2900,-173.9417
23654.3813,-3.7748,-0.6546,-11.2910,-174.0439
23660.2392,-3.7748,-0.6430,-11.2919,-174.1464
23666.0971,-3.7750,-0.6321,-11.2929,-174.2488
23671.9551,-3.7750,-0.6207,-11.2937,-174.3515
23677.8130,-3.7752,-0.6096,-11.2948,-174.4525
23683.6710,-3.7753,-0.5981,-11.2955,-174.5565
23689.5289,-3.7753,-0.5864,-11.2960,-174.6582
23695.3869,-3.7754,-0.5752,-11.2972,-174.7596
23701.2448,-3.7754,-0.5640,-11.2980,-174.8640
23707.1028,-3.7756,-0.5529,-11.2985,-174.9652
23712.9607,-3.7756,-0.5417,-11.2994,-175.0679
23718.8186,-3.7757,-0.5301,-11.3001,-175.1710
23724.6766,-3.7758,-0.5191,-11.3009,-175.2733
23730.5345,-3.7758,-0.5080,-11.3017,-175.3763
23736.3925,-3.7760,-0.4962,-11.3022,-175.4792
23742.2504,-3.7761,-0.4858,-11.3031,-175.5804
23748.1084,-3.7761,-0.4742,-11.3036,-175.6845
23753.9663,-3.7761,-0.4627,-11.3045,-175.7861
23759.8243,-3.7762,-0.4517,-11.3048,-175.8893
23765.6822,-3.7763,-0.4409,-11.3056,-175.9910
23771.5402,-3.7763,-0.4294,-11.3061,-176.0938
23777.3981,-3.7764,-0.4178,-11.3070,-176.1970
23783.2560,-3.7765,-0.4068,-11.3073,-176.2989
23789.1140,-3.7765,-0.3956,-11.3080,-176.4023
23794.9719,-3.7767,-0.3842,-11.3087,-176.5041
23800.8299,-3.7767,-0.3729,-11.3092,-176.6087
23806.6878,-3.7769,-0.3615,-11.3096,-176.7098
23812.5458,-3.7768,-0.3494,-11.3101,-176.8133
23818.4037,-3.7769,-0.3386,-11.3107,-176.9158
23824.2617,-3.7769,-0.3281,-11.3110,-177.0183
23830.1196,-3.7770,-0.3162,-11.3114,-177.1223
23835.9775,-3.7770,-0.3053,-11.3119,-177.2242
23841.8355,-3.7772,-0.2932,-11.3123,-177.3271
23847.6934,-3.7770,-0.2825,-11.3128,-177.4304
23853.5514,-3.7772,-0.2705,-11.3129,-177.5334
23859.4093,-3.7772,-0.2597,-11.3136,-177.6345
23865.2673,-3.7773,-0.2483,-11.3141,-177.7379
23871.1252,-3.7773,-0.2365,-11.3143,-177.8416
23876.9832,-3.7772,-0.2251,-11.3148,-177.9420
23882.8411,-3.7773,-0.2139,-11.3151,-178.0466
23888.6990,-3.7772,-0.2030,-11.3153,-178.1479
23894.5570,-3.7773,-0.1913,-11.3158,-178.2515
23900.4149,-3.7774,-0.1804,-11.3159,-178.3552
23906.2729,-3.7773,-0.1687,-11.3163,-178.4556
23912.1308,-3.7774,-0.1583,-11.3165,-178.5604
23917.9888,-3.7774,-0.1465,-11.3164,-178.6639
23923.8467,-3.7775,-0.1361,-11.3167,-178.7658
23929.7047,-3.7774,-0.1240,-11.3171,-178.8689
23935.5626,-3.7775,-0.1132,-11.3168,-178.9711
23941.4206,-3.7775,-0.1011,-11.3171,-179.0750
23947.2785,-3.7776,-0.0907,-11.3173,-179.1773
23953.1364,-3.7775,-0.0791,-11.3174,-179.2806
23958.9944,-3.7776,-0.0678,-11.3175,-179.3824
23964.8523,-3.7776,-0.0562,-11.3176,-179.4875
23970.7103,-3.7775,-0.0450,-11.3177,-179.5875
23976.5682,-3.7775,-0.0334,-11.3180,-179.6913
23982.4262,-3.7776,-0.0224,-11.3179,-179.7951
23988.2841,-3.7776,-0.0115,-11.3179,-179.8963
23994.1421,-3.7776,0.0000,-11.3183,180.0000